POLYID,POLYTYPE,YRSOURCE,SOURCE,OYRORG,OSPCOMP,OLEADSPC,OAGE,MGMTCON1,MGMTCON2,MGMTCON3,source_fid,geometry_repaired,area_ha,duplicate_polyid,forest,age,age_valid,age_flag,age_band,age_ge_60,age_ge_80,age_ge_90,age_ge_100
182604990-022882,FOR,2007,DIGITALP,1937,Ab  30Cw  30Pb  10Bf  10Sw  10La  10,Ab,70,SOIL,NONE,NONE,66785,False,1.4126637286176924,False,True,70,True,usable,61–80,True,False,False,False
182654990-120083,WAT,2007,DIGITALA,0,,,0,NONE,NONE,NONE,66786,False,0.45827217318284413,False,False,0,False,not_FOR,Excluded / non-forest,False,False,False,False
182654990-134125,UCL,2007,DIGITALP,0,,,0,NONE,NONE,NONE,66787,False,2.590918694181318,False,False,0,False,not_FOR,Excluded / non-forest,False,False,False,False
826999028,WAT,2007,DIGITALA,0,,,0,NONE,NONE,NONE,66788,False,1.1505287442939713,False,False,0,False,not_FOR,Excluded / non-forest,False,False,False,False
182654990-120085,WAT,2007,DIGITALA,0,,,0,NONE,NONE,NONE,66789,False,0.7091157256946552,False,False,0,False,not_FOR,Excluded / non-forest,False,False,False,False
826999041,OMS,2007,DIGITALP,0,,,0,NONE,NONE,NONE,66790,False,1.9523249551077912,False,False,0,False,not_FOR,Excluded / non-forest,False,False,False,False
826999027,WAT,2007,DIGITALA,0,,,0,NONE,NONE,NONE,66791,False,0.9123670438883396,False,False,0,False,not_FOR,Excluded / non-forest,False,False,False,False
182654990-023156,OMS,2007,DIGITALP,0,,,0,NONE,NONE,NONE,66792,False,0.19569380973409878,False,False,0,False,not_FOR,Excluded / non-forest,False,False,False,False
182654990-024394,FOR,2007,DIGITALP,1927,Or  70Iw  10Be  10Mh  10,Or,80,NONE,NONE,NONE,66793,False,12.74023687901419,False,True,80,True,usable,61–80,True,True,False,False
182654990-024694,FOR,2007,DIGITALP,1917,Mh  30Bd  20Mr  20Aw  10Be  10Or  10,Mh,90,NONE,NONE,NONE,66794,False,12.429274553725715,False,True,90,True,usable,81–100,True,True,True,False
182654990-024553,RCK,2007,DIGITALP,0,,,0,NONE,NONE,NONE,66795,False,4.392731156061194,False,False,0,False,not_FOR,Excluded / non-forest,False,False,False,False
182654990-022726,OMS,2007,DIGITALP,0,,,0,NONE,NONE,NONE,66796,False,0.6412572827968452,False,False,0,False,not_FOR,Excluded / non-forest,False,False,False,False
182654990-024216,FOR,2007,DIGITALP,1927,Mh  30Bd  20Mr  20Aw  10PO  10Or  10,Mh,80,NONE,NONE,NONE,66797,False,17.863194869266596,False,True,80,True,usable,61–80,True,True,False,False
182654990-024217,FOR,2007,DIGITALP,1917,Mh  50Bd  20Mr  10Aw  10Or  10,Mh,90,NONE,NONE,NONE,66798,False,15.683240879176843,False,True,90,True,usable,81–100,True,True,True,False
182654990-023163,OMS,2007,DIGITALP,0,,,0,NONE,NONE,NONE,66799,False,1.0987756626557579,False,False,0,False,not_FOR,Excluded / non-forest,False,False,False,False
182654990-024695,FOR,2007,DIGITALP,1917,Mr  20Bd  10Mh  10Aw  10Bf  10He  10Sw  10Bw  10Pb  10,Mr,90,NONE,NONE,NONE,66801,False,2.833251422948762,False,True,90,True,usable,81–100,True,True,True,False
182654990-024696,FOR,2007,SUPINFO,1972,Pr 100,Pr,35,NONE,NONE,NONE,66802,False,4.504097273866518,False,True,35,True,usable,21–40,False,False,False,False
182654990-026617,FOR,2007,DIGITALP,1917,Or  50Mr  20Mh  10Iw  10Bd  10,Or,90,NONE,NONE,NONE,66803,False,10.768970607795957,False,True,90,True,usable,81–100,True,True,True,False
182654990-022887,OMS,2007,DIGITALP,0,,,0,NONE,NONE,NONE,66804,False,0.45834024651432875,False,False,0,False,not_FOR,Excluded / non-forest,False,False,False,False
182654990-120095,WAT,2007,DIGITALA,0,,,0,NONE,NONE,NONE,66805,False,12.796030644328432,False,False,0,False,not_FOR,Excluded / non-forest,False,False,False,False
182654990-023179,OMS,2007,DIGITALP,0,,,0,NONE,NONE,NONE,66806,False,2.8723209878195566,False,False,0,False,not_FOR,Excluded / non-forest,False,False,False,False
182654990-026022,FOR,2007,DIGITALP,1917,Mh  20Bd  20Aw  20Mr  10Or  10Bw  10He  10,Mh,90,NONE,NONE,NONE,66807,False,12.090534341528219,False,True,90,True,usable,81–100,True,True,True,False
182654990-120100,WAT,2007,DIGITALA,0,,,0,NONE,NONE,NONE,66808,False,7.073620702282977,False,False,0,False,not_FOR,Excluded / non-forest,False,False,False,False
182654990-024697,FOR,2007,DIGITALP,1917,Mh  30Mr  20Bd  20Or  10Aw  10PO  10,Mh,90,NONE,NONE,NONE,66809,False,14.004592550559906,False,True,90,True,usable,81–100,True,True,True,False
182654990-023246,OMS,2007,DIGITALP,0,,,0,NONE,NONE,NONE,66810,False,1.3600852983163634,False,False,0,False,not_FOR,Excluded / non-forest,False,False,False,False
182654990-024691,FOR,2007,DIGITALP,1917,Or  60Mr  10Mh  10Iw  10Bd  10,Or,90,NONE,NONE,NONE,66811,False,30.48929242504648,False,True,90,True,usable,81–100,True,True,True,False
182654990-026023,FOR,2007,DIGITALP,1927,Or  60Mh  10Mr  10Be  10Iw  10,Or,80,NONE,NONE,NONE,66813,False,13.698770640960953,False,True,80,True,usable,61–80,True,True,False,False
182654990-024377,FOR,2007,DIGITALP,1937,Mh  60Bd  10Mr  10Aw  10Iw  10,Mh,70,NONE,NONE,NONE,66814,False,14.78889120616524,False,True,70,True,usable,61–80,True,False,False,False
182654990-140574,ISL,2007,DIGITALA,0,,,0,ISLD,NONE,NONE,66815,False,0.5588758002336064,False,False,0,False,not_FOR,Excluded / non-forest,False,False,False,False
182654990-024692,FOR,2007,DIGITALP,1927,Mh  40Bd  20Aw  20Mr  20,Mh,80,NONE,NONE,NONE,66816,False,11.435500953006553,False,True,80,True,usable,61–80,True,True,False,False
182654990-023973,FOR,2007,DIGITALP,1907,Bd  30Mh  20Mr  20Aw  10Bw  10Or  10,Bd,100,NONE,NONE,NONE,66817,False,17.77801542181153,False,True,100,True,usable,81–100,True,True,True,True
826999026,WAT,2007,DIGITALA,0,,,0,NONE,NONE,NONE,66818,False,4.770304823022386,False,False,0,False,not_FOR,Excluded / non-forest,False,False,False,False
182654990-023316,OMS,2007,DIGITALP,0,,,0,NONE,NONE,NONE,66819,False,0.25317251249658995,False,False,0,False,not_FOR,Excluded / non-forest,False,False,False,False
182654990-023322,OMS,2007,DIGITALP,0,,,0,NONE,NONE,NONE,66820,False,0.2212482857909702,False,False,0,False,not_FOR,Excluded / non-forest,False,False,False,False
182654990-026025,OMS,2007,DIGITALP,0,,,0,NONE,NONE,NONE,66821,False,1.07693985804812,False,False,0,False,not_FOR,Excluded / non-forest,False,False,False,False
182654990-024395,FOR,2007,DIGITALP,1927,Bd  30Mr  20Mh  20Aw  20PO  10,Bd,80,NONE,NONE,NONE,66822,False,14.692334641272543,False,True,80,True,usable,61–80,True,True,False,False
182654990-022713,FOR,2007,DIGITALP,1927,Mh  20Bd  20Or  20Aw  10Mr  10He  10Iw  10,Mh,80,NONE,NONE,NONE,66823,False,24.53433259592118,False,True,80,True,usable,61–80,True,True,False,False
182654990-026020,FOR,2007,DIGITALP,1917,Mh  60Bd  10Mr  10Aw  10Iw  10,Mh,90,NONE,NONE,NONE,66824,False,27.117581196825856,False,True,90,True,usable,81–100,True,True,True,False
826999029,OMS,2007,DIGITALP,0,,,0,NONE,NONE,NONE,66825,False,4.666778738356436,False,False,0,False,not_FOR,Excluded / non-forest,False,False,False,False
182654990-026024,FOR,2007,DIGITALP,1937,Bd  20Mr  20Mh  20Aw  20PO  10Be  10,Bd,70,NONE,NONE,NONE,66826,False,9.20804614788056,False,True,70,True,usable,61–80,True,False,False,False
182654990-024675,OMS,2007,DIGITALP,0,,,0,NONE,NONE,NONE,66827,False,0.6642188987914069,False,False,0,False,not_FOR,Excluded / non-forest,False,False,False,False
182654990-023972,OMS,2007,DIGITALP,0,,,0,NONE,NONE,NONE,66829,False,2.11777306831545,False,False,0,False,not_FOR,Excluded / non-forest,False,False,False,False
182654990-120128,WAT,2007,DIGITALA,0,,,0,NONE,NONE,NONE,66830,False,14.959471354427835,False,False,0,False,not_FOR,Excluded / non-forest,False,False,False,False
182604990-023307,OMS,2007,DIGITALP,0,,,0,NONE,NONE,NONE,66831,False,1.6522097211852724,False,False,0,False,not_FOR,Excluded / non-forest,False,False,False,False
182654990-024379,FOR,2007,DIGITALP,1917,Mh  60Bd  10Mr  10Aw  10Iw  10,Mh,90,NONE,NONE,NONE,66832,False,37.12543263399031,False,True,90,True,usable,81–100,True,True,True,False
182654990-022587,FOR,2007,DIGITALP,1937,Bd  20Or  20Aw  10Mr  10PO  10He  10Mh  10Iw  10,Bd,70,ROCK,STEP,NONE,66833,False,6.9885002510591425,False,True,70,True,usable,61–80,True,False,False,False
182654990-024393,FOR,2007,DIGITALP,1927,Or  70Iw  10Bd  10Mh  10,Or,80,NONE,NONE,NONE,66834,False,60.09927198133792,False,True,80,True,usable,61–80,True,True,False,False
182604990-025520,FOR,2007,DIGITALP,1917,Mh  30Or  10Bd  10Mr  10PO  10Bw  10Aw  10Iw  10,Mh,90,NONE,NONE,NONE,66835,False,5.415262531069307,False,True,90,True,usable,81–100,True,True,True,False
182654990-023310,OMS,2007,DIGITALP,0,,,0,NONE,NONE,NONE,66836,False,0.5112926214758089,False,False,0,False,not_FOR,Excluded / non-forest,False,False,False,False
826999025,WAT,2007,DIGITALA,0,,,0,NONE,NONE,NONE,66837,False,3.0301583138067465,False,False,0,False,not_FOR,Excluded / non-forest,False,False,False,False
182654990-023037,FOR,2007,DIGITALP,1957,Mr  20Bw  20PO  20Mh  10Bd  10Aw  10Bf  10,Mr,50,NONE,NONE,NONE,66838,False,24.535803905114815,False,True,50,True,usable,41–60,False,False,False,False
182654990-024693,FOR,2007,DIGITALP,1917,Bd  20Mr  20Mh  20Aw  20PO  10By  10,Bd,90,NONE,NONE,NONE,66841,False,10.71501396379483,False,True,90,True,usable,81–100,True,True,True,False
182654990-023036,FOR,2007,DIGITALP,1937,Cw  40Bf  20Sw  20Mr  10Bw  10,Cw,70,NONE,NONE,NONE,66842,False,7.2247887399326105,False,True,70,True,usable,61–80,True,False,False,False
182654990-023975,FOR,2007,DIGITALP,1927,Mh  40Bd  20Aw  20Mr  20,Mh,80,NONE,NONE,NONE,66843,False,11.430938824177465,False,True,80,True,usable,61–80,True,True,False,False
826999032,WAT,2007,DIGITALA,0,,,0,NONE,NONE,NONE,66844,False,0.14223737285007837,False,False,0,False,not_FOR,Excluded / non-forest,False,False,False,False
182654990-022801,FOR,2007,DIGITALP,1947,Bw  20Mr  20Mh  20PO  10Bf  10He  10Bd  10,Bw,60,NONE,NONE,NONE,66845,False,7.029359115860388,False,True,60,True,usable,41–60,True,False,False,False
182654990-023974,FOR,2007,DIGITALP,1907,Bd  30Mr  30Aw  20Mh  10Sw  10,Bd,100,NONE,NONE,NONE,66846,False,13.102243106066883,False,True,100,True,usable,81–100,True,True,True,True
826999033,ISL,2007,DIGITALA,0,,,0,ISLD,NONE,NONE,66847,False,0.16059993856135135,False,False,0,False,not_FOR,Excluded / non-forest,False,False,False,False
182654990-024677,FOR,2007,DIGITALP,1907,Mh  40Bd  20Aw  20Mr  20,Mh,100,NONE,NONE,NONE,66848,False,16.434404866157752,False,True,100,True,usable,81–100,True,True,True,True
182654990-022904,FOR,2007,DIGITALP,1927,Mh  40Bd  10Mr  10Aw  10By  10He  10PO  10,Mh,80,NONE,NONE,NONE,66849,False,15.722914272198185,False,True,80,True,usable,61–80,True,True,False,False
182654990-022984,FOR,2007,DIGITALP,1907,Mh  60Mr  20Bd  10Aw  10,Mh,100,NONE,NONE,NONE,66850,False,22.569686033621938,False,True,100,True,usable,81–100,True,True,True,True
826999034,WAT,2007,DIGITALA,0,,,0,NONE,NONE,NONE,66851,False,0.44738879605578485,False,False,0,False,not_FOR,Excluded / non-forest,False,False,False,False
182654990-022883,FOR,2007,DIGITALP,1907,Mh  60Mr  20Bd  10Cb  10,Mh,100,NONE,NONE,NONE,66853,False,18.485303148521318,False,True,100,True,usable,81–100,True,True,True,True
826999023,WAT,2007,DIGITALA,0,,,0,NONE,NONE,NONE,66854,False,2.1313685374323903,False,False,0,False,not_FOR,Excluded / non-forest,False,False,False,False
182654990-023396,OMS,2007,DIGITALP,0,,,0,NONE,NONE,NONE,66855,False,1.1829551709926829,False,False,0,False,not_FOR,Excluded / non-forest,False,False,False,False
182604990-022803,FOR,2007,DIGITALP,1917,Mh  40Bd  20Or  10Mr  10Aw  10Iw  10,Mh,90,NONE,NONE,NONE,66856,False,10.79106831247151,False,True,90,True,usable,81–100,True,True,True,False
182654990-026484,FOR,2007,DIGITALP,1917,Mh  30Bd  20Or  10Mr  10Aw  10Be  10He  10,Mh,90,NONE,NONE,NONE,66857,False,39.88950873915822,False,True,90,True,usable,81–100,True,True,True,False
182654990-023176,FOR,2007,DIGITALP,1957,PO  40Bw  20Mr  20Mh  10Bf  10,PO,50,NONE,NONE,NONE,66858,False,18.009402146569666,False,True,50,True,usable,41–60,False,False,False,False
182654990-120143,WAT,2007,DIGITALA,0,,,0,NONE,NONE,NONE,66859,False,5.001019897432848,False,False,0,False,not_FOR,Excluded / non-forest,False,False,False,False
182654990-023021,OMS,2007,DIGITALP,0,,,0,NONE,NONE,NONE,66860,False,0.4774795478411792,False,False,0,False,not_FOR,Excluded / non-forest,False,False,False,False
182654990-022596,OMS,2007,DIGITALP,0,,,0,NONE,NONE,NONE,66861,False,2.116954110402672,False,False,0,False,not_FOR,Excluded / non-forest,False,False,False,False
182654990-023673,FOR,2007,DIGITALP,1927,Mh  20Mr  20Bd  20Aw  20He  10Sw  10,Mh,80,NONE,NONE,NONE,66862,False,23.40421282475736,False,True,80,True,usable,61–80,True,True,False,False
182654990-134157,UCL,2007,DIGITALP,0,,,0,NONE,NONE,NONE,66863,False,6.082861559609071,False,False,0,False,not_FOR,Excluded / non-forest,False,False,False,False
182654990-120146,WAT,2007,DIGITALA,0,,,0,NONE,NONE,NONE,66864,False,1.6810880923155564,False,False,0,False,not_FOR,Excluded / non-forest,False,False,False,False
826999024,WAT,2007,DIGITALA,0,,,0,NONE,NONE,NONE,66865,False,0.3080485547219751,False,False,0,False,not_FOR,Excluded / non-forest,False,False,False,False
182654990-023022,OMS,2007,DIGITALP,0,,,0,NONE,NONE,NONE,66866,False,2.3401382502681733,False,False,0,False,not_FOR,Excluded / non-forest,False,False,False,False
182654990-023387,FOR,2007,DIGITALP,1927,Mh  20Mr  20Bd  20Aw  20He  10Cb  10,Mh,80,NONE,NONE,NONE,66867,False,15.492862010539355,False,True,80,True,usable,61–80,True,True,False,False
182654990-120154,WAT,2007,DIGITALA,0,,,0,NONE,NONE,NONE,66868,False,9.11121048274884,False,False,0,False,not_FOR,Excluded / non-forest,False,False,False,False
182654990-120155,WAT,2007,DIGITALA,0,,,0,NONE,NONE,NONE,66869,False,6.182833872627834,False,False,0,False,not_FOR,Excluded / non-forest,False,False,False,False
182654990-024378,FOR,2007,DIGITALP,1917,Mh  40Bd  20Or  10Mr  10Aw  10Iw  10,Mh,90,NONE,NONE,NONE,66870,False,24.486487479321088,False,True,90,True,usable,81–100,True,True,True,False
182654990-023671,FOR,2007,DIGITALP,1917,Mh  20Mr  20Bd  20Aw  20He  10Bn  10,Mh,90,NONE,NONE,NONE,66871,False,16.21971067692724,False,True,90,True,usable,81–100,True,True,True,False
182654990-023676,FOR,2007,DIGITALP,1907,Mh  30Mr  20Bd  20Aw  20PO  10,Mh,100,NONE,NONE,NONE,66873,False,23.89808869013485,False,True,100,True,usable,81–100,True,True,True,True
182604990-024355,FOR,2007,DIGITALP,1917,PO  40Bw  20Mh  10Mr  10He  10Sw  10,PO,90,NONE,NONE,NONE,66874,False,7.644550011696721,False,True,90,True,usable,81–100,True,True,True,False
182654990-022947,FOR,2007,DIGITALP,1927,Mh  20Bd  20Or  20Mr  10Aw  10Iw  10PO  10,Mh,80,NONE,NONE,NONE,66875,False,6.996521990821771,False,True,80,True,usable,61–80,True,True,False,False
182654990-023674,FOR,2007,DIGITALP,1927,Mh  20Mr  20Bd  20Aw  20He  10PO  10,Mh,80,NONE,NONE,NONE,66876,False,7.971984732076915,False,True,80,True,usable,61–80,True,True,False,False
182654990-023231,FOR,2007,DIGITALP,1917,Mh  30Bd  20Mr  20Aw  10Sw  10He  10,Mh,90,NONE,NONE,NONE,66877,False,22.941330105866356,False,True,90,True,usable,81–100,True,True,True,False
182654990-023414,FOR,2007,DIGITALP,1917,Mh  60Mr  20Bd  10Aw  10,Mh,90,NONE,NONE,NONE,66878,False,25.51591150516459,False,True,90,True,usable,81–100,True,True,True,False
182654990-023677,FOR,2007,DIGITALP,1907,Mh  20Mr  20Bd  20Cb  10Be  10He  10Aw  10,Mh,100,NONE,NONE,NONE,66879,False,23.67519696024731,False,True,100,True,usable,81–100,True,True,True,True
182654990-023232,FOR,2007,DIGITALP,1897,Mh  70Bd  10Mr  10Aw  10,Mh,110,NONE,NONE,NONE,66880,False,11.365179759259727,False,True,110,True,usable,101–150,True,True,True,True
182654990-134165,UCL,2007,DIGITALP,0,,,0,NONE,NONE,NONE,66881,False,3.201223081112117,False,False,0,False,not_FOR,Excluded / non-forest,False,False,False,False
182604990-024409,FOR,2007,DIGITALP,1917,Mh  50Or  30Bd  10Mr  10,Mh,90,NONE,NONE,NONE,66882,False,0.05374153579450109,False,True,90,True,usable,81–100,True,True,True,False
826999021,WAT,2007,DIGITALA,0,,,0,NONE,NONE,NONE,66883,False,3.035999365404458,False,False,0,False,not_FOR,Excluded / non-forest,False,False,False,False
182654990-022948,FOR,2007,DIGITALP,1897,Mh  30Bd  20Mr  20Aw  10By  10He  10,Mh,110,NONE,NONE,NONE,66884,False,11.286299693713628,False,True,110,True,usable,101–150,True,True,True,True
182654990-120173,WAT,2007,DIGITALA,0,,,0,NONE,NONE,NONE,66885,False,38.008901709151495,False,False,0,False,not_FOR,Excluded / non-forest,False,False,False,False
182654990-022696,FOR,2007,DIGITALP,1907,Mh  20Mr  20Bd  20Aw  20Cb  10PO  10,Mh,100,NONE,NONE,NONE,66886,False,15.441684026662127,False,True,100,True,usable,81–100,True,True,True,True
182654990-022563,OMS,2007,DIGITALP,0,,,0,NONE,NONE,NONE,66887,False,1.059445833985902,False,False,0,False,not_FOR,Excluded / non-forest,False,False,False,False
182654990-023670,FOR,2007,DIGITALP,1907,Mh  60Mr  20Bd  10Aw  10,Mh,100,NONE,NONE,NONE,66888,False,37.62371108076932,False,True,100,True,usable,81–100,True,True,True,True
182654990-120177,WAT,2007,DIGITALA,0,,,0,NONE,NONE,NONE,66889,False,67.00792799149791,False,False,0,False,not_FOR,Excluded / non-forest,False,False,False,False
826999020,WAT,2007,DIGITALA,0,,,0,NONE,NONE,NONE,66890,False,1.7567964699722634,False,False,0,False,not_FOR,Excluded / non-forest,False,False,False,False
826999038,ISL,2007,DIGITALA,0,,,0,ISLD,NONE,NONE,66891,False,0.19542095193471773,False,False,0,False,not_FOR,Excluded / non-forest,False,False,False,False
182654990-022949,FOR,2007,DIGITALP,1917,Mh  30Mr  20Bd  20Aw  10PO  10Be  10,Mh,90,NONE,NONE,NONE,66892,False,19.110823616372514,False,True,90,True,usable,81–100,True,True,True,False
182654990-022599,FOR,2007,DIGITALP,1917,Mr  20Bd  20Aw  20PO  20Mh  10Pw  10,Mr,90,NONE,NONE,NONE,66893,False,14.015936980308842,False,True,90,True,usable,81–100,True,True,True,False
826999019,WAT,2007,DIGITALA,0,,,0,NONE,NONE,NONE,66894,False,2.1434704630083585,False,False,0,False,not_FOR,Excluded / non-forest,False,False,False,False
182654990-134177,UCL,2007,DIGITALP,0,,,0,NONE,NONE,NONE,66895,False,14.877062930856665,False,False,0,False,not_FOR,Excluded / non-forest,False,False,False,False
182654990-022952,OMS,2007,DIGITALP,0,,,0,NONE,NONE,NONE,66896,False,1.2010290514190476,False,False,0,False,not_FOR,Excluded / non-forest,False,False,False,False
182654990-023144,FOR,2007,DIGITALP,1947,Bf  50Sb  20Cw  20Bw  10,Bf,60,NONE,NONE,NONE,66897,False,6.742493976695873,False,True,60,True,usable,41–60,True,False,False,False
182654990-023033,FOR,2007,DIGITALP,1897,Mh  60Mr  20Bd  10Aw  10,Mh,110,NONE,NONE,NONE,66898,False,16.221975409650664,False,True,110,True,usable,101–150,True,True,True,True
826999016,WAT,2007,DIGITALA,0,,,0,NONE,NONE,NONE,66899,False,0.9377516290892507,False,False,0,False,not_FOR,Excluded / non-forest,False,False,False,False
826999018,WAT,2007,DIGITALA,0,,,0,NONE,NONE,NONE,66900,False,0.4615017690081241,False,False,0,False,not_FOR,Excluded / non-forest,False,False,False,False
182654990-023388,FOR,2007,DIGITALP,1917,Mh  30Mr  20Bd  20PO  20Aw  10,Mh,90,NONE,NONE,NONE,66901,False,23.92059349444914,False,True,90,True,usable,81–100,True,True,True,False
182654990-022950,FOR,2007,DIGITALP,1897,Mh  40Mr  20Bd  20Cb  10Aw  10,Mh,110,NONE,NONE,NONE,66902,False,18.885476500645503,False,True,110,True,usable,101–150,True,True,True,True
182654990-022835,FOR,2007,DIGITALP,1917,Mr  30Mh  20Bd  20Aw  10PO  10Sw  10,Mr,90,NONE,NONE,NONE,66903,False,21.520948800062737,False,True,90,True,usable,81–100,True,True,True,False
826999017,WAT,2007,DIGITALA,0,,,0,NONE,NONE,NONE,66904,False,0.19504784919685234,False,False,0,False,not_FOR,Excluded / non-forest,False,False,False,False
182654990-024067,FOR,2007,DIGITALP,1995,Bw  40Ab  20Bf  10Mr  10Sw  10PO  10,Bw,12,NONE,NONE,NONE,66905,False,9.808750238801489,False,True,12,True,usable,1–20,False,False,False,False
182654990-023669,FOR,2007,DIGITALP,1927,Mh  20Mr  20Aw  20Bw  20Bd  10PO  10,Mh,80,NONE,NONE,NONE,66906,False,16.139026377905108,False,True,80,True,usable,61–80,True,True,False,False
182654990-025940,FOR,2007,DIGITALP,1907,Mh  50Mr  20Bd  20Aw  10,Mh,100,NONE,NONE,NONE,66907,False,19.339593451771755,False,True,100,True,usable,81–100,True,True,True,True
182654990-022951,FOR,2007,DIGITALP,1907,Mh  70Mr  10Bd  10Aw  10,Mh,100,NONE,NONE,NONE,66908,False,28.669265999101533,False,True,100,True,usable,81–100,True,True,True,True
182654990-024131,FOR,2007,DIGITALP,1967,Bf  40Sw  20Sb  20Bw  10La  10,Bf,40,NONE,NONE,NONE,66909,False,3.740821698359312,False,True,40,True,usable,21–40,False,False,False,False
182654990-023530,OMS,2007,DIGITALP,0,,,0,NONE,NONE,NONE,66912,False,0.4286677153521609,False,False,0,False,not_FOR,Excluded / non-forest,False,False,False,False
182654990-022580,FOR,2007,DIGITALP,1917,Mh  50Mr  30Aw  10Bf  10,Mh,90,NONE,NONE,NONE,66913,False,12.544798655568151,False,True,90,True,usable,81–100,True,True,True,False
182604990-024137,FOR,2007,DIGITALP,1907,Mh  70Mr  20Bd  10,Mh,100,NONE,NONE,NONE,66914,False,15.099874729935383,False,True,100,True,usable,81–100,True,True,True,True
182654990-120203,WAT,2007,DIGITALA,0,,,0,NONE,NONE,NONE,66915,False,4.511585631501931,False,False,0,False,not_FOR,Excluded / non-forest,False,False,False,False
182654990-120204,WAT,2007,DIGITALA,0,,,0,NONE,NONE,NONE,66916,False,1.6614911595487887,False,False,0,False,not_FOR,Excluded / non-forest,False,False,False,False
182654990-022794,FOR,2007,DIGITALP,1917,Mh  40Mr  20Bd  20Aw  10PO  10,Mh,90,NONE,NONE,NONE,66917,False,26.525454355529078,False,True,90,True,usable,81–100,True,True,True,False
182654990-022763,OMS,2007,DIGITALP,0,,,0,NONE,NONE,NONE,66918,False,0.775480930596105,False,False,0,False,not_FOR,Excluded / non-forest,False,False,False,False
182654990-023993,FOR,2007,DIGITALP,1917,Or  60Mr  10Mh  10Iw  10Be  10,Or,90,NONE,NONE,NONE,66919,False,9.302200451622573,False,True,90,True,usable,81–100,True,True,True,False
182654990-120208,WAT,2007,DIGITALA,0,,,0,NONE,NONE,NONE,66920,False,0.5160507174908068,False,False,0,False,not_FOR,Excluded / non-forest,False,False,False,False
182654990-022764,OMS,2007,DIGITALP,0,,,0,NONE,NONE,NONE,66921,False,0.21291160498664,False,False,0,False,not_FOR,Excluded / non-forest,False,False,False,False
182654990-025938,OMS,2007,DIGITALP,0,,,0,NONE,NONE,NONE,66922,False,1.7303490169570308,False,False,0,False,not_FOR,Excluded / non-forest,False,False,False,False
826999012,OMS,2007,DIGITALP,0,,,0,NONE,NONE,NONE,66923,False,1.1094171580956973,False,False,0,False,not_FOR,Excluded / non-forest,False,False,False,False
182654990-025939,OMS,2007,DIGITALP,0,,,0,NONE,NONE,NONE,66924,False,1.0300755631754215,False,False,0,False,not_FOR,Excluded / non-forest,False,False,False,False
182654990-023667,FOR,2007,PLOTVAR,1925,Mh  60Be  20Bd  10Aw  10,Mh,82,NONE,NONE,NONE,66925,False,4.7015190331107,False,True,82,True,usable,81–100,True,True,False,False
182654990-023390,FOR,2007,DIGITALP,1907,Mh  50Mr  20Bd  10Bw  10Aw  10,Mh,100,NONE,NONE,NONE,66926,False,13.484302505615025,False,True,100,True,usable,81–100,True,True,True,True
182654990-025524,FOR,2007,DIGITALP,1917,Mh  50Mr  20Bd  20Aw  10,Mh,90,NONE,NONE,NONE,66927,False,28.36554698902403,False,True,90,True,usable,81–100,True,True,True,False
182654990-022589,OMS,2007,DIGITALP,0,,,0,NONE,NONE,NONE,66928,False,0.6048448717715077,False,False,0,False,not_FOR,Excluded / non-forest,False,False,False,False
182654990-022766,FOR,2007,DIGITALP,1937,Sw  40PO  30Bw  20Bf  10,Sw,70,NONE,NONE,NONE,66929,False,10.590887864483522,False,True,70,True,usable,61–80,True,False,False,False
182654990-023534,OMS,2007,DIGITALP,0,,,0,NONE,NONE,NONE,66930,False,0.7564063205456855,False,False,0,False,not_FOR,Excluded / non-forest,False,False,False,False
182654990-024063,FOR,2007,DIGITALP,1917,Mh  60Mr  10Bd  10Aw  10PO  10,Mh,90,NONE,NONE,NONE,66931,False,18.675608538320038,False,True,90,True,usable,81–100,True,True,True,False
182654990-120219,WAT,2007,DIGITALA,0,,,0,NONE,NONE,NONE,66933,False,0.9157867577522677,False,False,0,False,not_FOR,Excluded / non-forest,False,False,False,False
826999011,WAT,2007,DIGITALA,0,,,0,NONE,NONE,NONE,66934,False,0.3195420513186326,False,False,0,False,not_FOR,Excluded / non-forest,False,False,False,False
826999010,WAT,2007,DIGITALA,0,,,0,NONE,NONE,NONE,66935,False,0.7364660362118783,False,False,0,False,not_FOR,Excluded / non-forest,False,False,False,False
182654990-022674,FOR,2007,DIGITALP,1947,Ab  70Cw  20Bf  10,Ab,60,NONE,NONE,NONE,66936,False,7.669983605728863,False,True,60,True,usable,41–60,True,False,False,False
182654990-024066,FOR,2007,DIGITALP,1957,Ab  40Bw  20Bf  20PO  10La  10,Ab,50,POOR,NONE,NONE,66937,False,9.061047282478722,False,True,50,True,usable,41–60,False,False,False,False
826999013,WAT,2007,DIGITALA,0,,,0,NONE,NONE,NONE,66939,False,0.23595815797011566,False,False,0,False,not_FOR,Excluded / non-forest,False,False,False,False
182654990-022826,OMS,2007,DIGITALP,0,,,0,NONE,NONE,NONE,66940,False,1.4776861434101705,False,False,0,False,not_FOR,Excluded / non-forest,False,False,False,False
182604990-024416,FOR,2007,DIGITALP,1947,PO  40Bw  30Sw  10Mr  10Bf  10,PO,60,NONE,NONE,NONE,66941,False,0.7647792978777039,False,True,60,True,usable,41–60,True,False,False,False
182604990-024135,FOR,2007,DIGITALP,1957,Bw  30PO  30Sw  20He  10Bf  10,Bw,50,NONE,NONE,NONE,66942,False,2.557125968724271,False,True,50,True,usable,41–60,False,False,False,False
826999014,WAT,2007,DIGITALA,0,,,0,NONE,NONE,NONE,66943,False,1.423715317932332,False,False,0,False,not_FOR,Excluded / non-forest,False,False,False,False
826999009,WAT,2007,DIGITALA,0,,,0,NONE,NONE,NONE,66944,False,0.9754457289153378,False,False,0,False,not_FOR,Excluded / non-forest,False,False,False,False
182654990-022957,FOR,2007,DIGITALP,1947,Cw  20Bf  20Sw  20Sb  10By  10Bw  10Pw  10,Cw,60,NONE,NONE,NONE,66947,False,2.4270557250099505,False,True,60,True,usable,41–60,True,False,False,False
182654990-024132,FOR,2007,DIGITALP,1947,Sw  40Bw  20PO  20Bf  20,Sw,60,NONE,NONE,NONE,66948,False,9.449730568345908,False,True,60,True,usable,41–60,True,False,False,False
182654990-023989,FOR,2007,DIGITALP,1897,Mh  60Mr  20Bd  10Aw  10,Mh,110,NONE,NONE,NONE,66949,False,15.852371493786475,False,True,110,True,usable,101–150,True,True,True,True
182654990-024065,BSH,2007,DIGITALP,0,,,0,NONE,NONE,NONE,66950,False,6.251360892343708,False,False,0,False,not_FOR,Excluded / non-forest,False,False,False,False
182654990-024064,FOR,2007,DIGITALP,1907,Mh  70Mr  10Bd  10Aw  10,Mh,100,NONE,NONE,NONE,66951,False,12.48288933737628,False,True,100,True,usable,81–100,True,True,True,True
182654990-023491,FOR,2007,DIGITALP,1957,Sw  70Bw  10PO  10Bf  10,Sw,50,NONE,NONE,NONE,66952,False,6.240486092359621,False,True,50,True,usable,41–60,False,False,False,False
182654990-026529,FOR,2007,DIGITALP,1917,Mh  30Mr  30Bd  10Aw  10Bw  10PO  10,Mh,90,NONE,NONE,NONE,66953,False,34.05655769319424,False,True,90,True,usable,81–100,True,True,True,False
182654990-023389,FOR,2007,DIGITALP,1917,Mh  30Mr  20Bd  20Aw  20PO  10,Mh,90,NONE,NONE,NONE,66954,False,49.94758161248704,False,True,90,True,usable,81–100,True,True,True,False
826999036,ISL,2007,DIGITALA,0,,,0,ISLD,NONE,NONE,66955,False,0.29959309236871606,False,False,0,False,not_FOR,Excluded / non-forest,False,False,False,False
182654990-022956,FOR,2007,DIGITALP,1927,Mr  20Sw  10By  10Bw  10He  10Mh  10PO  10Bf  10Aw  10,Mr,80,NONE,NONE,NONE,66956,False,11.94270164972132,False,True,80,True,usable,61–80,True,True,False,False
182654990-026486,FOR,2007,DIGITALP,1897,Mh  80Mr  10Bd  10,Mh,110,NONE,NONE,NONE,66957,False,54.55119720558771,False,True,110,True,usable,101–150,True,True,True,True
182654990-120237,WAT,2007,DIGITALA,0,,,0,NONE,NONE,NONE,66958,False,2.9186222001667144,False,False,0,False,not_FOR,Excluded / non-forest,False,False,False,False
826999008,WAT,2007,DIGITALA,0,,,0,NONE,NONE,NONE,66959,False,3.312845955641828,False,False,0,False,not_FOR,Excluded / non-forest,False,False,False,False
182654990-022955,FOR,2007,DIGITALP,1907,Mh  50Mr  20Bd  10Bw  10Aw  10,Mh,100,NONE,NONE,NONE,66960,False,16.560610452981027,False,True,100,True,usable,81–100,True,True,True,True
182654990-023391,FOR,2007,SUPINFO,1917,Mh  40Mr  30Bd  20PO  10,Mh,90,NONE,NONE,NONE,66962,False,12.130261915561013,False,True,90,True,usable,81–100,True,True,True,False
182604990-024134,FOR,2007,DIGITALP,1947,Sw  40Bf  30Bw  10PO  10Cw  10,Sw,60,NONE,NONE,NONE,66963,False,0.7565039259110793,False,True,60,True,usable,41–60,True,False,False,False
182654990-023230,FOR,2007,DIGITALP,1897,Mh  60Mr  20Bd  10Aw  10,Mh,110,NONE,NONE,NONE,66964,False,11.754343524093922,False,True,110,True,usable,101–150,True,True,True,True
182654990-134195,UCL,2007,DIGITALP,0,,,0,NONE,NONE,NONE,66965,False,8.763417134470481,False,False,0,False,not_FOR,Excluded / non-forest,False,False,False,False
182654990-022953,BSH,2007,DIGITALP,0,,,0,NONE,NONE,NONE,66966,False,1.3422973881297033,False,False,0,False,not_FOR,Excluded / non-forest,False,False,False,False
182654990-023847,OMS,2007,DIGITALP,0,,,0,NONE,NONE,NONE,66968,False,0.926604809859345,False,False,0,False,not_FOR,Excluded / non-forest,False,False,False,False
826999015,OMS,2007,DIGITALP,0,,,0,NONE,NONE,NONE,66969,False,0.5950994152388166,False,False,0,False,not_FOR,Excluded / non-forest,False,False,False,False
182654990-023606,OMS,2007,DIGITALP,0,,,0,NONE,NONE,NONE,66970,False,3.4976997766463094,False,False,0,False,not_FOR,Excluded / non-forest,False,False,False,False
826999045,FOR,2007,DIGITALP,1917,Pw  40Pt  30Bf  20Mr  10,Pw,90,NONE,NONE,NONE,66971,False,0.7051590413221708,False,True,90,True,usable,81–100,True,True,True,False
182654990-023992,FOR,2007,DIGITALP,1917,Mh  50Mr  20Bd  20Aw  10,Mh,90,NONE,NONE,NONE,66972,False,22.185670990062373,False,True,90,True,usable,81–100,True,True,True,False
182654990-120247,WAT,2007,DIGITALA,0,,,0,NONE,NONE,NONE,66973,False,2.2378165264844077,False,False,0,False,not_FOR,Excluded / non-forest,False,False,False,False
182654990-022954,FOR,2007,DIGITALP,1927,Mr  20Sw  20By  10Bw  10He  10Mh  10PO  10Bf  10,Mr,80,NONE,NONE,NONE,66975,False,7.746976409315507,False,True,80,True,usable,61–80,True,True,False,False
182654990-025116,FOR,2007,DIGITALP,1937,PO  30Bw  20Mr  20Mh  10By  10Bd  10,PO,70,NONE,NONE,NONE,66976,False,7.012044334233404,False,True,70,True,usable,61–80,True,False,False,False
182654990-023846,FOR,2007,DIGITALP,1957,Cw  50Bf  20La  10Sb  10Pb  10,Cw,50,WETT,NONE,NONE,66977,False,2.1747989731921966,False,True,50,True,usable,41–60,False,False,False,False
182654990-120251,WAT,2007,DIGITALA,0,,,0,NONE,NONE,NONE,66979,False,1.7782316960374556,False,False,0,False,not_FOR,Excluded / non-forest,False,False,False,False
182654990-134203,UCL,2007,DIGITALP,0,,,0,NONE,NONE,NONE,66980,False,3.2803950975398197,False,False,0,False,not_FOR,Excluded / non-forest,False,False,False,False
182654990-120244,WAT,2007,DIGITALA,0,,,0,NONE,NONE,NONE,66981,False,4.9542037183613745,False,False,0,False,not_FOR,Excluded / non-forest,False,False,False,False
826999035,WAT,2007,DIGITALA,0,,,0,NONE,NONE,NONE,66982,False,0.8026920988980573,False,False,0,False,not_FOR,Excluded / non-forest,False,False,False,False
182654990-025130,FOR,2007,DIGITALP,1927,Mr  30Bw  20Mh  20Sw  10PO  10Bf  10,Mr,80,NONE,NONE,NONE,66983,False,33.95760752962002,False,True,80,True,usable,61–80,True,True,False,False
826999037,WAT,2007,DIGITALA,0,,,0,NONE,NONE,NONE,66984,False,4.277292678189643,False,False,0,False,not_FOR,Excluded / non-forest,False,False,False,False
182654990-025152,FOR,2007,DIGITALP,1917,Mh  30Mr  20Aw  20PO  10Bd  10Cb  10,Mh,90,NONE,NONE,NONE,66985,False,11.104858469020504,False,True,90,True,usable,81–100,True,True,True,False
182654990-025115,FOR,2007,DIGITALP,1937,PO  30Bw  20Bf  20Sw  20He  10,PO,70,NONE,NONE,NONE,66987,False,11.023227381587894,False,True,70,True,usable,61–80,True,False,False,False
182654990-025113,FOR,2007,DIGITALP,1937,Bw  30Aw  20Mr  20Mh  10Bd  10PO  10,Bw,70,NONE,NONE,NONE,66988,False,8.289426544449578,False,True,70,True,usable,61–80,True,False,False,False
182654990-134206,UCL,2007,DIGITALP,0,,,0,NONE,NONE,NONE,66989,False,1.3356025668659153,False,False,0,False,not_FOR,Excluded / non-forest,False,False,False,False
182654990-023215,OMS,2007,DIGITALP,0,,,0,NONE,NONE,NONE,66990,False,1.9443597970502462,False,False,0,False,not_FOR,Excluded / non-forest,False,False,False,False
182654990-025153,FOR,2007,DIGITALP,1897,Mh  50Mr  20Bd  20Aw  10,Mh,110,NONE,NONE,NONE,66991,False,23.143040804254905,False,True,110,True,usable,101–150,True,True,True,True
182654990-134208,UCL,2007,DIGITALP,0,,,0,NONE,NONE,NONE,66992,False,5.310617460955294,False,False,0,False,not_FOR,Excluded / non-forest,False,False,False,False
182654990-025129,FOR,2007,DIGITALP,1937,PO  50Bw  20Bf  10Sw  10Mr  10,PO,70,NONE,NONE,NONE,66993,False,14.952665962679678,False,True,70,True,usable,61–80,True,False,False,False
182654990-120257,WAT,2007,DIGITALA,0,,,0,NONE,NONE,NONE,66994,False,0.9443381737207474,False,False,0,False,not_FOR,Excluded / non-forest,False,False,False,False
182654990-025150,FOR,2007,DIGITALP,1917,Mr  30Bd  20Aw  20Sw  10By  10PO  10,Mr,90,NONE,NONE,NONE,66995,False,8.995564788125874,False,True,90,True,usable,81–100,True,True,True,False
182654990-023844,FOR,2007,DIGITALP,1917,Bw  20PO  20Mr  20Bf  20Sw  20,Bw,90,NONE,NONE,NONE,66996,False,6.92514256507457,False,True,90,True,usable,81–100,True,True,True,False
826999042,WAT,2007,DIGITALA,0,,,0,NONE,NONE,NONE,66997,False,0.3847363597779257,False,False,0,False,not_FOR,Excluded / non-forest,False,False,False,False
182654990-025111,FOR,2007,DIGITALP,1917,Mh  40Mr  30Bd  10Aw  10Bw  10,Mh,90,NONE,NONE,NONE,66998,False,13.211507360472233,False,True,90,True,usable,81–100,True,True,True,False
182654990-025109,FOR,2007,DIGITALP,1907,Mr  30Aw  20Bd  10Mh  10Sw  10By  10PO  10,Mr,100,NONE,NONE,NONE,66999,False,14.608601960547762,False,True,100,True,usable,81–100,True,True,True,True
182654990-025155,FOR,2007,DIGITALP,1907,Mh  60Mr  20Aw  10Bd  10,Mh,100,NONE,NONE,NONE,67000,False,15.50636698010848,False,True,100,True,usable,81–100,True,True,True,True
182654990-025127,FOR,2007,DIGITALP,1977,Mr  30Mh  20PO  20Bw  20Bd  10,Mr,30,NONE,NONE,NONE,67001,False,3.322709719579491,False,True,30,True,usable,21–40,False,False,False,False
182654990-025154,FOR,2007,DIGITALP,1917,Mh  50Mr  20Aw  10Bd  10By  10,Mh,90,NONE,NONE,NONE,67002,False,12.05085771989845,False,True,90,True,usable,81–100,True,True,True,False
182604990-025101,FOR,2007,DIGITALP,1947,Sw  30Bw  20Bf  20PO  10Cw  10Mr  10,Sw,60,NONE,NONE,NONE,67003,False,8.0753026510709,False,True,60,True,usable,41–60,True,False,False,False
182654990-025112,FOR,2007,DIGITALP,1937,Mr  30Mh  20Bd  10Aw  10Bw  10PO  10Sw  10,Mr,70,NONE,NONE,NONE,67004,False,9.868174835489143,False,True,70,True,usable,61–80,True,False,False,False
182654990-120264,WAT,2007,DIGITALA,0,,,0,NONE,NONE,NONE,67005,False,4.159264695506209,False,False,0,False,not_FOR,Excluded / non-forest,False,False,False,False
182654990-025128,FOR,2007,DIGITALP,1937,Bw  20Sw  20PO  20Mr  10Mh  10Bf  10He  10,Bw,70,NONE,NONE,NONE,67006,False,9.666583256630174,False,True,70,True,usable,61–80,True,False,False,False
182654990-120268,WAT,2007,DIGITALA,0,,,0,NONE,NONE,NONE,67007,False,2.3971506040343082,False,False,0,False,not_FOR,Excluded / non-forest,False,False,False,False
182654990-023811,FOR,2007,DIGITALP,1927,Bw  20PO  20Mr  20Bf  10Sw  10Cw  10By  10,Bw,80,NONE,NONE,NONE,67008,False,6.441144941601178,False,True,80,True,usable,61–80,True,True,False,False
182654990-120271,WAT,2007,DIGITALA,0,,,0,NONE,NONE,NONE,67009,False,0.6595200424515408,False,False,0,False,not_FOR,Excluded / non-forest,False,False,False,False
182654990-024849,BSH,2007,DIGITALP,0,,,0,NONE,NONE,NONE,67010,False,2.9305678285887176,False,False,0,False,not_FOR,Excluded / non-forest,False,False,False,False
182654990-022629,OMS,2007,DIGITALP,0,,,0,NONE,NONE,NONE,67011,False,2.2639231222079097,False,False,0,False,not_FOR,Excluded / non-forest,False,False,False,False
182654990-120274,WAT,2007,DIGITALA,0,,,0,NONE,NONE,NONE,67012,False,1.5724742547698065,False,False,0,False,not_FOR,Excluded / non-forest,False,False,False,False
182654990-025148,OMS,2007,DIGITALP,0,,,0,NONE,NONE,NONE,67013,False,0.873806461431,False,False,0,False,not_FOR,Excluded / non-forest,False,False,False,False
182654990-025167,OMS,2007,DIGITALP,0,,,0,NONE,NONE,NONE,67014,False,2.0405263296863345,False,False,0,False,not_FOR,Excluded / non-forest,False,False,False,False
182654990-022989,OMS,2007,DIGITALP,0,,,0,NONE,NONE,NONE,67015,False,0.5974304419920129,False,False,0,False,not_FOR,Excluded / non-forest,False,False,False,False
182654990-025151,FOR,2007,DIGITALP,1907,Mh  70Mr  20Aw  10,Mh,100,NONE,NONE,NONE,67016,False,24.338997162622068,False,True,100,True,usable,81–100,True,True,True,True
826999003,WAT,2007,DIGITALA,0,,,0,NONE,NONE,NONE,67017,False,0.5585283568419818,False,False,0,False,not_FOR,Excluded / non-forest,False,False,False,False
182654990-134222,UCL,2007,DIGITALP,0,,,0,NONE,NONE,NONE,67018,False,5.190286649415173,False,False,0,False,not_FOR,Excluded / non-forest,False,False,False,False
826999002,WAT,2007,DIGITALA,0,,,0,NONE,NONE,NONE,67019,False,4.130435814987179,False,False,0,False,not_FOR,Excluded / non-forest,False,False,False,False
182654995-023140,OMS,2007,DIGITALP,0,,,0,NONE,NONE,NONE,67020,False,1.0464310498803249,False,False,0,False,not_FOR,Excluded / non-forest,False,False,False,False
182654990-026576,FOR,2007,DIGITALP,1937,Mr  30Bw  20Mh  20Sw  10PO  10Bf  10,Mr,70,NONE,NONE,NONE,67021,False,36.15100881968183,False,True,70,True,usable,61–80,True,False,False,False
182654990-025156,FOR,2007,DIGITALP,1947,Bw  40Mr  20PO  20Mh  10Bd  10,Bw,60,NONE,NONE,NONE,67022,False,8.64008556039525,False,True,60,True,usable,41–60,True,False,False,False
182654990-025149,FOR,2007,DIGITALP,1927,PO  30Bw  20Mr  20Sw  10Bf  10He  10,PO,80,NONE,NONE,NONE,67023,False,37.800187180690315,False,True,80,True,usable,61–80,True,True,False,False
826999040,WAT,2007,DIGITALA,0,,,0,NONE,NONE,NONE,67024,False,0.3556391731915653,False,False,0,False,not_FOR,Excluded / non-forest,False,False,False,False
182654995-025108,FOR,2007,DIGITALP,1917,Mh  50Mr  30Bd  10Aw  10,Mh,90,NONE,NONE,NONE,67025,False,7.715350950898185,False,True,90,True,usable,81–100,True,True,True,False
182654995-120281,WAT,2007,DIGITALA,0,,,0,NONE,NONE,NONE,67027,False,0.27164922779800943,False,False,0,False,not_FOR,Excluded / non-forest,False,False,False,False
826999039,WAT,2007,DIGITALA,0,,,0,NONE,NONE,NONE,67028,False,0.6562163236207698,False,False,0,False,not_FOR,Excluded / non-forest,False,False,False,False
182654995-025147,FOR,2007,DIGITALP,1927,Ab  40Pb  20Cw  20Bw  10Sw  10,Ab,80,NONE,NONE,NONE,67030,False,2.007803144053029,False,True,80,True,usable,61–80,True,True,False,False
182654995-025146,FOR,2007,DIGITALP,1937,Bw  20He  20PO  20Mr  10By  10Mh  10Sw  10,Bw,70,NONE,NONE,NONE,67031,False,13.798966637916793,False,True,70,True,usable,61–80,True,False,False,False
182654995-134232,UCL,2007,DIGITALP,0,,,0,NONE,NONE,NONE,67032,False,10.884147174617128,False,False,0,False,not_FOR,Excluded / non-forest,False,False,False,False
182654990-025110,FOR,2007,DIGITALP,1937,Bn  30PO  20Bd  10Aw  10Mh  10Mr  10Sw  10,Bn,70,NONE,NONE,NONE,67033,False,13.173061477183163,False,True,70,True,usable,61–80,True,False,False,False
182654995-025144,FOR,2007,DIGITALP,1957,Bf  40Cw  30La  10Sw  10He  10,Bf,50,NONE,NONE,NONE,67034,False,1.8512762515657233,False,True,50,True,usable,41–60,False,False,False,False
826999030,OMS,2007,DIGITALP,0,,,0,NONE,NONE,NONE,67035,False,4.286112601212021,False,False,0,False,not_FOR,Excluded / non-forest,False,False,False,False
182654995-025131,FOR,2007,DIGITALP,1937,Mr  20Bw  20Bf  20Sw  10PO  10He  10Cw  10,Mr,70,NONE,NONE,NONE,67036,False,23.96889671602654,False,True,70,True,usable,61–80,True,False,False,False
182654995-025157,FOR,2007,DIGITALP,1927,Mh  30Mr  20Bd  10Bn  10Be  10Sw  10He  10,Mh,80,NONE,NONE,NONE,67038,False,16.044785626569233,False,True,80,True,usable,61–80,True,True,False,False
182654995-025145,FOR,2007,DIGITALP,1917,Mh  30Mr  20Bw  20Bd  10Aw  10PO  10,Mh,90,NONE,NONE,NONE,67039,False,12.887589678609459,False,True,90,True,usable,81–100,True,True,True,False
182654995-120296,WAT,2007,DIGITALA,0,,,0,NONE,NONE,NONE,67041,False,3.3291353615683903,False,False,0,False,not_FOR,Excluded / non-forest,False,False,False,False
182654995-134234,UCL,2007,DIGITALP,0,,,0,NONE,NONE,NONE,67042,False,5.3554071041306175,False,False,0,False,not_FOR,Excluded / non-forest,False,False,False,False
182654995-026578,FOR,2007,DIGITALP,1927,Mh  30Mr  20Bw  20Bd  10Aw  10PO  10,Mh,80,NONE,NONE,NONE,67044,False,27.30083404628428,False,True,80,True,usable,61–80,True,True,False,False
182654995-023813,GRS,2007,DIGITALP,0,,,0,NONE,NONE,NONE,67045,False,1.9137439725941168,False,False,0,False,not_FOR,Excluded / non-forest,False,False,False,False
182654995-023561,OMS,2007,DIGITALP,0,,,0,NONE,NONE,NONE,67046,False,1.8793051069272755,False,False,0,False,not_FOR,Excluded / non-forest,False,False,False,False
182654995-025125,FOR,2007,DIGITALP,1957,Bw  40PO  20Bf  20Sw  10Mr  10,Bw,50,NONE,NONE,NONE,67048,False,14.21202916276842,False,True,50,True,usable,41–60,False,False,False,False
182654995-022555,OMS,2007,DIGITALP,0,,,0,NONE,NONE,NONE,67050,False,0.9687245226391648,False,False,0,False,not_FOR,Excluded / non-forest,False,False,False,False
182654995-025126,FOR,2007,DIGITALP,1937,Mh  60Mr  20Bd  10PO  10,Mh,70,NONE,NONE,NONE,67051,False,49.125943815980726,False,True,70,True,usable,61–80,True,False,False,False
182654995-025132,FOR,2007,DIGITALP,1937,Mh  30Mr  20Bw  20PO  10Bd  10Cw  10,Mh,70,NONE,NONE,NONE,67052,False,14.548330374621239,False,True,70,True,usable,61–80,True,False,False,False
182654995-120310,WAT,2007,DIGITALA,0,,,0,NONE,NONE,NONE,67053,False,0.5580544400465326,False,False,0,False,not_FOR,Excluded / non-forest,False,False,False,False
182654995-025124,FOR,2007,DIGITALP,1957,Bw  40PO  20Bf  20Sw  10Mr  10,Bw,50,NONE,NONE,NONE,67055,False,14.181444524780314,False,True,50,True,usable,41–60,False,False,False,False
182654995-025142,FOR,2007,DIGITALP,1927,Mh  60Mr  10Bd  10Bw  10Aw  10,Mh,80,NONE,NONE,NONE,67056,False,29.91497735008478,False,True,80,True,usable,61–80,True,True,False,False
182654995-025164,FOR,2007,DIGITALP,1927,Mh  20Mr  20Aw  10Or  10Bd  10Pw  10PO  10Cb  10,Mh,80,NONE,NONE,NONE,67057,False,12.26038207360424,False,True,80,True,usable,61–80,True,True,False,False
182654995-120312,WAT,2007,DIGITALA,0,,,0,NONE,NONE,NONE,67059,False,4.756169296995883,False,False,0,False,not_FOR,Excluded / non-forest,False,False,False,False
182654995-120313,WAT,2007,DIGITALA,0,,,0,NONE,NONE,NONE,67060,False,0.38667752653175536,False,False,0,False,not_FOR,Excluded / non-forest,False,False,False,False
826999006,WAT,2007,DIGITALA,0,,,0,NONE,NONE,NONE,67062,False,1.0995075290213348,False,False,0,False,not_FOR,Excluded / non-forest,False,False,False,False
182654995-025107,FOR,2007,DIGITALP,1917,Mh  60Mr  20Bd  10Aw  10,Mh,90,NONE,NONE,NONE,67063,False,79.27768017682992,False,True,90,True,usable,81–100,True,True,True,False
826999043,WAT,2007,DIGITALA,0,,,0,NONE,NONE,NONE,67064,False,0.21971725191032693,False,False,0,False,not_FOR,Excluded / non-forest,False,False,False,False
826999005,OMS,2007,DIGITALP,0,,,0,NONE,NONE,NONE,67065,False,1.200994136961897,False,False,0,False,not_FOR,Excluded / non-forest,False,False,False,False
182654995-022867,OMS,2007,DIGITALP,0,,,0,NONE,NONE,NONE,67066,False,1.1459121770446916,False,False,0,False,not_FOR,Excluded / non-forest,False,False,False,False
182654995-025140,FOR,2007,DIGITALP,1907,Mh  70Mr  10Bd  10Be  10,Mh,100,NONE,NONE,NONE,67067,False,20.31402851531095,False,True,100,True,usable,81–100,True,True,True,True
182654995-026577,FOR,2007,DIGITALP,1927,Mh  20Mr  20He  20Bw  10Aw  10By  10Sw  10,Mh,80,NONE,NONE,NONE,67068,False,24.044593194986486,False,True,80,True,usable,61–80,True,True,False,False
182654995-025143,FOR,2007,DIGITALP,1917,Mh  80Mr  10Bd  10,Mh,90,NONE,NONE,NONE,67069,False,36.46582833821358,False,True,90,True,usable,81–100,True,True,True,False
182654995-120327,WAT,2007,DIGITALA,0,,,0,NONE,NONE,NONE,67070,False,2.3565301178982825,False,False,0,False,not_FOR,Excluded / non-forest,False,False,False,False
182654995-120329,WAT,2007,DIGITALA,0,,,0,NONE,NONE,NONE,67071,False,3.872455164332898,False,False,0,False,not_FOR,Excluded / non-forest,False,False,False,False
182654995-025162,FOR,2007,DIGITALP,1927,Mh  40Mr  10Aw  10PO  10Bd  10Or  10Iw  10,Mh,80,NONE,NONE,NONE,67073,False,13.168817294567964,False,True,80,True,usable,61–80,True,True,False,False
182654995-022872,OMS,2007,DIGITALP,0,,,0,NONE,NONE,NONE,67074,False,8.208199160058271,False,False,0,False,not_FOR,Excluded / non-forest,False,False,False,False
826999004,OMS,2007,DIGITALP,0,,,0,NONE,NONE,NONE,67076,False,0.663778311208413,False,False,0,False,not_FOR,Excluded / non-forest,False,False,False,False
826999007,WAT,2007,DIGITALA,0,,,0,NONE,NONE,NONE,67077,False,0.930026526120157,False,False,0,False,not_FOR,Excluded / non-forest,False,False,False,False
182654995-023085,OMS,2007,DIGITALP,0,,,0,NONE,NONE,NONE,67078,False,2.5301546025136186,False,False,0,False,not_FOR,Excluded / non-forest,False,False,False,False
182654995-023722,OMS,2007,DIGITALP,0,,,0,NONE,NONE,NONE,67079,False,1.2843324871779649,False,False,0,False,not_FOR,Excluded / non-forest,False,False,False,False
182654995-025123,FOR,2007,DIGITALP,1957,Bw  40PO  30Bf  10Sw  10Mr  10,Bw,50,NONE,NONE,NONE,67081,False,31.7959414023877,False,True,50,True,usable,41–60,False,False,False,False
182654995-025141,FOR,2007,DIGITALP,1917,Mr  30Mh  10Bd  10Aw  10Bf  10Sw  10Cw  10He  10,Mr,90,NONE,NONE,NONE,67082,False,19.808822860729446,False,True,90,True,usable,81–100,True,True,True,False
182654995-025117,FOR,2007,DIGITALP,1917,Mh  30Mr  30PO  10Aw  10Sw  10By  10,Mh,90,NONE,NONE,NONE,67083,False,6.730862729233199,False,True,90,True,usable,81–100,True,True,True,False
182654995-025160,FOR,2007,DIGITALP,1927,Mh  50Aw  20Bd  20Mr  10,Mh,80,NONE,NONE,NONE,67084,False,4.61264487416789,False,True,80,True,usable,61–80,True,True,False,False
182604995-025104,FOR,2007,PLOTVAR,1927,Mh  50Mr  20Bd  10Aw  10Pt  10,Mh,80,NONE,NONE,NONE,67085,False,5.288952509595893,False,True,80,True,usable,61–80,True,True,False,False
182654995-025161,FOR,2007,DIGITALP,1907,Mh  20Aw  20Bd  20Mr  20Sw  10PO  10,Mh,100,NONE,NONE,NONE,67086,False,15.01717367671238,False,True,100,True,usable,81–100,True,True,True,True
182654995-025106,FOR,2007,DIGITALP,1947,Bf  30PO  20Bw  20Sw  20Mr  10,Bf,60,NONE,NONE,NONE,67087,False,33.343872245124004,False,True,60,True,usable,41–60,True,False,False,False
182654995-025122,FOR,2007,DIGITALP,1957,Bw  70Bf  10Mr  10PO  10,Bw,50,NONE,NONE,NONE,67088,False,9.165528131204905,False,True,50,True,usable,41–60,False,False,False,False
182654995-023815,FOR,2007,DIGITALP,1947,Sw  30Bw  30Bf  20PO  20,Sw,60,NONE,NONE,NONE,67089,False,10.342459150568343,False,True,60,True,usable,41–60,True,False,False,False
182654995-134258,UCL,2007,DIGITALP,0,,,0,NONE,NONE,NONE,67090,False,2.4998700809603913,False,False,0,False,not_FOR,Excluded / non-forest,False,False,False,False
182654995-025180,FOR,2007,DIGITALP,1907,Mh  50Mr  20Bd  10Aw  10PO  10,Mh,100,NONE,NONE,NONE,67091,False,10.958641855172138,False,True,100,True,usable,81–100,True,True,True,True
182654995-025119,FOR,2007,DIGITALP,1937,Bf  20PO  20Bw  20Sw  20Mr  10Mh  10,Bf,70,NONE,NONE,NONE,67092,False,9.65685065266659,False,True,70,True,usable,61–80,True,False,False,False
182654995-025158,FOR,2007,DIGITALP,1937,Mr  20Mh  10Aw  10Bw  10Bd  10Bf  10Sw  10Or  10PO  10,Mr,70,NONE,NONE,NONE,67093,False,9.125749092743442,False,True,70,True,usable,61–80,True,False,False,False
182654995-025120,FOR,2007,PLOTVAR,1947,PO  20Bw  20Sw  20Bf  10Mr  10Cw  10He  10,PO,60,NONE,NONE,NONE,67094,False,17.227321783044022,False,True,60,True,usable,41–60,True,False,False,False
182654995-025139,FOR,2007,DIGITALP,1917,Mh  40Mr  20Aw  10Bw  10Bd  10Cb  10,Mh,90,NONE,NONE,NONE,67095,False,45.64641945862922,False,True,90,True,usable,81–100,True,True,True,False
182654995-025138,FOR,2007,DIGITALP,1977,Bw  40PO  30Mr  20Mh  10,Bw,30,NONE,NONE,NONE,67096,False,16.266134751392052,False,True,30,True,usable,21–40,False,False,False,False
182654995-134264,UCL,2007,DIGITALP,0,,,0,NONE,NONE,NONE,67097,False,4.199109129508464,False,False,0,False,not_FOR,Excluded / non-forest,False,False,False,False
182654995-025159,FOR,2007,DIGITALP,1907,Mr  30Mh  20Aw  20Cb  10He  10Bd  10,Mr,100,NONE,NONE,NONE,67098,False,7.978391294055473,False,True,100,True,usable,81–100,True,True,True,True
182654995-025134,FOR,2007,DIGITALP,1907,Mh  80Mr  10Bd  10,Mh,100,NONE,NONE,NONE,67099,False,45.00667567413589,False,True,100,True,usable,81–100,True,True,True,True
182654995-025121,FOR,2007,PLOTVAR,1937,PO  20Bw  20Sw  20Bf  10Mr  10Mh  10He  10,PO,70,NONE,NONE,NONE,67101,False,4.03571443324523,False,True,70,True,usable,61–80,True,False,False,False
182654995-134266,UCL,2007,DIGITALP,0,,,0,NONE,NONE,NONE,67102,False,14.550262311602705,False,False,0,False,not_FOR,Excluded / non-forest,False,False,False,False
182654995-025137,FOR,2007,DIGITALP,1947,Bw  30PO  30Sw  10Mr  10Mh  10Bf  10,Bw,60,NONE,NONE,NONE,67103,False,19.87826354159917,False,True,60,True,usable,41–60,True,False,False,False
182654995-025102,FOR,2007,DIGITALP,1927,Bw  20Mr  20Mh  20Bf  10He  10Sw  10PO  10,Bw,80,NONE,NONE,NONE,67104,False,16.231856424979043,False,True,80,True,usable,61–80,True,True,False,False
182654995-025133,FOR,2007,DIGITALP,1937,Mr  30Bw  20Sw  10PO  10Bf  10By  10Mh  10,Mr,70,NONE,NONE,NONE,67105,False,26.50930618281588,False,True,70,True,usable,61–80,True,False,False,False
182654995-025103,FOR,2007,DIGITALP,1917,Mh  60PO  10Mr  10Aw  10Bd  10,Mh,90,NONE,NONE,NONE,67106,False,5.822368412319668,False,True,90,True,usable,81–100,True,True,True,False
182654995-023850,OMS,2007,DIGITALP,0,,,0,NONE,NONE,NONE,67107,False,5.941731007355246,False,False,0,False,not_FOR,Excluded / non-forest,False,False,False,False
182654995-025118,FOR,2007,DIGITALP,1937,Bw  40PO  30Bf  10Sw  10Mr  10,Bw,70,NONE,NONE,NONE,67108,False,10.004568749854862,False,True,70,True,usable,61–80,True,False,False,False
182654995-134269,UCL,2007,DIGITALP,0,,,0,NONE,NONE,NONE,67109,False,3.087861724340834,False,False,0,False,not_FOR,Excluded / non-forest,False,False,False,False
182654995-134270,UCL,2007,DIGITALP,0,,,0,NONE,NONE,NONE,67110,False,4.675237987618756,False,False,0,False,not_FOR,Excluded / non-forest,False,False,False,False
182654995-134271,UCL,2007,DIGITALP,0,,,0,NONE,NONE,NONE,67111,False,2.3301735295917014,False,False,0,False,not_FOR,Excluded / non-forest,False,False,False,False
182654995-025135,OMS,2007,DIGITALP,0,,,0,NONE,NONE,NONE,67112,False,0.9875528092070248,False,False,0,False,not_FOR,Excluded / non-forest,False,False,False,False
182654995-025136,FOR,2007,DIGITALP,1947,Bw  30PO  10Sw  10Mr  10Bf  10Sb  10Cw  10Ab  10,Bw,60,NONE,NONE,NONE,67113,False,3.4466518073315746,False,True,60,True,usable,41–60,True,False,False,False
182654995-025810,FOR,2007,DIGITALP,1897,Mh  50Mr  20Bw  10Bd  10Be  10,Mh,110,NONE,NONE,NONE,67114,False,11.587205557830693,False,True,110,True,usable,101–150,True,True,True,True
182654995-023843,FOR,2007,DIGITALP,1937,Bw  20PO  20Sw  20Mr  10Bf  10By  10Cw  10,Bw,70,NONE,NONE,NONE,67115,False,17.84213842713246,False,True,70,True,usable,61–80,True,False,False,False
182654995-025797,FOR,2007,DIGITALP,1917,Mh  30Mr  20PO  20Bw  10Bd  10Aw  10,Mh,90,NONE,NONE,NONE,67116,False,9.852909873097735,False,True,90,True,usable,81–100,True,True,True,False
182654995-025811,FOR,2007,DIGITALP,1967,PO  30Bw  30Sw  10Bf  10Mr  10Cw  10,PO,40,NONE,NONE,NONE,67117,False,26.05910848122301,False,True,40,True,usable,21–40,False,False,False,False
182654995-025812,FOR,2007,DIGITALP,1947,Bw  30PO  20Sw  20Bf  10Mr  10He  10,Bw,60,NONE,NONE,NONE,67118,False,16.59516033125495,False,True,60,True,usable,41–60,True,False,False,False
182654995-025806,FOR,2007,DIGITALP,1967,PO  30Bw  30Mr  20Sw  10Mh  10,PO,40,NONE,NONE,NONE,67119,False,14.520342646107357,False,True,40,True,usable,21–40,False,False,False,False
182654995-025796,FOR,2007,DIGITALP,1927,PO  20Bw  20Mr  20Mh  10Sw  10Bd  10Aw  10,PO,80,NONE,NONE,NONE,67120,False,9.963865851735969,False,True,80,True,usable,61–80,True,True,False,False
182654995-025798,FOR,2007,DIGITALP,1917,Mh  20Mr  20PO  20Bw  20Bd  10Aw  10,Mh,90,NONE,NONE,NONE,67121,False,11.40004760628645,False,True,90,True,usable,81–100,True,True,True,False
182654995-134276,UCL,2007,DIGITALP,0,,,0,NONE,NONE,NONE,67122,False,1.396804450792226,False,False,0,False,not_FOR,Excluded / non-forest,False,False,False,False
182654995-025808,FOR,2007,DIGITALP,1937,Bf  30Sb  30Cw  20Bw  10PO  10,Bf,70,NONE,NONE,NONE,67123,False,7.857719075396721,False,True,70,True,usable,61–80,True,False,False,False
182654995-025804,FOR,2007,DIGITALP,1957,PO  30Bw  30Mr  20He  10Sw  10,PO,50,NONE,NONE,NONE,67124,False,17.569048679546654,False,True,50,True,usable,41–60,False,False,False,False
182654995-025799,FOR,2007,DIGITALP,1927,Mr  20PO  20Bw  20By  10Bf  10Sw  10He  10,Mr,80,NONE,NONE,NONE,67125,False,10.42561902718973,False,True,80,True,usable,61–80,True,True,False,False
182654995-024059,FOR,2007,DIGITALP,1972,Pr  90PO  10,Pr,35,NONE,NONE,NONE,67126,False,1.2793149202443723,False,True,35,True,usable,21–40,False,False,False,False
182654995-134278,UCL,2007,DIGITALP,0,,,0,NONE,NONE,NONE,67127,False,7.140275909051925,False,False,0,False,not_FOR,Excluded / non-forest,False,False,False,False
182654995-134279,UCL,2007,DIGITALP,0,,,0,NONE,NONE,NONE,67128,False,8.009340336620493,False,False,0,False,not_FOR,Excluded / non-forest,False,False,False,False
182654995-025805,FOR,2007,DIGITALP,1957,PO  30Bw  30Mr  20Sw  10Cb  10,PO,50,NONE,NONE,NONE,67129,False,14.205065235051206,False,True,50,True,usable,41–60,False,False,False,False
182654995-120406,WAT,2007,DIGITALA,0,,,0,NONE,NONE,NONE,67130,False,80.98467980555576,False,False,0,False,not_FOR,Excluded / non-forest,False,False,False,False
182654995-017477,FOR,2007,DIGITALP,1967,Pr  90Sw  10,Pr,40,NONE,NONE,NONE,67131,False,1.959217968407006,False,True,40,True,usable,21–40,False,False,False,False
182654995-025813,FOR,2007,DIGITALP,1917,Mh  70Mr  10PO  10Bd  10,Mh,90,NONE,NONE,NONE,67132,False,13.325375832467774,False,True,90,True,usable,81–100,True,True,True,False
182654995-134282,UCL,2007,DIGITALP,0,,,0,NONE,NONE,NONE,67133,False,10.923586531669331,False,False,0,False,not_FOR,Excluded / non-forest,False,False,False,False
182654995-025803,FOR,2007,DIGITALP,1917,PO  20Mr  20Bw  20He  10Sw  10Pw  10Bd  10,PO,90,NONE,NONE,NONE,67134,False,9.262178838559862,False,True,90,True,usable,81–100,True,True,True,False
182654995-025802,FOR,2007,DIGITALP,1937,PO  30Mr  20Bw  10He  10Sw  10By  10Bf  10,PO,70,NONE,NONE,NONE,67135,False,5.727346640348842,False,True,70,True,usable,61–80,True,False,False,False
182654995-025807,FOR,2007,DIGITALP,1937,Mr  30Bw  20Mh  20PO  10Sw  10Cb  10,Mr,70,NONE,NONE,NONE,67136,False,17.16517580486603,False,True,70,True,usable,61–80,True,False,False,False
182654995-025814,FOR,2007,DIGITALP,1927,Mh  50PO  20Mr  10Bd  10Be  10,Mh,80,NONE,NONE,NONE,67137,False,20.060921696307826,False,True,80,True,usable,61–80,True,True,False,False
182654995-015772,FOR,2007,DIGITALP,1947,Bf  30PO  20Bw  20Sw  20Sb  10,Bf,60,NONE,NONE,NONE,67138,False,7.320173712422176,False,True,60,True,usable,41–60,True,False,False,False
826999001,WAT,2007,DIGITALA,0,,,0,NONE,NONE,NONE,67139,False,0.8981205208574938,False,False,0,False,not_FOR,Excluded / non-forest,False,False,False,False
826999031,OMS,2007,DIGITALP,0,,,0,NONE,NONE,NONE,67140,False,1.131873794510665,False,False,0,False,not_FOR,Excluded / non-forest,False,False,False,False
182654995-025800,FOR,2007,DIGITALP,1917,PO  20Mr  20Bw  20Mh  20Bd  10Aw  10,PO,90,NONE,NONE,NONE,67141,False,5.641460419967392,False,True,90,True,usable,81–100,True,True,True,False
182654995-134293,UCL,2007,DIGITALP,0,,,0,NONE,NONE,NONE,67142,False,1.7106275956911907,False,False,0,False,not_FOR,Excluded / non-forest,False,False,False,False
182654995-025801,FOR,2007,DIGITALP,1917,Mh  50Mr  20PO  10Bd  10Aw  10,Mh,90,NONE,NONE,NONE,67143,False,9.102031308250831,False,True,90,True,usable,81–100,True,True,True,False
182654995-134294,UCL,2007,DIGITALP,0,,,0,NONE,NONE,NONE,67144,False,4.040699265453673,False,False,0,False,not_FOR,Excluded / non-forest,False,False,False,False
182654995-134296,UCL,2007,DIGITALP,0,,,0,NONE,NONE,NONE,67145,False,7.225427792712953,False,False,0,False,not_FOR,Excluded / non-forest,False,False,False,False
182654995-023386,FOR,2007,DIGITALP,1917,PO  20Mr  20Bw  10Mh  10Pw  10Sw  10Bd  10Aw  10,PO,90,NONE,NONE,NONE,67146,False,7.306592952784056,False,True,90,True,usable,81–100,True,True,True,False
182654995-025809,FOR,2007,DIGITALP,1962,Pr  70Bw  10Sw  10PO  10,Pr,45,NONE,NONE,NONE,67147,False,10.733561903571212,False,True,45,True,usable,41–60,False,False,False,False
182654995-015770,FOR,2007,DIGITALP,1967,Pr 100,Pr,40,NONE,NONE,NONE,67148,False,6.579048505553884,False,True,40,True,usable,21–40,False,False,False,False
182654995-134297,UCL,2007,DIGITALP,0,,,0,NONE,NONE,NONE,67149,False,1.0044706200221363,False,False,0,False,not_FOR,Excluded / non-forest,False,False,False,False
182654995-021212,FOR,2007,DIGITALP,1967,Pr  90Sw  10,Pr,40,NONE,NONE,NONE,67150,False,17.449963106818924,False,True,40,True,usable,21–40,False,False,False,False
182654995-014717,FOR,2007,DIGITALP,1947,PO  50Bw  30Mr  10Sw  10,PO,60,NONE,NONE,NONE,67151,False,38.176813824131514,False,True,60,True,usable,41–60,True,False,False,False
182654995-015719,FOR,2007,DIGITALP,1957,Bw  50Mr  20PO  20Mh  10,Bw,50,NONE,NONE,NONE,67152,False,3.7574491036169735,False,True,50,True,usable,41–60,False,False,False,False
182654995-014721,FOR,2007,DIGITALP,1937,PO  30Bw  20Bf  10Cw  10Mr  10Pb  10By  10,PO,70,NONE,NONE,NONE,67153,False,7.658461668702944,False,True,70,True,usable,61–80,True,False,False,False
182654995-013615,OMS,2007,DIGITALP,0,,,0,NONE,NONE,NONE,67154,False,0.38050264980633747,False,False,0,False,not_FOR,Excluded / non-forest,False,False,False,False
182654995-134303,UCL,2007,DIGITALP,0,,,0,NONE,NONE,NONE,67155,False,18.401049519732616,False,False,0,False,not_FOR,Excluded / non-forest,False,False,False,False
182654995-014722,FOR,2007,DIGITALP,1917,Mh  30PO  20Bw  20Mr  20Bd  10,Mh,90,NONE,NONE,NONE,67156,False,7.18604923574196,False,True,90,True,usable,81–100,True,True,True,False
182654995-120446,WAT,2007,DIGITALA,0,,,0,NONE,NONE,NONE,67157,False,0.564984244496657,False,False,0,False,not_FOR,Excluded / non-forest,False,False,False,False
182654995-014718,FOR,2007,DIGITALP,1907,Mh  80Mr  10Bd  10,Mh,100,NONE,NONE,NONE,67158,False,28.817489184606913,False,True,100,True,usable,81–100,True,True,True,True
826999050,FOR,2007,DIGITALP,1907,Pw  30Mh  30Pl  20Bw  10Mr  10,Pw,100,NONE,NONE,NONE,67159,False,5.582500152710761,False,True,100,True,usable,81–100,True,True,True,True
182654995-134310,UCL,2007,DIGITALP,0,,,0,NONE,NONE,NONE,67161,False,8.35939905890877,False,False,0,False,not_FOR,Excluded / non-forest,False,False,False,False
182654995-020207,FOR,2007,DIGITALP,1937,Bw  30Pw  20Mr  20He  10PO  10Mh  10,Bw,70,NONE,NONE,NONE,67162,False,25.99452826372402,False,True,70,True,usable,61–80,True,False,False,False
826999051,ISL,2007,DIGITALA,0,,,0,ISLD,NONE,NONE,67163,False,0.09738870098924991,False,False,0,False,not_FOR,Excluded / non-forest,False,False,False,False
182654995-014720,FOR,2007,DIGITALP,1937,PO  40Bw  30Mr  20Sw  10,PO,70,NONE,NONE,NONE,67164,False,9.95402371606513,False,True,70,True,usable,61–80,True,False,False,False
182654995-015951,FOR,2007,DIGITALP,1927,PO  50Bw  20Mr  20Mh  10,PO,80,NONE,NONE,NONE,67166,False,12.268539997515717,False,True,80,True,usable,61–80,True,True,False,False
182654995-014719,FOR,2007,DIGITALP,1917,PO  50Bw  20Sw  10Bf  10Pw  10,PO,90,NONE,NONE,NONE,67167,False,14.493346515272886,False,True,90,True,usable,81–100,True,True,True,False
182654995-015733,FOR,2007,DIGITALP,1917,Bw  20PO  20Mr  20Mh  10Ab  10Pb  10Cw  10,Bw,90,NONE,NONE,NONE,67169,False,14.336408805686826,False,True,90,True,usable,81–100,True,True,True,False
182654995-140615,ISL,2007,DIGITALA,0,,,0,ISLD,NONE,NONE,67171,False,0.48352082241845235,False,False,0,False,not_FOR,Excluded / non-forest,False,False,False,False
182654995-015734,FOR,2007,DIGITALP,1927,PO  50Mr  20Bd  10Mh  10Bw  10,PO,80,NONE,NONE,NONE,67172,False,7.110325883160703,False,True,80,True,usable,61–80,True,True,False,False
182654995-140616,ISL,2007,DIGITALA,0,,,0,ISLD,NONE,NONE,67173,False,0.21085593001411404,False,False,0,False,not_FOR,Excluded / non-forest,False,False,False,False
182654995-140617,ISL,2007,DIGITALA,0,,,0,ISLD,NONE,NONE,67175,False,0.6204690976754544,False,False,0,False,not_FOR,Excluded / non-forest,False,False,False,False
182654995-015945,FOR,2007,DIGITALP,1937,Bw  30PO  30Bf  20Sw  20,Bw,70,NONE,NONE,NONE,67176,False,35.392267221062106,False,True,70,True,usable,61–80,True,False,False,False
182654995-017132,FOR,2007,SUPINFO,1917,Mh  40Mr  20Bd  10Aw  10PO  10Pw  10,Mh,90,NONE,NONE,NONE,67177,False,2.7986142734434374,False,True,90,True,usable,81–100,True,True,True,False
182654995-134334,UCL,2007,DIGITALP,0,,,0,NONE,NONE,NONE,67179,False,53.84138724143365,False,False,0,False,not_FOR,Excluded / non-forest,False,False,False,False
182654995-015555,FOR,2007,DIGITALP,1947,Bf  30Bw  20Sw  20PO  10Cw  10Mr  10,Bf,60,NONE,NONE,NONE,67180,False,19.6146045501549,False,True,60,True,usable,41–60,True,False,False,False
182654995-017140,FOR,2007,DIGITALP,1917,PO  30Mr  20Mh  20Aw  10Bw  10Bd  10,PO,90,DAMG,NONE,NONE,67181,False,14.047620783451231,False,True,90,True,usable,81–100,True,True,True,False
182654995-017144,FOR,2007,DIGITALP,1947,PO  30Bw  20Mr  10Bf  10Sw  10He  10Pr  10,PO,60,NONE,NONE,NONE,67182,False,17.629055494860406,False,True,60,True,usable,41–60,True,False,False,False
182654995-017141,FOR,2007,DIGITALP,1937,Mr  20PO  20Bw  20Aw  10Mh  10Bd  10By  10,Mr,70,NONE,NONE,NONE,67183,False,10.66802999263177,False,True,70,True,usable,61–80,True,False,False,False
182654995-017131,FOR,2007,DIGITALP,1917,Mh  40Mr  20Bd  10Aw  10PO  10Bw  10,Mh,90,NONE,NONE,NONE,67184,False,23.7930815593587,False,True,90,True,usable,81–100,True,True,True,False
182654995-017143,FOR,2007,SUPINFO,1917,Mr  20PO  20Or  10Mh  10Sw  10He  10Bd  10Iw  10,Mr,90,NONE,NONE,NONE,67185,False,29.290503414976573,False,True,90,True,usable,81–100,True,True,True,False
182655000-120530,WAT,2007,DIGITALA,0,,,0,NONE,NONE,NONE,67216,False,0.03827775469346134,False,False,0,False,not_FOR,Excluded / non-forest,False,False,False,False
182655000-014461,OMS,2007,DIGITALP,0,,,0,NONE,NONE,NONE,67217,False,1.1823257271222947,False,False,0,False,not_FOR,Excluded / non-forest,False,False,False,False
182654995-014896,BSH,2007,DIGITALP,0,,,0,NONE,NONE,NONE,67218,False,1.6107442281614508,False,False,0,False,not_FOR,Excluded / non-forest,False,False,False,False
182654995-017145,FOR,2007,DIGITALP,1907,Mh  40Mr  20Bd  20Aw  10Iw  10,Mh,100,NONE,NONE,NONE,67230,False,29.692803846452247,False,True,100,True,usable,81–100,True,True,True,True
182655000-017129,FOR,2007,SUPINFO,1917,Mh  20Mr  20By  20Aw  20PO  10Bw  10,Mh,90,NONE,NONE,NONE,67232,False,2.8625757854609253,False,True,90,True,usable,81–100,True,True,True,False
182654995-017130,FOR,2007,SUPINFO,1917,Mh  40Mr  20Bd  20Aw  10PO  10,Mh,90,NONE,NONE,NONE,67233,False,27.86497474970925,False,True,90,True,usable,81–100,True,True,True,False
182654995-014895,OMS,2007,DIGITALP,0,,,0,NONE,NONE,NONE,67234,False,5.170488770310588,False,False,0,False,not_FOR,Excluded / non-forest,False,False,False,False
182654995-134356,UCL,2007,DIGITALP,0,,,0,NONE,NONE,NONE,67235,False,7.470426084724221,False,False,0,False,not_FOR,Excluded / non-forest,False,False,False,False
182704990-024087,FOR,2007,DIGITALP,1927,Mh  20Bd  20Mr  20Aw  20He  10Or  10,Mh,80,NONE,NONE,NONE,67492,False,4.336535702148356,False,True,80,True,usable,61–80,True,True,False,False
182704990-026029,OMS,2007,DIGITALP,0,,,0,NONE,NONE,NONE,67493,False,1.1497885979401978,False,False,0,False,not_FOR,Excluded / non-forest,False,False,False,False
827999004,OMS,2007,DIGITALP,0,,,0,NONE,NONE,NONE,67494,False,0.748467580092405,False,False,0,False,not_FOR,Excluded / non-forest,False,False,False,False
827999059,OMS,2007,DIGITALP,0,,,0,NONE,NONE,NONE,67495,False,1.0111336795580856,False,False,0,False,not_FOR,Excluded / non-forest,False,False,False,False
827999058,WAT,2007,DIGITALA,0,,,0,NONE,NONE,NONE,67496,False,3.9708010087123053,False,False,0,False,not_FOR,Excluded / non-forest,False,False,False,False
182704990-024088,FOR,2007,DIGITALP,1917,PO  60Bd  10Mr  10Mh  10Bw  10,PO,90,NONE,NONE,NONE,67497,False,2.834114599194679,False,True,90,True,usable,81–100,True,True,True,False
182704990-024089,FOR,2007,DIGITALP,1917,Mr  20Bd  10Mh  10Bf  10Aw  10Bw  10Sw  10He  10PO  10,Mr,90,NONE,NONE,NONE,67498,False,4.6886367594682055,False,True,90,True,usable,81–100,True,True,True,False
182704990-024664,FOR,2007,DIGITALP,1917,Or  40Bd  20Mr  20Mh  10Aw  10,Or,90,NONE,NONE,NONE,67499,False,16.288251833783743,False,True,90,True,usable,81–100,True,True,True,False
182704990-023959,FOR,2007,DIGITALP,1927,Ab  60Cw  20Bf  10Pb  10,Ab,80,NONE,NONE,NONE,67500,False,5.586034456573579,False,True,80,True,usable,61–80,True,True,False,False
182754990-024723,FOR,2007,DIGITALP,1937,Ab  50PO  30Bw  10Bf  10,Ab,70,NONE,NONE,NONE,67501,False,3.85306130572216,False,True,70,True,usable,61–80,True,False,False,False
182704990-023957,FOR,2007,DIGITALP,1927,Mh  50Mr  20Bd  10Bw  10PO  10,Mh,80,NONE,NONE,NONE,67502,False,8.597783696547515,False,True,80,True,usable,61–80,True,True,False,False
827999005,WAT,2007,DIGITALA,0,,,0,NONE,NONE,NONE,67503,False,7.599512450473616,False,False,0,False,not_FOR,Excluded / non-forest,False,False,False,False
182704990-134135,UCL,2007,DIGITALP,0,,,0,NONE,NONE,NONE,67504,False,1.3173023400161858,False,False,0,False,not_FOR,Excluded / non-forest,False,False,False,False
182704990-024665,FOR,2007,DIGITALP,1917,Mh  30Mr  20Bd  20Aw  20Or  10,Mh,90,NONE,NONE,NONE,67505,False,16.799928771542643,False,True,90,True,usable,81–100,True,True,True,False
182704990-024641,FOR,2007,DIGITALP,1927,Bw  20PO  20Mh  10Mr  10Bf  10Cw  10Sb  10Aw  10,Bw,80,NONE,NONE,NONE,67506,False,13.921247301175052,False,True,80,True,usable,61–80,True,True,False,False
182704990-023346,FOR,2007,DIGITALP,1927,Mh  20Mr  20Bd  10Aw  10He  10Pw  10Bw  10PO  10,Mh,80,NONE,NONE,NONE,67507,False,11.866304417680743,False,True,80,True,usable,61–80,True,True,False,False
827999006,OMS,2007,DIGITALP,0,,,0,NONE,NONE,NONE,67508,False,0.5970260790492672,False,False,0,False,not_FOR,Excluded / non-forest,False,False,False,False
182704990-024652,FOR,2007,DIGITALP,1917,Mh  60Bd  10Mr  10Bw  10He  10,Mh,90,NONE,NONE,NONE,67509,False,24.40806973196367,False,True,90,True,usable,81–100,True,True,True,False
182704990-022761,FOR,2007,DIGITALP,1937,Mh  20Mr  20Bd  10Aw  10He  10Pw  10Bw  10PO  10,Mh,70,NONE,NONE,NONE,67510,False,17.906196438656504,False,True,70,True,usable,61–80,True,False,False,False
182704990-134138,UCL,2007,DIGITALP,0,,,0,NONE,NONE,NONE,67511,False,0.7191156099772323,False,False,0,False,not_FOR,Excluded / non-forest,False,False,False,False
182704990-022582,OMS,2007,DIGITALP,0,,,0,NONE,NONE,NONE,67512,False,1.4629417253516661,False,False,0,False,not_FOR,Excluded / non-forest,False,False,False,False
182704990-022760,FOR,2007,DIGITALP,1937,Mr  20PO  20Bd  10Aw  10He  10Pw  10Bw  10Mh  10,Mr,70,NONE,NONE,NONE,67513,False,11.823568543996538,False,True,70,True,usable,61–80,True,False,False,False
827999060,WAT,2007,DIGITALA,0,,,0,NONE,NONE,NONE,67514,False,4.1305456706389965,False,False,0,False,not_FOR,Excluded / non-forest,False,False,False,False
182704990-023333,FOR,2007,DIGITALP,1937,Mh  20Mr  20Bd  20Or  20PO  10Aw  10,Mh,70,NONE,NONE,NONE,67515,False,11.91026893945491,False,True,70,True,usable,61–80,True,False,False,False
182704990-120130,WAT,2007,DIGITALA,0,,,0,NONE,NONE,NONE,67516,False,4.745480742895037,False,False,0,False,not_FOR,Excluded / non-forest,False,False,False,False
182704990-023302,FOR,2007,DIGITALP,1937,Bw  20Sw  20Mh  10Mr  10Aw  10PO  10Bf  10He  10,Bw,70,NONE,NONE,NONE,67517,False,13.536471664107477,False,True,70,True,usable,61–80,True,False,False,False
182704990-026027,OMS,2007,DIGITALP,0,,,0,NONE,NONE,NONE,67518,False,0.3014708056257479,False,False,0,False,not_FOR,Excluded / non-forest,False,False,False,False
182704990-134144,UCL,2007,DIGITALP,0,,,0,NONE,NONE,NONE,67519,False,3.775464735837193,False,False,0,False,not_FOR,Excluded / non-forest,False,False,False,False
182704990-024349,FOR,2007,DIGITALP,1917,Mh  50Mr  20Bd  10Aw  10Or  10,Mh,90,NONE,NONE,NONE,67520,False,15.577376601617269,False,True,90,True,usable,81–100,True,True,True,False
182704990-024657,FOR,2007,DIGITALP,1937,Mh  20He  20Mr  10Bw  10Bd  10Pw  10Or  10PO  10,Mh,70,NONE,NONE,NONE,67521,False,9.51811705183682,False,True,70,True,usable,61–80,True,False,False,False
182754990-023113,FOR,2007,DIGITALP,1947,Bw  20PO  20Pr  20Mh  10Mr  10Ab  10Sw  10,Bw,60,NONE,NONE,NONE,67522,False,17.77913968995814,False,True,60,True,usable,41–60,True,False,False,False
182704990-024661,FOR,2007,DIGITALP,1917,Mh  30Mr  20Bd  20Aw  20PO  10,Mh,90,NONE,NONE,NONE,67523,False,10.427002062660852,False,True,90,True,usable,81–100,True,True,True,False
827999063,WAT,2007,DIGITALA,0,,,0,NONE,NONE,NONE,67524,False,0.32904809414846736,False,False,0,False,not_FOR,Excluded / non-forest,False,False,False,False
182704990-023259,FOR,2007,DIGITALP,1927,Ab  80Sw  10Cw  10,Ab,80,NONE,NONE,NONE,67525,False,1.4555298378617454,False,True,80,True,usable,61–80,True,True,False,False
827999064,WAT,2007,DIGITALA,0,,,0,NONE,NONE,NONE,67526,False,0.07033314175328162,False,False,0,False,not_FOR,Excluded / non-forest,False,False,False,False
182704990-024653,FOR,2007,DIGITALP,1927,Mr  30Bw  20Bd  10Mh  10PO  10He  10Sw  10,Mr,80,NONE,NONE,NONE,67527,False,8.808724409602418,False,True,80,True,usable,61–80,True,True,False,False
182704990-026031,FOR,2007,DIGITALP,1917,Mr  20Bd  20Mh  10PO  10Aw  10Bw  10Sw  10He  10,Mr,90,NONE,NONE,NONE,67528,False,12.82874834333853,False,True,90,True,usable,81–100,True,True,True,False
827999051,WAT,2007,DIGITALA,0,,,0,NONE,NONE,NONE,67529,False,0.10881174536641842,False,False,0,False,not_FOR,Excluded / non-forest,False,False,False,False
182704990-134145,UCL,2007,DIGITALP,0,,,0,NONE,NONE,NONE,67530,False,10.494340926369752,False,False,0,False,not_FOR,Excluded / non-forest,False,False,False,False
182704990-024629,FOR,2007,DIGITALP,1937,Mr  30Mh  20Bd  20Aw  10He  10PO  10,Mr,70,NONE,NONE,NONE,67531,False,16.49958882133901,False,True,70,True,usable,61–80,True,False,False,False
182704990-024658,FOR,2007,DIGITALP,1917,Mh  60Mr  20Bd  10Bw  10,Mh,90,NONE,NONE,NONE,67532,False,12.040045455942344,False,True,90,True,usable,81–100,True,True,True,False
182704990-023995,FOR,2007,DIGITALP,1927,Or  30Bd  20Mr  20Mh  10PO  10Iw  10,Or,80,NONE,NONE,NONE,67533,False,21.825859432219875,False,True,80,True,usable,61–80,True,True,False,False
182704990-022662,OMS,2007,DIGITALP,0,,,0,NONE,NONE,NONE,67534,False,1.4652412389058291,False,False,0,False,not_FOR,Excluded / non-forest,False,False,False,False
182704990-026030,FOR,2007,DIGITALP,1937,Bw  30Sw  20PO  20Mh  10Mr  10Cw  10,Bw,70,NONE,NONE,NONE,67535,False,4.190381357661039,False,True,70,True,usable,61–80,True,False,False,False
182704990-023953,OMS,2007,DIGITALP,0,,,0,NONE,NONE,NONE,67536,False,3.5086780209933677,False,False,0,False,not_FOR,Excluded / non-forest,False,False,False,False
182754990-024731,FOR,2007,DIGITALP,1977,Bw  40PO  20Mh  10Mr  10Bf  10Sw  10,Bw,30,NONE,NONE,NONE,67537,False,11.766483324869288,False,True,30,True,usable,21–40,False,False,False,False
182704990-023954,FOR,2007,DIGITALP,1927,Or  40Mh  20Bd  10Mr  10Iw  10PO  10,Or,80,NONE,NONE,NONE,67538,False,23.67495389236573,False,True,80,True,usable,61–80,True,True,False,False
182704990-023356,OMS,2007,DIGITALP,0,,,0,NONE,NONE,NONE,67539,False,0.7570644355710349,False,False,0,False,not_FOR,Excluded / non-forest,False,False,False,False
182754990-026032,FOR,2007,DIGITALP,1937,Bf  30Sw  20Bw  20Cw  10PO  10Pr  10,Bf,70,NONE,NONE,NONE,67540,False,11.923148888003903,False,True,70,True,usable,61–80,True,False,False,False
182704990-024733,FOR,2007,DIGITALP,1957,PO  20Bf  20Bw  20Mh  10Mr  10Sw  10He  10,PO,50,NONE,NONE,NONE,67541,False,9.163624352693299,False,True,50,True,usable,41–60,False,False,False,False
182704990-022778,OMS,2007,DIGITALP,0,,,0,NONE,NONE,NONE,67542,False,0.48133590353867656,False,False,0,False,not_FOR,Excluded / non-forest,False,False,False,False
182704990-026462,FOR,2007,DIGITALP,1937,Bf  40Sw  20Sb  20Bw  10PO  10,Bf,70,NONE,NONE,NONE,67543,False,2.0383003369798227,False,True,70,True,usable,61–80,True,False,False,False
182704990-140581,ISL,2007,DIGITALA,0,,,0,ISLD,NONE,NONE,67544,False,0.03857318413054075,False,False,0,False,not_FOR,Excluded / non-forest,False,False,False,False
182754990-134150,UCL,2007,DIGITALP,0,,,0,NONE,NONE,NONE,67545,False,7.72728882048386,False,False,0,False,not_FOR,Excluded / non-forest,False,False,False,False
182704990-140582,ISL,2007,DIGITALA,0,,,0,ISLD,NONE,NONE,67546,False,0.36318933297246025,False,False,0,False,not_FOR,Excluded / non-forest,False,False,False,False
182704990-022804,FOR,2007,DIGITALP,1937,Mr  20PO  20Bd  10He  10Aw  10Mh  10Bw  10Sw  10,Mr,70,NONE,NONE,NONE,67547,False,13.288610890838905,False,True,70,True,usable,61–80,True,False,False,False
182704990-024637,FOR,2007,DIGITALP,1947,PO  40Bw  40Sw  10Mr  10,PO,60,NONE,NONE,NONE,67548,False,8.107224075245563,False,True,60,True,usable,41–60,True,False,False,False
182704990-023956,FOR,2007,DIGITALP,1937,Mh  30PO  20Mr  20Aw  10Bw  10Bd  10,Mh,70,NONE,NONE,NONE,67549,False,16.785417475843545,False,True,70,True,usable,61–80,True,False,False,False
182704990-134153,UCL,2007,DIGITALP,0,,,0,NONE,NONE,NONE,67550,False,11.114074522677088,False,False,0,False,not_FOR,Excluded / non-forest,False,False,False,False
182704990-024735,FOR,2007,DIGITALP,1927,Bw  20PO  20Aw  10Mh  10Mr  10Bd  10Bf  10Sw  10,Bw,80,NONE,NONE,NONE,67551,False,14.534651544200967,False,True,80,True,usable,61–80,True,True,False,False
182704990-023996,FOR,2007,DIGITALP,1937,Mh  20Mr  20Bd  10Aw  10He  10Pw  10Bw  10PO  10,Mh,70,NONE,NONE,NONE,67552,False,26.463048208967724,False,True,70,True,usable,61–80,True,False,False,False
182704990-138920,UCL,2007,DIGITALP,0,,,0,NONE,NONE,NONE,67553,False,3.5228717216350756,False,False,0,False,not_FOR,Excluded / non-forest,False,False,False,False
182704990-023997,FOR,2007,DIGITALP,1927,Mh  20Mr  20PO  20Bd  10Aw  10Bw  10Sw  10,Mh,80,NONE,NONE,NONE,67554,False,12.62523226974986,False,True,80,True,usable,61–80,True,True,False,False
182704990-024654,FOR,2007,DIGITALP,1907,Mh  70Mr  20Bd  10,Mh,100,NONE,NONE,NONE,67555,False,25.324632071498915,False,True,100,True,usable,81–100,True,True,True,True
182704990-120151,WAT,2007,DIGITALA,0,,,0,NONE,NONE,NONE,67556,False,27.99294974532644,False,False,0,False,not_FOR,Excluded / non-forest,False,False,False,False
182704990-120152,WAT,2007,DIGITALA,0,,,0,NONE,NONE,NONE,67557,False,6.797668550000427,False,False,0,False,not_FOR,Excluded / non-forest,False,False,False,False
182704990-022732,OMS,2007,DIGITALP,0,,,0,NONE,NONE,NONE,67558,False,0.5109301925362238,False,False,0,False,not_FOR,Excluded / non-forest,False,False,False,False
182704990-134159,UCL,2007,DIGITALP,0,,,0,NONE,NONE,NONE,67559,False,9.565824556534007,False,False,0,False,not_FOR,Excluded / non-forest,False,False,False,False
182704990-023413,FOR,2007,DIGITALP,1927,Mr  20Bd  10Or  10PO  10Aw  10Sw  10Mh  10Iw  10He  10,Mr,80,NONE,NONE,NONE,67560,False,15.977301183424089,False,True,80,True,usable,61–80,True,True,False,False
182704990-024347,TMS,2007,DIGITALP,0,,,0,NONE,NONE,NONE,67561,False,1.5862905353588574,False,False,0,False,not_FOR,Excluded / non-forest,False,False,False,False
827999056,WAT,2007,DIGITALA,0,,,0,NONE,NONE,NONE,67562,False,0.07259882762253111,False,False,0,False,not_FOR,Excluded / non-forest,False,False,False,False
827999048,WAT,2007,DIGITALA,0,,,0,NONE,NONE,NONE,67563,False,2.244059691368699,False,False,0,False,not_FOR,Excluded / non-forest,False,False,False,False
182704990-024273,FOR,2007,DIGITALP,1907,Mh  30Mr  20Bd  20PO  20Aw  10,Mh,100,NONE,NONE,NONE,67564,False,9.563401204415243,False,True,100,True,usable,81–100,True,True,True,True
182754990-023303,FOR,2007,DIGITALP,1967,Bw  30PO  20Cw  10Mr  10Bf  10Sw  10Pw  10,Bw,40,NONE,NONE,NONE,67565,False,17.464667074313024,False,True,40,True,usable,21–40,False,False,False,False
827999050,WAT,2007,DIGITALA,0,,,0,NONE,NONE,NONE,67566,False,0.4629221908435657,False,False,0,False,not_FOR,Excluded / non-forest,False,False,False,False
827999055,WAT,2007,DIGITALA,0,,,0,NONE,NONE,NONE,67567,False,0.17677076348638526,False,False,0,False,not_FOR,Excluded / non-forest,False,False,False,False
182754990-023300,FOR,2007,DIGITALP,1917,PO  20Mh  20Mr  20Bd  10Bw  10Sw  10Bf  10,PO,90,NONE,NONE,NONE,67568,False,20.242841929757265,False,True,90,True,usable,81–100,True,True,True,False
827999061,WAT,2007,DIGITALA,0,,,0,NONE,NONE,NONE,67569,False,3.2317180384522275,False,False,0,False,not_FOR,Excluded / non-forest,False,False,False,False
182704990-023299,FOR,2007,DIGITALP,1927,Cw  40Bf  20Sb  10La  10Sw  10Bw  10,Cw,80,NONE,NONE,NONE,67570,False,2.6189582993711147,False,True,80,True,usable,61–80,True,True,False,False
182704990-138921,UCL,2007,DIGITALP,0,,,0,NONE,NONE,NONE,67571,False,3.0101730135099674,False,False,0,False,not_FOR,Excluded / non-forest,False,False,False,False
182754990-023436,BSH,2007,DIGITALP,0,,,0,NONE,NONE,NONE,67572,False,1.7976574123918712,False,False,0,False,not_FOR,Excluded / non-forest,False,False,False,False
182704990-022579,FOR,2007,DIGITALP,1917,Mr  30Bw  20PO  20Bd  10Aw  10Mh  10,Mr,90,NONE,NONE,NONE,67573,False,27.054829273343238,False,True,90,True,usable,81–100,True,True,True,False
182704990-026026,FOR,2007,DIGITALP,1907,Bd  30Mr  20Mh  20Aw  20PO  10,Bd,100,NONE,NONE,NONE,67574,False,8.297020207184207,False,True,100,True,usable,81–100,True,True,True,True
182754990-024734,FOR,2007,DIGITALP,1907,Mh  60Mr  20Bd  10Aw  10,Mh,100,NONE,NONE,NONE,67575,False,6.5517873347004585,False,True,100,True,usable,81–100,True,True,True,True
182704990-134162,UCL,2007,DIGITALP,0,,,0,NONE,NONE,NONE,67576,False,3.5908919947090863,False,False,0,False,not_FOR,Excluded / non-forest,False,False,False,False
182704990-138922,UCL,2007,DIGITALP,0,,,0,NONE,NONE,NONE,67577,False,1.6438570052710646,False,False,0,False,not_FOR,Excluded / non-forest,False,False,False,False
182704990-023451,OMS,2007,DIGITALP,0,,,0,NONE,NONE,NONE,67578,False,0.9232922772048187,False,False,0,False,not_FOR,Excluded / non-forest,False,False,False,False
182704990-023412,FOR,2007,DIGITALP,1937,Mr  20Bd  20Aw  20Mh  20Or  10PO  10,Mr,70,NONE,NONE,NONE,67579,False,10.472942069288028,False,True,70,True,usable,61–80,True,False,False,False
182704990-134169,UCL,2007,DIGITALP,0,,,0,NONE,NONE,NONE,67580,False,14.495815900155172,False,False,0,False,not_FOR,Excluded / non-forest,False,False,False,False
182704990-023129,FOR,2007,DIGITALP,1907,Or  70Bd  10Iw  10Mh  10,Or,100,NONE,NONE,NONE,67581,False,17.102722144739364,False,True,100,True,usable,81–100,True,True,True,True
182704990-120169,WAT,2007,DIGITALA,0,,,0,NONE,NONE,NONE,67582,False,1.5207402709375495,False,False,0,False,not_FOR,Excluded / non-forest,False,False,False,False
182704990-025941,FOR,2007,DIGITALP,1917,Or  70Mh  10Mr  10Iw  10,Or,90,NONE,NONE,NONE,67583,False,15.03192078432092,False,True,90,True,usable,81–100,True,True,True,False
182754990-023402,BSH,2007,DIGITALP,0,,,0,NONE,NONE,NONE,67584,False,1.973622904203829,False,False,0,False,not_FOR,Excluded / non-forest,False,False,False,False
827999049,WAT,2007,DIGITALA,0,,,0,NONE,NONE,NONE,67585,False,2.7090404329054945,False,False,0,False,not_FOR,Excluded / non-forest,False,False,False,False
182704990-022857,FOR,2007,DIGITALP,1927,Or  30Bd  20Mr  20PO  10Aw  10Mh  10,Or,80,NONE,NONE,NONE,67586,False,26.758368456037214,False,True,80,True,usable,61–80,True,True,False,False
182704990-022855,FOR,2007,DIGITALP,1917,Mh  20Mr  20Bd  20PO  20Aw  10Bw  10,Mh,90,NONE,NONE,NONE,67587,False,6.641479213410447,False,True,90,True,usable,81–100,True,True,True,False
182704990-023125,FOR,2007,DIGITALP,1937,Mr  20PO  20Aw  20Bw  10Bd  10Mh  10Or  10,Mr,70,NONE,NONE,NONE,67588,False,12.607282920628617,False,True,70,True,usable,61–80,True,False,False,False
182704990-023207,OMS,2007,DIGITALP,0,,,0,NONE,NONE,NONE,67589,False,1.2885206844911257,False,False,0,False,not_FOR,Excluded / non-forest,False,False,False,False
182704990-023666,FOR,2007,DIGITALP,1917,Mh  30Bd  20Aw  20Mr  20Or  10,Mh,90,NONE,NONE,NONE,67590,False,27.343453808335063,False,True,90,True,usable,81–100,True,True,True,False
182704990-023124,FOR,2007,DIGITALP,1917,Mr  20Bd  20Aw  20Mh  20Bw  10PO  10,Mr,90,NONE,NONE,NONE,67591,False,26.536228907791443,False,True,90,True,usable,81–100,True,True,True,False
182704990-023595,FOR,2007,DIGITALP,1937,Bw  30PO  20Sw  10He  10Mr  10Bf  10Pw  10,Bw,70,NONE,NONE,NONE,67592,False,21.735905777530245,False,True,70,True,usable,61–80,True,False,False,False
182704990-024272,FOR,2007,DIGITALP,1907,Mh  20Mr  20Bd  20PO  20Aw  10Pw  10,Mh,100,NONE,NONE,NONE,67593,False,12.379362238062573,False,True,100,True,usable,81–100,True,True,True,True
182704990-134176,UCL,2007,DIGITALP,0,,,0,NONE,NONE,NONE,67594,False,1.9837511241430137,False,False,0,False,not_FOR,Excluded / non-forest,False,False,False,False
827999052,WAT,2007,DIGITALA,0,,,0,NONE,NONE,NONE,67595,False,0.6052827148297254,False,False,0,False,not_FOR,Excluded / non-forest,False,False,False,False
182704990-023457,FOR,2007,DIGITALP,1907,Mh  30Mr  20Bd  20Aw  20PO  10,Mh,100,NONE,NONE,NONE,67596,False,7.759429636155169,False,True,100,True,usable,81–100,True,True,True,True
182704990-024271,FOR,2007,DIGITALP,1897,Mh  80Mr  10PO  10,Mh,110,NONE,NONE,NONE,67597,False,18.135107725088922,False,True,110,True,usable,101–150,True,True,True,True
182704990-023123,FOR,2007,DIGITALP,1917,Mh  30Mr  20Bd  20Iw  10Or  10Aw  10,Mh,90,NONE,NONE,NONE,67598,False,15.989095330492416,False,True,90,True,usable,81–100,True,True,True,False
182704990-023665,FOR,2007,DIGITALP,1927,Bw  30PO  30Mr  20Mh  10Sw  10,Bw,80,NONE,NONE,NONE,67599,False,17.123947263109912,False,True,80,True,usable,61–80,True,True,False,False
182704990-023841,FOR,2007,DIGITALP,1927,Mr  30Bw  20Bd  10PO  10Aw  10Mh  10Sw  10,Mr,80,NONE,NONE,NONE,67600,False,19.41450422988429,False,True,80,True,usable,61–80,True,True,False,False
182754990-023662,FOR,2007,DIGITALP,1927,PO  30Bd  20Bw  20Mr  10Mh  10Sw  10,PO,80,NONE,NONE,NONE,67601,False,24.286663073946382,False,True,80,True,usable,61–80,True,True,False,False
182704990-022832,OMS,2007,DIGITALP,0,,,0,NONE,NONE,NONE,67602,False,9.179190679036672,False,False,0,False,not_FOR,Excluded / non-forest,False,False,False,False
182704990-120193,WAT,2007,DIGITALA,0,,,0,NONE,NONE,NONE,67603,False,3.042490734641267,False,False,0,False,not_FOR,Excluded / non-forest,False,False,False,False
182704990-023496,OMS,2007,DIGITALP,0,,,0,NONE,NONE,NONE,67604,False,1.7104070642673086,False,False,0,False,not_FOR,Excluded / non-forest,False,False,False,False
182754990-023663,FOR,2007,DIGITALP,1927,Mh  60Mr  20Bd  10PO  10,Mh,80,NONE,NONE,NONE,67605,False,19.993406276682926,False,True,80,True,usable,61–80,True,True,False,False
827999011,OMS,2007,DIGITALP,0,,,0,NONE,NONE,NONE,67606,False,0.6857301193118744,False,False,0,False,not_FOR,Excluded / non-forest,False,False,False,False
182704990-023839,FOR,2007,DIGITALP,1927,Mh  50Mr  20PO  10Aw  10Bd  10,Mh,80,NONE,NONE,NONE,67607,False,18.324108658919954,False,True,80,True,usable,61–80,True,True,False,False
182704990-023304,FOR,2007,DIGITALP,1937,Bf  40Sb  20Bw  20PO  10Cw  10,Bf,70,NONE,NONE,NONE,67608,False,6.2432228009498845,False,True,70,True,usable,61–80,True,False,False,False
182704990-023840,FOR,2007,DIGITALP,1917,Mr  30PO  20Mh  20Aw  20Bd  10,Mr,90,NONE,NONE,NONE,67609,False,24.677727725201724,False,True,90,True,usable,81–100,True,True,True,False
182704990-137977,UCL,2007,DIGITALP,0,,,0,NONE,NONE,NONE,67610,False,7.89153064419055,False,False,0,False,not_FOR,Excluded / non-forest,False,False,False,False
182704990-023301,FOR,2007,DIGITALP,1917,Pr  30PO  30He  20Bw  10Mr  10,Pr,90,NONE,NONE,NONE,67611,False,8.103337493217975,False,True,90,True,usable,81–100,True,True,True,False
182704990-023664,FOR,2007,DIGITALP,1937,Bw  20Sw  20Bf  20Pw  10PO  10Mr  10Pr  10,Bw,70,NONE,NONE,NONE,67612,False,14.80414014627428,False,True,70,True,usable,61–80,True,False,False,False
182704990-023351,FOR,2007,DIGITALP,1917,Or  60Mr  10Iw  10Mh  10He  10,Or,90,NONE,NONE,NONE,67613,False,39.328485699609296,False,True,90,True,usable,81–100,True,True,True,False
827999010,WAT,2007,DIGITALA,0,,,0,NONE,NONE,NONE,67614,False,5.432745440019403,False,False,0,False,not_FOR,Excluded / non-forest,False,False,False,False
182704990-023476,GRS,2007,DIGITALP,0,,,0,NONE,NONE,NONE,67615,False,1.1870953407269924,False,False,0,False,not_FOR,Excluded / non-forest,False,False,False,False
182704990-026443,FOR,2007,DIGITALP,1927,Or  30Bd  20Iw  10Mh  10He  10Mr  10PO  10,Or,80,NONE,NONE,NONE,67616,False,33.01938240834396,False,True,80,True,usable,61–80,True,True,False,False
182704990-023537,OMS,2007,DIGITALP,0,,,0,NONE,NONE,NONE,67617,False,4.19304523414612,False,False,0,False,not_FOR,Excluded / non-forest,False,False,False,False
182704990-023350,FOR,2007,DIGITALP,1987,Bw  30PO  30Mr  20Sw  10Aw  10,Bw,20,NONE,NONE,NONE,67618,False,2.913136118826386,False,True,20,True,usable,1–20,False,False,False,False
182704990-022848,FOR,2007,DIGITALP,1927,Bd  20He  20Pr  10Or  10PO  10Pw  10Sw  10Mr  10,Bd,80,ROCK,STEP,NONE,67619,False,9.196987607032378,False,True,80,True,usable,61–80,True,True,False,False
182704990-024275,FOR,2007,DIGITALP,1917,Mr  20Aw  20Bd  20Mh  10Or  10Iw  10Pw  10,Mr,90,NONE,NONE,NONE,67620,False,16.530497748783592,False,True,90,True,usable,81–100,True,True,True,False
182704990-023976,FOR,2007,DIGITALP,1927,Bw  20Aw  20Mr  20PO  10Bf  10By  10Bd  10,Bw,80,NONE,NONE,NONE,67621,False,4.758831961925974,False,True,80,True,usable,61–80,True,True,False,False
182704990-134189,UCL,2007,DIGITALP,0,,,0,NONE,NONE,NONE,67622,False,2.643492444226403,False,False,0,False,not_FOR,Excluded / non-forest,False,False,False,False
182704990-023837,FOR,2007,DIGITALP,1927,PO  20Mr  20Bw  20Pw  10Mh  10Sw  10He  10,PO,80,NONE,NONE,NONE,67623,False,6.972954445704265,False,True,80,True,usable,61–80,True,True,False,False
182704990-022961,OMS,2007,DIGITALP,0,,,0,NONE,NONE,NONE,67624,False,1.976184757348583,False,False,0,False,not_FOR,Excluded / non-forest,False,False,False,False
182704990-023024,OMS,2007,DIGITALP,0,,,0,NONE,NONE,NONE,67625,False,0.5872622853887143,False,False,0,False,not_FOR,Excluded / non-forest,False,False,False,False
182704990-024348,FOR,2007,DIGITALP,1987,Bw  40PO  30Bf  10Sw  10Mr  10,Bw,20,NONE,NONE,NONE,67626,False,8.159913439734073,False,True,20,True,usable,1–20,False,False,False,False
182704990-023288,FOR,2007,DIGITALP,1907,Mr  30Mh  20Bd  10Aw  10He  10Pw  10Sw  10,Mr,100,NONE,NONE,NONE,67627,False,4.730699514016498,False,True,100,True,usable,81–100,True,True,True,True
182704990-022853,FOR,2007,DIGITALP,1927,Mr  20He  20Pw  20Aw  10Mh  10Sw  10Or  10,Mr,80,NONE,NONE,NONE,67628,False,30.189317574328697,False,True,80,True,usable,61–80,True,True,False,False
182704990-134192,UCL,2007,DIGITALP,0,,,0,NONE,NONE,NONE,67629,False,4.4094956704818,False,False,0,False,not_FOR,Excluded / non-forest,False,False,False,False
182704990-022670,FOR,2007,DIGITALP,1917,Or  60Mr  10Iw  10Mh  10He  10,Or,90,NONE,NONE,NONE,67630,False,16.234810737017273,False,True,90,True,usable,81–100,True,True,True,False
182704990-023501,OMS,2007,DIGITALP,0,,,0,NONE,NONE,NONE,67631,False,3.6051012931647266,False,False,0,False,not_FOR,Excluded / non-forest,False,False,False,False
182704990-022781,FOR,2007,DIGITALP,1967,Bw  30PO  20Bf  20Mr  10Sw  10Ab  10,Bw,40,NONE,NONE,NONE,67632,False,3.9377116109223986,False,True,40,True,usable,21–40,False,False,False,False
182704990-023508,OMS,2007,DIGITALP,0,,,0,NONE,NONE,NONE,67633,False,1.568745448609457,False,False,0,False,not_FOR,Excluded / non-forest,False,False,False,False
182704990-023977,FOR,2007,DIGITALP,1917,Or  70Mr  10Iw  10Be  10,Or,90,NONE,NONE,NONE,67634,False,31.514132968402066,False,True,90,True,usable,81–100,True,True,True,False
182704990-023600,OMS,2007,DIGITALP,0,,,0,NONE,NONE,NONE,67635,False,1.6490425687574668,False,False,0,False,not_FOR,Excluded / non-forest,False,False,False,False
182704990-023403,FOR,2007,DIGITALP,1917,Mr  30Mh  20PO  10Pw  10Bw  10Bd  10He  10,Mr,90,NONE,NONE,NONE,67636,False,11.210229572993093,False,True,90,True,usable,81–100,True,True,True,False
182704990-022852,FOR,2007,DIGITALP,1927,Mr  30Mh  20Bd  20Aw  10Or  10Pw  10,Mr,80,NONE,NONE,NONE,67637,False,9.18199455561137,False,True,80,True,usable,61–80,True,True,False,False
182704990-024274,FOR,2007,DIGITALP,1917,Mr  40Mh  20Bd  20PO  10Aw  10,Mr,90,NONE,NONE,NONE,67638,False,25.70969946938385,False,True,90,True,usable,81–100,True,True,True,False
182704990-023286,FOR,2007,DIGITALP,1927,Mr  30Mh  20Aw  20Bd  20PO  10,Mr,80,NONE,NONE,NONE,67639,False,7.0168049675801205,False,True,80,True,usable,61–80,True,True,False,False
182754990-023834,FOR,2007,DIGITALP,1937,Bw  40PO  30Bf  10Sw  10Pw  10,Bw,70,NONE,NONE,NONE,67640,False,22.04142662753065,False,True,70,True,usable,61–80,True,False,False,False
182704990-024351,FOR,2007,DIGITALP,1927,Mr  30Mh  20He  20Aw  10Pw  10Sw  10,Mr,80,NONE,NONE,NONE,67641,False,24.940120260931216,False,True,80,True,usable,61–80,True,True,False,False
182704990-026527,FOR,2007,DIGITALP,1937,PO  20Bw  20Bf  10He  10Mr  10Mh  10Sw  10Ab  10,PO,70,NONE,NONE,NONE,67642,False,22.612669180505076,False,True,70,True,usable,61–80,True,False,False,False
182704990-023838,FOR,2007,DIGITALP,1937,Mr  20Bd  20Bw  20Iw  10Aw  10Mh  10PO  10,Mr,70,NONE,NONE,NONE,67643,False,12.68322868941667,False,True,70,True,usable,61–80,True,False,False,False
182704990-023404,FOR,2007,DIGITALP,1947,Bw  30PO  20Bf  20He  10Mr  10Sb  10,Bw,60,NONE,NONE,NONE,67644,False,40.147705388443356,False,True,60,True,usable,41–60,True,False,False,False
182754990-025281,FOR,2007,DIGITALP,1917,PO  30Mr  20Mh  10Bd  10Aw  10Sw  10Bw  10,PO,90,NONE,NONE,NONE,67645,False,7.11346326151723,False,True,90,True,usable,81–100,True,True,True,False
182704990-023136,BSH,2007,DIGITALP,0,,,0,NONE,NONE,NONE,67646,False,6.801407467207822,False,False,0,False,not_FOR,Excluded / non-forest,False,False,False,False
182704990-022780,FOR,2007,DIGITALP,1927,PO  20Mr  20Mh  20Pw  10Bw  10Sw  10He  10,PO,80,NONE,NONE,NONE,67647,False,21.071395380517256,False,True,80,True,usable,61–80,True,True,False,False
182704990-137978,UCL,2007,DIGITALP,0,,,0,NONE,NONE,NONE,67648,False,3.5916460226545475,False,False,0,False,not_FOR,Excluded / non-forest,False,False,False,False
182704990-023381,DAL,2007,DIGITALP,0,,,0,NONE,NONE,NONE,67649,False,27.420211430164667,False,False,0,False,not_FOR,Excluded / non-forest,False,False,False,False
827999065,WAT,2007,DIGITALA,0,,,0,NONE,NONE,NONE,67650,False,0.7104293004294037,False,False,0,False,not_FOR,Excluded / non-forest,False,False,False,False
182704990-120254,WAT,2007,DIGITALA,0,,,0,NONE,NONE,NONE,67651,False,6.958493029136471,False,False,0,False,not_FOR,Excluded / non-forest,False,False,False,False
182704990-022960,FOR,2007,DIGITALP,1937,Bw  40PO  40Sw  10Mr  10,Bw,70,NONE,NONE,NONE,67652,False,9.417160030222517,False,True,70,True,usable,61–80,True,False,False,False
182704990-023810,OMS,2007,DIGITALP,0,,,0,NONE,NONE,NONE,67653,False,3.1026420244169315,False,False,0,False,not_FOR,Excluded / non-forest,False,False,False,False
182704990-023978,FOR,2007,DIGITALP,1967,Bw  40PO  30Mr  20Mh  10,Bw,40,NONE,NONE,NONE,67654,False,6.577024549592551,False,True,40,True,usable,21–40,False,False,False,False
182704990-023289,FOR,2007,DIGITALP,1927,Mh  20Mr  20Bd  20Aw  10Or  10Pr  10Sw  10,Mh,80,NONE,NONE,NONE,67655,False,18.322648533593117,False,True,80,True,usable,61–80,True,True,False,False
182704990-022796,OMS,2007,DIGITALP,0,,,0,NONE,NONE,NONE,67656,False,4.43459642847426,False,False,0,False,not_FOR,Excluded / non-forest,False,False,False,False
182704990-023979,FOR,2007,DIGITALP,1917,Or  60Mh  10Iw  10Mr  10Bd  10,Or,90,NONE,NONE,NONE,67657,False,21.101316081978577,False,True,90,True,usable,81–100,True,True,True,False
182704990-134209,UCL,2007,DIGITALP,0,,,0,NONE,NONE,NONE,67658,False,6.303454374300042,False,False,0,False,not_FOR,Excluded / non-forest,False,False,False,False
182704990-025236,FOR,2007,DIGITALP,1927,Or  20PO  20Bw  10He  10Mr  10Mh  10Sw  10Pw  10,Or,80,NONE,NONE,NONE,67659,False,21.52703559812513,False,True,80,True,usable,61–80,True,True,False,False
182754990-023836,FOR,2007,DIGITALP,1937,PO  40Mr  20Bw  10Mh  10Sw  10Pw  10,PO,70,NONE,NONE,NONE,67660,False,15.257308912032212,False,True,70,True,usable,61–80,True,False,False,False
182704990-134214,UCL,2007,DIGITALP,0,,,0,NONE,NONE,NONE,67661,False,16.104000981822683,False,False,0,False,not_FOR,Excluded / non-forest,False,False,False,False
182704990-025170,FOR,2007,DIGITALP,1907,Mh  40Mr  20Bd  10Aw  10By  10Bw  10,Mh,100,NONE,NONE,NONE,67662,False,14.445968893298987,False,True,100,True,usable,81–100,True,True,True,True
182704990-025208,FOR,2007,DIGITALP,1977,PO  50Bw  30Mr  10Bf  10,PO,30,NONE,NONE,NONE,67663,False,5.523301056141573,False,True,30,True,usable,21–40,False,False,False,False
182754990-025237,FOR,2007,DIGITALP,1927,PO  30Mr  20Bw  10Mh  10Sw  10Pw  10Bd  10,PO,80,NONE,NONE,NONE,67664,False,16.20083597562186,False,True,80,True,usable,61–80,True,True,False,False
182704990-140597,ISL,2007,DIGITALA,0,,,0,ISLD,NONE,NONE,67665,False,0.04549507836835715,False,False,0,False,not_FOR,Excluded / non-forest,False,False,False,False
182704990-025206,FOR,2007,DIGITALP,1927,Mr  20Bw  20By  10Mh  10He  10PO  10Sw  10Bf  10,Mr,80,NONE,NONE,NONE,67666,False,15.166052086871598,False,True,80,True,usable,61–80,True,True,False,False
182704990-120270,WAT,2007,DIGITALA,0,,,0,NONE,NONE,NONE,67667,False,15.971314413397323,False,False,0,False,not_FOR,Excluded / non-forest,False,False,False,False
182704990-025172,FOR,2007,DIGITALP,1927,Mr  20Mh  10Bd  10Aw  10Bw  10He  10PO  10Sw  10Bf  10,Mr,80,NONE,NONE,NONE,67668,False,19.998565436969137,False,True,80,True,usable,61–80,True,True,False,False
182704990-025235,FOR,2007,DIGITALP,1927,Bf  20Sw  20Bw  20PO  20Mr  10By  10,Bf,80,NONE,NONE,NONE,67669,False,14.240524349599344,False,True,80,True,usable,61–80,True,True,False,False
827999044,WAT,2007,DIGITALA,0,,,0,NONE,NONE,NONE,67670,False,0.42047121825467565,False,False,0,False,not_FOR,Excluded / non-forest,False,False,False,False
182704990-025175,FOR,2007,DIGITALP,1917,Mh  70Mr  20Bd  10,Mh,90,NONE,NONE,NONE,67671,False,7.725042513905285,False,True,90,True,usable,81–100,True,True,True,False
182704990-023617,OMS,2007,DIGITALP,0,,,0,NONE,NONE,NONE,67672,False,1.871525900729182,False,False,0,False,not_FOR,Excluded / non-forest,False,False,False,False
182704990-023380,FOR,2007,DIGITALP,1917,Pr  50Mh  20Mr  10Bw  10PO  10,Pr,90,NONE,NONE,NONE,67673,False,8.374559457655161,False,True,90,True,usable,81–100,True,True,True,False
182704990-023379,FOR,2007,DIGITALP,1907,Mh  40Mr  20Bd  20Aw  10By  10,Mh,100,NONE,NONE,NONE,67674,False,23.370528201233597,False,True,100,True,usable,81–100,True,True,True,True
182704990-025174,FOR,2007,DIGITALP,1917,Mh  60Mr  20PO  10Aw  10,Mh,90,NONE,NONE,NONE,67675,False,12.339732106270137,False,True,90,True,usable,81–100,True,True,True,False
182754990-023800,FOR,2007,DIGITALP,1927,Bw  20PO  20Mr  20Pw  10Mh  10Sw  10He  10,Bw,80,NONE,NONE,NONE,67676,False,16.225044760781298,False,True,80,True,usable,61–80,True,True,False,False
182704990-023805,OMS,2007,DIGITALP,0,,,0,NONE,NONE,NONE,67677,False,4.162983989765882,False,False,0,False,not_FOR,Excluded / non-forest,False,False,False,False
182704990-134228,UCL,2007,DIGITALP,0,,,0,NONE,NONE,NONE,67678,False,3.103504373235492,False,False,0,False,not_FOR,Excluded / non-forest,False,False,False,False
182704990-134229,UCL,2007,DIGITALP,0,,,0,NONE,NONE,NONE,67679,False,3.4003038408942063,False,False,0,False,not_FOR,Excluded / non-forest,False,False,False,False
182754990-022646,OMS,2007,DIGITALP,0,,,0,NONE,NONE,NONE,67680,False,0.7766521145946421,False,False,0,False,not_FOR,Excluded / non-forest,False,False,False,False
182704990-025207,FOR,2007,DIGITALP,1947,PO  60Bw  20Mr  10Bf  10,PO,60,NONE,NONE,NONE,67681,False,21.30408277034364,False,True,60,True,usable,41–60,True,False,False,False
182704990-025171,FOR,2007,DIGITALP,1917,Mh  20Mr  20Bd  20Aw  10Be  10He  10PO  10,Mh,90,NONE,NONE,NONE,67682,False,45.76987257827991,False,True,90,True,usable,81–100,True,True,True,False
827999082,OMS,2007,DIGITALP,0,,,0,NONE,NONE,NONE,67683,False,1.2566468563263478,False,False,0,False,not_FOR,Excluded / non-forest,False,False,False,False
182704990-025209,FOR,2007,DIGITALP,1927,PO  30Mh  30Bw  20Mr  10Sw  10,PO,80,NONE,NONE,NONE,67684,False,25.383949213572162,False,True,80,True,usable,61–80,True,True,False,False
827999075,WAT,2007,DIGITALA,0,,,0,NONE,NONE,NONE,67685,False,0.054127519278055695,False,False,0,False,not_FOR,Excluded / non-forest,False,False,False,False
182704995-025203,BSH,2007,DIGITALP,0,,,0,NONE,NONE,NONE,67686,False,1.9728238525473574,False,False,0,False,not_FOR,Excluded / non-forest,False,False,False,False
182754990-025238,FOR,2007,DIGITALP,1927,Or  20PO  20Mr  20Bd  20Mh  10Aw  10,Or,80,NONE,NONE,NONE,67687,False,23.40561571849492,False,True,80,True,usable,61–80,True,True,False,False
182704990-025173,FOR,2007,DIGITALP,1917,Mr  20Bw  20Mh  10Aw  10By  10PO  10Sw  10Be  10,Mr,90,NONE,NONE,NONE,67688,False,12.956461399722308,False,True,90,True,usable,81–100,True,True,True,False
182704995-023696,OMS,2007,DIGITALP,0,,,0,NONE,NONE,NONE,67689,False,3.6618729314338254,False,False,0,False,not_FOR,Excluded / non-forest,False,False,False,False
827999076,WAT,2007,DIGITALA,0,,,0,NONE,NONE,NONE,67690,False,0.8068472292923397,False,False,0,False,not_FOR,Excluded / non-forest,False,False,False,False
182704990-025205,FOR,2007,DIGITALP,1937,Mr  30Bw  30PO  10Bf  10Sw  10By  10,Mr,70,NONE,NONE,NONE,67691,False,11.749415620997839,False,True,70,True,usable,61–80,True,False,False,False
182704995-025191,FOR,2007,DIGITALP,1985,Sw 100,Sw,22,NONE,NONE,NONE,67692,False,1.9888886793881702,False,True,22,True,usable,21–40,False,False,False,False
182704990-138355,UCL,2007,DIGITALP,0,,,0,NONE,NONE,NONE,67693,False,13.817971432945374,False,False,0,False,not_FOR,Excluded / non-forest,False,False,False,False
182704990-023728,FOR,2007,DIGITALP,1927,Bw  20Pt  20He  20Mr  20Mh  10Or  10,Bw,80,ROCK,STEP,NONE,67694,False,18.964525816912715,False,True,80,True,usable,61–80,True,True,False,False
182754995-120297,WAT,2007,DIGITALA,0,,,0,NONE,NONE,NONE,67695,False,1.2141253947207231,False,False,0,False,not_FOR,Excluded / non-forest,False,False,False,False
182704995-023083,FOR,2007,DIGITALP,1927,Mh  40Mr  20Bd  20Aw  10PO  10,Mh,80,NONE,NONE,NONE,67696,False,6.768814825578239,False,True,80,True,usable,61–80,True,True,False,False
182704995-025215,FOR,2007,DIGITALP,1947,PO  60Bw  30Sw  10,PO,60,NONE,NONE,NONE,67697,False,12.524480046499072,False,True,60,True,usable,41–60,True,False,False,False
827999077,WAT,2007,DIGITALA,0,,,0,NONE,NONE,NONE,67698,False,0.11956740563574178,False,False,0,False,not_FOR,Excluded / non-forest,False,False,False,False
182754990-026512,OMS,2007,DIGITALP,0,,,0,NONE,NONE,NONE,67699,False,1.6826352293432136,False,False,0,False,not_FOR,Excluded / non-forest,False,False,False,False
182704990-134237,UCL,2007,DIGITALP,0,,,0,NONE,NONE,NONE,67700,False,22.867010582820285,False,False,0,False,not_FOR,Excluded / non-forest,False,False,False,False
182704995-023688,FOR,2007,DIGITALP,1947,Bw  30Sw  20Pw  10Cw  10Mr  10Aw  10Bf  10,Bw,60,NONE,NONE,NONE,67701,False,11.472319719258863,False,True,60,True,usable,41–60,True,False,False,False
182704995-025212,FOR,2007,DIGITALP,1999,Pr  70Ab  20Bn  10,Pr,8,NONE,NONE,NONE,67702,False,7.320380360960546,False,True,8,True,usable,1–20,False,False,False,False
827999078,WAT,2007,DIGITALA,0,,,0,NONE,NONE,NONE,67703,False,0.1395178302876241,False,False,0,False,not_FOR,Excluded / non-forest,False,False,False,False
827999084,FOR,2007,DIGITALP,1967,Ps  70Sw  20Pt  10,Ps,40,NONE,NONE,NONE,67704,False,3.529990217705061,False,True,40,True,usable,21–40,False,False,False,False
182704995-025190,FOR,2007,DIGITALP,1992,Pr  90Mr  10,Pr,15,NONE,NONE,NONE,67705,False,3.876777090055325,False,True,15,True,usable,1–20,False,False,False,False
182704995-025202,FOR,2007,DIGITALP,1917,PO  20Mr  20Bw  10Pw  10Sw  10Mh  10Ab  10Bd  10,PO,90,NONE,NONE,NONE,67706,False,16.23099863740378,False,True,90,True,usable,81–100,True,True,True,False
182704995-025210,FOR,2007,DIGITALP,1999,Pr 100,Pr,8,NONE,NONE,NONE,67707,False,7.388091747353145,False,True,8,True,usable,1–20,False,False,False,False
182704995-134242,UCL,2007,DIGITALP,0,,,0,NONE,NONE,NONE,67708,False,1.5777492514988645,False,False,0,False,not_FOR,Excluded / non-forest,False,False,False,False
182704995-138935,UCL,2007,DIGITALP,0,,,0,NONE,NONE,NONE,67709,False,4.577403584646757,False,False,0,False,not_FOR,Excluded / non-forest,False,False,False,False
182704995-023377,FOR,2007,DIGITALP,1957,Sw  30Pw  30Bf  10He  10Bw  10PO  10,Sw,50,NONE,NONE,NONE,67710,False,10.007477372350039,False,True,50,True,usable,41–60,False,False,False,False
182704995-025204,FOR,2007,DIGITALP,1927,Mr  30Bw  20PO  10Pw  10Bf  10Sw  10He  10,Mr,80,NONE,NONE,NONE,67711,False,17.26272950937625,False,True,80,True,usable,61–80,True,True,False,False
827999085,FOR,2007,DIGITALP,1947,Ps  70La  10Cw  10Pt  10,Ps,60,DAMG,NONE,NONE,67712,False,4.872631250097936,False,True,60,True,usable,41–60,True,False,False,False
182754995-120307,WAT,2007,DIGITALA,0,,,0,NONE,NONE,NONE,67713,False,0.8083596271375182,False,False,0,False,not_FOR,Excluded / non-forest,False,False,False,False
182754995-023153,OMS,2007,DIGITALP,0,,,0,NONE,NONE,NONE,67714,False,0.8303025053005755,False,False,0,False,not_FOR,Excluded / non-forest,False,False,False,False
182754995-023190,OMS,2007,DIGITALP,0,,,0,NONE,NONE,NONE,67715,False,0.7452803319400159,False,False,0,False,not_FOR,Excluded / non-forest,False,False,False,False
182704995-025200,OMS,2007,DIGITALP,0,,,0,NONE,NONE,NONE,67716,False,1.9920005419122329,False,False,0,False,not_FOR,Excluded / non-forest,False,False,False,False
182704995-134245,UCL,2007,DIGITALP,0,,,0,NONE,NONE,NONE,67717,False,2.407956870440744,False,False,0,False,not_FOR,Excluded / non-forest,False,False,False,False
182704995-134246,UCL,2007,DIGITALP,0,,,0,NONE,NONE,NONE,67718,False,3.8578537506712824,False,False,0,False,not_FOR,Excluded / non-forest,False,False,False,False
182704995-022870,BSH,2007,DIGITALP,0,,,0,NONE,NONE,NONE,67719,False,13.75317172581427,False,False,0,False,not_FOR,Excluded / non-forest,False,False,False,False
827999086,FOR,2007,DIGITALP,1927,Pl  30Bw  20He  10Pw  10Or  10Mr  10Mh  10,Pl,80,NONE,NONE,NONE,67720,False,10.29224024815087,False,True,80,True,usable,61–80,True,True,False,False
182704995-025189,FOR,2007,DIGITALP,1995,PO 100,PO,12,NONE,NONE,NONE,67721,False,2.5955808994884064,False,True,12,True,usable,1–20,False,False,False,False
827999042,WAT,2007,DIGITALA,0,,,0,NONE,NONE,NONE,67722,False,0.1201851555334151,False,False,0,False,not_FOR,Excluded / non-forest,False,False,False,False
182704995-025214,FOR,2007,DIGITALP,1967,PO  40Sw  30Bw  20Bf  10,PO,40,NONE,NONE,NONE,67723,False,18.51621393072885,False,True,40,True,usable,21–40,False,False,False,False
182754995-023714,OMS,2007,DIGITALP,0,,,0,NONE,NONE,NONE,67724,False,0.9208640334279214,False,False,0,False,not_FOR,Excluded / non-forest,False,False,False,False
182754995-025240,FOR,2007,DIGITALP,1917,Mr  30Mh  20Aw  20Bd  20Or  10,Mr,90,NONE,NONE,NONE,67725,False,21.078821089154857,False,True,90,True,usable,81–100,True,True,True,False
182704995-025220,FOR,2007,DIGITALP,1962,Sw 100,Sw,45,NONE,NONE,NONE,67726,False,1.9728369978644502,False,True,45,True,usable,41–60,False,False,False,False
182704995-120320,WAT,2007,DIGITALA,0,,,0,NONE,NONE,NONE,67727,False,2.6095525054091566,False,False,0,False,not_FOR,Excluded / non-forest,False,False,False,False
182704995-025187,FOR,2007,DIGITALP,1957,PO  50Bf  30Mr  10Sw  10,PO,50,NONE,NONE,NONE,67728,False,25.76810277976585,False,True,50,True,usable,41–60,False,False,False,False
182704995-138689,UCL,2007,DIGITALP,0,,,0,NONE,NONE,NONE,67729,False,92.26683010322755,False,False,0,False,not_FOR,Excluded / non-forest,False,False,False,False
182704995-025219,FOR,2007,DIGITALP,1937,Bf  30Sw  30PO  10Bw  10He  10Sb  10,Bf,70,NONE,NONE,NONE,67730,False,24.92392211164534,False,True,70,True,usable,61–80,True,False,False,False
182704995-120332,WAT,2007,DIGITALA,0,,,0,NONE,NONE,NONE,67731,False,1.827144933530124,False,False,0,False,not_FOR,Excluded / non-forest,False,False,False,False
182754995-134250,UCL,2007,DIGITALP,0,,,0,NONE,NONE,NONE,67732,False,1.92120787264243,False,False,0,False,not_FOR,Excluded / non-forest,False,False,False,False
182704995-025197,FOR,2007,DIGITALP,1927,Mr  20Aw  20Bd  20Bw  20Mh  10Sw  10,Mr,80,NONE,NONE,NONE,67733,False,11.490996068615448,False,True,80,True,usable,61–80,True,True,False,False
182704995-023725,TMS,2007,DIGITALP,0,,,0,NONE,NONE,NONE,67734,False,2.671478976322207,False,False,0,False,not_FOR,Excluded / non-forest,False,False,False,False
827999087,FOR,2007,DIGITALP,1962,Pw  60Sw  20Bf  10Bw  10,Pw,45,SHRB,NONE,NONE,67735,False,9.532030247688583,False,True,45,True,usable,41–60,False,False,False,False
182754995-025241,FOR,2007,DIGITALP,1917,Or  40Mr  20Mh  10He  10Iw  10Bd  10,Or,90,NONE,NONE,NONE,67736,False,29.392573667053778,False,True,90,True,usable,81–100,True,True,True,False
182704995-023513,FOR,2007,SUPINFO,1917,Bw  20Mr  20Pb  10Ms  10PO  10Sw  10He  10Bf  10,Bw,90,NONE,NONE,NONE,67737,False,23.27844369886794,False,True,90,True,usable,81–100,True,True,True,False
182754995-025245,FOR,2007,DIGITALP,1967,Cw  40Bw  20PO  20Sw  10Pb  10,Cw,40,NONE,NONE,NONE,67738,False,3.310442905537656,False,True,40,True,usable,21–40,False,False,False,False
182704995-026461,OMS,2007,DIGITALP,0,,,0,NONE,NONE,NONE,67739,False,4.185282357524293,False,False,0,False,not_FOR,Excluded / non-forest,False,False,False,False
182754995-025243,FOR,2007,DIGITALP,1957,Bw  30PO  20Mr  10Sw  10Mh  10Bd  10He  10,Bw,50,NONE,NONE,NONE,67740,False,14.825512533768682,False,True,50,True,usable,41–60,False,False,False,False
182704995-025221,FOR,2007,SUPINFO,1927,PO  80Bw  20,PO,80,NONE,NONE,NONE,67741,False,14.44750688081735,False,True,80,True,usable,61–80,True,True,False,False
182704995-023735,OMS,2007,DIGITALP,0,,,0,NONE,NONE,NONE,67742,False,0.3229525905757969,False,False,0,False,not_FOR,Excluded / non-forest,False,False,False,False
182704995-025186,FOR,2007,DIGITALP,1897,Mh  50Mr  20PO  10Sw  10Aw  10,Mh,110,NONE,NONE,NONE,67743,False,17.343910526393284,False,True,110,True,usable,101–150,True,True,True,True
182704995-025218,BSH,2007,DIGITALP,0,,,0,NONE,NONE,NONE,67744,False,6.813957473109223,False,False,0,False,not_FOR,Excluded / non-forest,False,False,False,False
827999069,WAT,2007,DIGITALA,0,,,0,NONE,NONE,NONE,67745,False,1.5506462827028913,False,False,0,False,not_FOR,Excluded / non-forest,False,False,False,False
182704995-025198,FOR,2007,DIGITALP,1917,PO  80Bw  10Mr  10,PO,90,NONE,NONE,NONE,67746,False,30.404794148064816,False,True,90,True,usable,81–100,True,True,True,False
182704995-025232,FOR,2007,DIGITALP,1907,Mh  60Mr  10Bd  10PO  10Bw  10,Mh,100,NONE,NONE,NONE,67747,False,6.035365379030818,False,True,100,True,usable,81–100,True,True,True,True
182754995-025246,FOR,2007,DIGITALP,1967,Bw  60Mr  20PO  20,Bw,40,NONE,NONE,NONE,67748,False,5.194008585687348,False,True,40,True,usable,21–40,False,False,False,False
182704995-023804,FOR,2007,DIGITALP,1917,Mr  20Sw  20Ew  10Bf  10Ms  10Bw  10PO  10He  10,Mr,90,NONE,NONE,NONE,67749,False,9.902453970542012,False,True,90,True,usable,81–100,True,True,True,False
827999088,FOR,2007,DIGITALP,1947,Pw  80Pt  10Mr  10,Pw,60,NONE,NONE,NONE,67750,False,22.865944580569323,False,True,60,True,usable,41–60,True,False,False,False
182704995-025222,FOR,2007,DIGITALP,1995,PO  60Bw  30Bf  10,PO,12,NONE,NONE,NONE,67751,False,12.459408131465251,False,True,12,True,usable,1–20,False,False,False,False
182704995-025196,FOR,2007,DIGITALP,1927,Mh  40Mr  20Aw  20Bd  10By  10,Mh,80,NONE,NONE,NONE,67752,False,22.40007206425351,False,True,80,True,usable,61–80,True,True,False,False
182704995-022557,FOR,2007,DIGITALP,1907,Sw  20Bf  10Pw  10Bw  10By  10Mr  10Ew  10Ms  10Cb  10,Sw,100,NONE,NONE,NONE,67753,False,10.312072575871872,False,True,100,True,usable,81–100,True,True,True,True
182754995-023801,GRS,2007,DIGITALP,0,,,0,NONE,NONE,NONE,67754,False,13.592355501462738,False,False,0,False,not_FOR,Excluded / non-forest,False,False,False,False
182704995-025231,FOR,2007,DIGITALP,1992,PO  60Bw  20Bf  10Mr  10,PO,15,NONE,NONE,NONE,67755,False,10.554436305374725,False,True,15,True,usable,1–20,False,False,False,False
182704995-025234,FOR,2007,DIGITALP,1927,Bf  40Sw  30Sb  10Bw  10La  10,Bf,80,NONE,NONE,NONE,67756,False,13.524657828173268,False,True,80,True,usable,61–80,True,True,False,False
827999089,FOR,2007,DIGITALP,1947,Pw  30Bw  30Pt  20Sw  10He  10,Pw,60,STEP,NONE,NONE,67757,False,4.975431323448516,False,True,60,True,usable,41–60,True,False,False,False
182704995-025194,FOR,2007,DIGITALP,1917,PO  50Mr  10Bw  10Mh  10Sw  10Bf  10,PO,90,NONE,NONE,NONE,67758,False,13.863451725964275,False,True,90,True,usable,81–100,True,True,True,False
182704995-138356,UCL,2007,DIGITALP,0,,,0,NONE,NONE,NONE,67759,False,25.824196790054778,False,False,0,False,not_FOR,Excluded / non-forest,False,False,False,False
182704995-138515,UCL,2007,DIGITALP,0,,,0,NONE,NONE,NONE,67760,False,3.5648239918560822,False,False,0,False,not_FOR,Excluded / non-forest,False,False,False,False
827999031,WAT,2007,DIGITALA,0,,,0,NONE,NONE,NONE,67761,False,0.269961738947131,False,False,0,False,not_FOR,Excluded / non-forest,False,False,False,False
182704995-025229,FOR,2007,DIGITALP,1937,Sw  30Bf  20Bw  10Ab  10Pw  10Sb  10PO  10,Sw,70,NONE,NONE,NONE,67762,False,14.145582932734172,False,True,70,True,usable,61–80,True,False,False,False
182704995-025193,OMS,2007,DIGITALP,0,,,0,NONE,NONE,NONE,67763,False,1.157868584943877,False,False,0,False,not_FOR,Excluded / non-forest,False,False,False,False
182704995-140606,ISL,2007,DIGITALA,0,,,0,ISLD,NONE,NONE,67764,False,0.463597285514125,False,False,0,False,not_FOR,Excluded / non-forest,False,False,False,False
182704995-025192,FOR,2007,DIGITALP,1927,Mr  40Aw  20Mh  10Bw  10By  10PO  10,Mr,80,NONE,NONE,NONE,67765,False,7.334633767764452,False,True,80,True,usable,61–80,True,True,False,False
182704995-023807,FOR,2007,DIGITALP,1927,Sw  20Bw  20PO  20Mr  10Ew  10Ms  10Bf  10,Sw,80,NONE,NONE,NONE,67766,False,16.514505345661146,False,True,80,True,usable,61–80,True,True,False,False
182704995-025195,FOR,2007,DIGITALP,1917,PO  80Bw  10Sw  10,PO,90,NONE,NONE,NONE,67767,False,23.28463613280727,False,True,90,True,usable,81–100,True,True,True,False
182704995-025184,FOR,2007,DIGITALP,1917,Mh  50Mr  20Aw  10Bd  10By  10,Mh,90,NONE,NONE,NONE,67768,False,28.873343058932097,False,True,90,True,usable,81–100,True,True,True,False
182754995-025248,FOR,2007,DIGITALP,1917,Or  30Mr  20Bd  20Mh  20Aw  10,Or,90,NONE,NONE,NONE,67769,False,17.992993828642888,False,True,90,True,usable,81–100,True,True,True,False
182704995-025227,FOR,2007,DIGITALP,1917,PO  40Sw  20Bf  10Bw  10By  10Mr  10,PO,90,NONE,NONE,NONE,67770,False,13.038369850744207,False,True,90,True,usable,81–100,True,True,True,False
182704995-025185,FOR,2007,DIGITALP,1927,Mr  20Sw  10Mh  10Cw  10By  10Pr  10Aw  10PO  10Bf  10,Mr,80,NONE,NONE,NONE,67771,False,7.153618828901151,False,True,80,True,usable,61–80,True,True,False,False
182704995-025224,OMS,2007,DIGITALP,0,,,0,NONE,NONE,NONE,67772,False,0.7620467157486104,False,False,0,False,not_FOR,Excluded / non-forest,False,False,False,False
182704995-025183,FOR,2007,DIGITALP,1947,PO  40Bw  20Mr  20Sw  10Bf  10,PO,60,NONE,NONE,NONE,67773,False,14.33542521131211,False,True,60,True,usable,41–60,True,False,False,False
827999070,OMS,2007,DIGITALP,0,,,0,NONE,NONE,NONE,67774,False,0.5766834585930386,False,False,0,False,not_FOR,Excluded / non-forest,False,False,False,False
182754995-025247,FOR,2007,DIGITALP,1917,Mh  50Mr  20Aw  10Bd  10PO  10,Mh,90,NONE,NONE,NONE,67775,False,14.00231400147398,False,True,90,True,usable,81–100,True,True,True,False
182754995-025250,FOR,2007,DIGITALP,1927,Bw  50Mr  20Mh  10By  10PO  10,Bw,80,NONE,NONE,NONE,67776,False,15.485770447825846,False,True,80,True,usable,61–80,True,True,False,False
182704995-138690,UCL,2007,DIGITALP,0,,,0,NONE,NONE,NONE,67777,False,24.179043141526563,False,False,0,False,not_FOR,Excluded / non-forest,False,False,False,False
182704995-023809,FOR,2007,DIGITALP,1917,Mr  20PO  20Sw  20Bw  10By  10Ms  10Ew  10,Mr,90,NONE,NONE,NONE,67778,False,9.441673363063636,False,True,90,True,usable,81–100,True,True,True,False
182704995-025225,FOR,2007,DIGITALP,1937,Bf  40Sw  30PO  10Bw  10Sb  10,Bf,70,NONE,NONE,NONE,67779,False,8.144137473203202,False,True,70,True,usable,61–80,True,False,False,False
182754995-025251,FOR,2007,DIGITALP,1957,Bw  30Cw  20Mr  10Bf  10PO  10Ab  10Sw  10,Bw,50,NONE,NONE,NONE,67780,False,11.971791473463883,False,True,50,True,usable,41–60,False,False,False,False
182704995-025233,FOR,2007,DIGITALP,1937,Sw  30Bf  20PO  20Bw  20Sb  10,Sw,70,NONE,NONE,NONE,67781,False,8.254540259458343,False,True,70,True,usable,61–80,True,False,False,False
182754995-025249,FOR,2007,DIGITALP,1917,Mh  70Mr  20Aw  10,Mh,90,NONE,NONE,NONE,67782,False,11.82369897937542,False,True,90,True,usable,81–100,True,True,True,False
182704995-025223,FOR,2007,DIGITALP,1917,PO  60Sw  20Mr  10Bw  10,PO,90,NONE,NONE,NONE,67783,False,8.256133503039882,False,True,90,True,usable,81–100,True,True,True,False
182704995-134273,UCL,2007,DIGITALP,0,,,0,NONE,NONE,NONE,67784,False,22.402497451136504,False,False,0,False,not_FOR,Excluded / non-forest,False,False,False,False
182704995-120382,WAT,2007,DIGITALA,0,,,0,NONE,NONE,NONE,67785,False,3.8970737812290093,False,False,0,False,not_FOR,Excluded / non-forest,False,False,False,False
182704995-120391,WAT,2007,DIGITALA,0,,,0,NONE,NONE,NONE,67786,False,0.20304684785060675,False,False,0,False,not_FOR,Excluded / non-forest,False,False,False,False
182704995-023917,FOR,2007,DIGITALP,1927,Be  20Bw  20Mh  20PO  10Sw  10He  10By  10,Be,80,NONE,NONE,NONE,67787,False,7.8244769492758515,False,True,80,True,usable,61–80,True,True,False,False
182704995-023574,FOR,2007,DIGITALP,1917,PO  50Bw  20Be  10Sw  10Mr  10,PO,90,NONE,NONE,NONE,67788,False,4.2478083649918315,False,True,90,True,usable,81–100,True,True,True,False
182754995-025253,FOR,2007,DIGITALP,1937,PO  30Bw  20Mr  10Mh  10Or  10Sw  10Bd  10,PO,70,NONE,NONE,NONE,67789,False,8.529287930181962,False,True,70,True,usable,61–80,True,False,False,False
182704995-025790,FOR,2007,DIGITALP,1927,PO  70Bw  20Sw  10,PO,80,NONE,NONE,NONE,67790,False,3.35225491963838,False,True,80,True,usable,61–80,True,True,False,False
182704995-025226,FOR,2007,DIGITALP,1977,Sw 100,Sw,30,NONE,NONE,NONE,67791,False,6.084393167014823,False,True,30,True,usable,21–40,False,False,False,False
182754995-120400,WAT,2007,DIGITALA,0,,,0,NONE,NONE,NONE,67792,False,0.8060743035705873,False,False,0,False,not_FOR,Excluded / non-forest,False,False,False,False
182704995-138357,UCL,2007,DIGITALP,0,,,0,NONE,NONE,NONE,67793,False,8.953576259938432,False,False,0,False,not_FOR,Excluded / non-forest,False,False,False,False
182754995-026460,OMS,2007,DIGITALP,0,,,0,NONE,NONE,NONE,67794,False,4.712856067574703,False,False,0,False,not_FOR,Excluded / non-forest,False,False,False,False
182704995-025228,FOR,2007,DIGITALP,1962,Pr 100,Pr,45,NONE,NONE,NONE,67795,False,4.316941873846997,False,True,45,True,usable,41–60,False,False,False,False
182704995-025791,FOR,2007,DIGITALP,1977,Bw  30PO  20Mr  20He  10Sw  10Bd  10,Bw,30,NONE,NONE,NONE,67796,False,3.9709319617822314,False,True,30,True,usable,21–40,False,False,False,False
827999090,FOR,2007,DIGITALP,1957,Pw  40Mr  20Bw  10Sw  10Pt  10Bf  10,Pw,50,NONE,NONE,NONE,67797,False,24.057954575344887,False,True,50,True,usable,41–60,False,False,False,False
182704995-025795,FOR,2007,DIGITALP,2006,PO 100,PO,1,NONE,NONE,NONE,67798,False,1.9109295045557748,False,True,1,True,usable,1–20,False,False,False,False
182704995-138358,UCL,2007,DIGITALP,0,,,0,NONE,NONE,NONE,67799,False,14.91477314019415,False,False,0,False,not_FOR,Excluded / non-forest,False,False,False,False
827999057,WAT,2007,DIGITALA,0,,,0,NONE,NONE,NONE,67800,False,0.1215676512581726,False,False,0,False,not_FOR,Excluded / non-forest,False,False,False,False
182704995-022618,OMS,2007,DIGITALP,0,,,0,NONE,NONE,NONE,67801,False,0.4467886730917368,False,False,0,False,not_FOR,Excluded / non-forest,False,False,False,False
182754995-025252,FOR,2007,DIGITALP,1917,Bd  30Mr  30Mh  20Aw  20,Bd,90,NONE,NONE,NONE,67802,False,15.5429248595388,False,True,90,True,usable,81–100,True,True,True,False
827999091,FOR,2007,DIGITALP,1962,Pw  70Ps  30,Pw,45,NONE,NONE,NONE,67803,False,8.202445556597716,False,True,45,True,usable,41–60,False,False,False,False
182704995-134280,UCL,2007,DIGITALP,0,,,0,NONE,NONE,NONE,67804,False,0.8418318252322456,False,False,0,False,not_FOR,Excluded / non-forest,False,False,False,False
182704995-023585,FOR,2007,DIGITALP,1957,Pr  80Pw  20,Pr,50,NONE,NONE,NONE,67805,False,4.596307965220803,False,True,50,True,usable,41–60,False,False,False,False
182754995-025778,FOR,2007,DIGITALP,1917,Mh  60Mr  20Bd  10Aw  10,Mh,90,NONE,NONE,NONE,67806,False,15.518922853091414,False,True,90,True,usable,81–100,True,True,True,False
182754995-023749,OMS,2007,DIGITALP,0,,,0,NONE,NONE,NONE,67807,False,6.1939221042138755,False,False,0,False,not_FOR,Excluded / non-forest,False,False,False,False
827999092,FOR,2007,DIGITALP,1967,Pw  70Mr  10Sw  10Bw  10,Pw,40,NONE,NONE,NONE,67808,False,13.59373680143767,False,True,40,True,usable,21–40,False,False,False,False
182704995-120412,WAT,2007,DIGITALA,0,,,0,NONE,NONE,NONE,67809,False,2.908059261744462,False,False,0,False,not_FOR,Excluded / non-forest,False,False,False,False
182704995-025783,FOR,2007,DIGITALP,1962,Bw  30PO  20Aw  10Mh  10Mr  10Bf  10Bd  10,Bw,45,NONE,NONE,NONE,67810,False,11.68067845643131,False,True,45,True,usable,41–60,False,False,False,False
182704995-134283,UCL,2007,DIGITALP,0,,,0,NONE,NONE,NONE,67811,False,5.327702298004163,False,False,0,False,not_FOR,Excluded / non-forest,False,False,False,False
182704995-134284,UCL,2007,DIGITALP,0,,,0,NONE,NONE,NONE,67812,False,6.27120008651069,False,False,0,False,not_FOR,Excluded / non-forest,False,False,False,False
827999093,FOR,2007,DIGITALP,1947,Pw  70Mr  10Bf  10Pt  10,Pw,60,NONE,NONE,NONE,67813,False,10.28117516037388,False,True,60,True,usable,41–60,True,False,False,False
182704995-025784,FOR,2007,DIGITALP,1907,Mh  40Bd  20Mr  20Aw  10Or  10,Mh,100,NONE,NONE,NONE,67814,False,13.04822550133473,False,True,100,True,usable,81–100,True,True,True,True
182704995-120416,WAT,2007,DIGITALA,0,,,0,NONE,NONE,NONE,67815,False,0.29939975336391067,False,False,0,False,not_FOR,Excluded / non-forest,False,False,False,False
182704995-026523,OMS,2007,DIGITALP,0,,,0,NONE,NONE,NONE,67816,False,0.5770866389687072,False,False,0,False,not_FOR,Excluded / non-forest,False,False,False,False
182704995-025792,FOR,2007,DIGITALP,1937,Bw  30PO  20Sw  20Bf  10By  10Mr  10,Bw,70,NONE,NONE,NONE,67817,False,14.671116070764823,False,True,70,True,usable,61–80,True,False,False,False
182754995-023218,OMS,2007,DIGITALP,0,,,0,NONE,NONE,NONE,67818,False,3.6253515874760995,False,False,0,False,not_FOR,Excluded / non-forest,False,False,False,False
182754995-134289,UCL,2007,DIGITALP,0,,,0,NONE,NONE,NONE,67819,False,1.6318254212506924,False,False,0,False,not_FOR,Excluded / non-forest,False,False,False,False
182704995-134290,UCL,2007,DIGITALP,0,,,0,NONE,NONE,NONE,67820,False,2.726117171596531,False,False,0,False,not_FOR,Excluded / non-forest,False,False,False,False
182704995-026605,FOR,2007,DIGITALP,1917,Sb  80Pw  10Bf  10,Sb,90,NONE,NONE,NONE,67821,False,2.7048986775598656,False,True,90,True,usable,81–100,True,True,True,False
182704995-134295,UCL,2007,DIGITALP,0,,,0,NONE,NONE,NONE,67822,False,2.3428726616865068,False,False,0,False,not_FOR,Excluded / non-forest,False,False,False,False
827999094,FOR,2007,DIGITALP,1947,Pw  90Pt  10,Pw,60,NONE,NONE,NONE,67823,False,28.675677186203504,False,True,60,True,usable,41–60,True,False,False,False
182704995-015776,FOR,2007,DIGITALP,1937,PO  40Bw  20Sw  20Mr  10Cw  10,PO,70,NONE,NONE,NONE,67824,False,9.282191942158608,False,True,70,True,usable,61–80,True,False,False,False
182704995-025782,FOR,2007,DIGITALP,1927,Mh  30PO  30Mr  20Bw  10Sw  10,Mh,80,NONE,NONE,NONE,67825,False,35.564548516309664,False,True,80,True,usable,61–80,True,True,False,False
182704995-134298,UCL,2007,DIGITALP,0,,,0,NONE,NONE,NONE,67826,False,0.9179840445117361,False,False,0,False,not_FOR,Excluded / non-forest,False,False,False,False
182704995-025789,FOR,2007,DIGITALP,1952,Pr 100,Pr,55,NONE,NONE,NONE,67827,False,20.597794945443088,False,True,55,True,usable,41–60,False,False,False,False
182704995-026453,FOR,2007,DIGITALP,1907,Aw  20Bd  20Or  20Mh  10Mr  10Sw  10Bw  10,Aw,100,NONE,NONE,NONE,67828,False,52.968031708725086,False,True,100,True,usable,81–100,True,True,True,True
182754995-025781,FOR,2007,DIGITALP,1927,Mh  30PO  20Mr  20Bw  10Sw  10Bf  10,Mh,80,NONE,NONE,NONE,67829,False,15.464487599673015,False,True,80,True,usable,61–80,True,True,False,False
182704995-025786,FOR,2007,DIGITALP,1907,PO  60Mh  10Pw  10Sw  10Bw  10,PO,100,NONE,NONE,NONE,67830,False,12.819205554963986,False,True,100,True,usable,81–100,True,True,True,True
827999096,FOR,2007,DIGITALP,1972,Pw  70Pr  20Pt  10,Pw,35,NONE,NONE,NONE,67831,False,6.262590145471288,False,True,35,True,usable,21–40,False,False,False,False
827999097,FOR,2007,DIGITALP,1927,Pw  20Pt  20Sw  20Mr  20Cw  10Bw  10,Pw,80,NONE,NONE,NONE,67832,False,6.890470818644879,False,True,80,True,usable,61–80,True,True,False,False
827999098,FOR,2007,DIGITALP,1937,Pw  60Or  10Mr  10Bw  10He  10,Pw,70,STEP,NONE,NONE,67833,False,19.200267609783808,False,True,70,True,usable,61–80,True,False,False,False
182704995-134302,UCL,2007,DIGITALP,0,,,0,NONE,NONE,NONE,67834,False,2.7109642978692476,False,False,0,False,not_FOR,Excluded / non-forest,False,False,False,False
182754995-026604,FOR,2007,DIGITALP,1937,PO  20Bf  20Bw  20Sw  10Mr  10By  10Mh  10,PO,70,NONE,NONE,NONE,67835,False,19.51712682497709,False,True,70,True,usable,61–80,True,False,False,False
827999099,FOR,2007,DIGITALP,1947,Pw  90Pr  10,Pw,60,NONE,NONE,NONE,67836,False,6.1439449748480595,False,True,60,True,usable,41–60,True,False,False,False
182704995-014724,FOR,2007,DIGITALP,1962,Pr 100,Pr,45,NONE,NONE,NONE,67837,False,24.984445595988557,False,True,45,True,usable,41–60,False,False,False,False
182704995-134306,UCL,2007,DIGITALP,0,,,0,NONE,NONE,NONE,67838,False,1.0563923679640592,False,False,0,False,not_FOR,Excluded / non-forest,False,False,False,False
182704995-014372,GRS,2007,DIGITALP,0,,,0,NONE,NONE,NONE,67839,False,15.360549801874392,False,False,0,False,not_FOR,Excluded / non-forest,False,False,False,False
182754995-014377,FOR,2007,DIGITALP,1927,Or  40Bd  20Aw  10PO  10Pw  10Mh  10,Or,80,NONE,NONE,NONE,67840,False,29.16671068868361,False,True,80,True,usable,61–80,True,True,False,False
182704995-015735,FOR,2007,DIGITALP,1989,Pr 100,Pr,18,NONE,NONE,NONE,67841,False,2.3224543861634244,False,True,18,True,usable,1–20,False,False,False,False
182704995-014728,GRS,2007,DIGITALP,0,,,0,NONE,NONE,NONE,67842,False,3.4584999916832655,False,False,0,False,not_FOR,Excluded / non-forest,False,False,False,False
182754995-014378,FOR,2007,DIGITALP,1947,Mh  30Bw  20PO  20Pw  10Mr  10Bf  10,Mh,60,NONE,NONE,NONE,67843,False,12.358164186670214,False,True,60,True,usable,41–60,True,False,False,False
182704995-017479,FOR,2007,DIGITALP,1999,PO  70Bw  20Pr  10,PO,8,NONE,NONE,NONE,67844,False,0.8357720728345653,False,True,8,True,usable,1–20,False,False,False,False
182754995-014376,FOR,2007,DIGITALP,1927,Mh  30Mr  20Aw  10By  10Bd  10PO  10Bw  10,Mh,80,NONE,NONE,NONE,67845,False,24.515623302363682,False,True,80,True,usable,61–80,True,True,False,False
182704995-015736,FOR,2007,DIGITALP,1967,Pr 100,Pr,40,NONE,NONE,NONE,67846,False,2.7220308454002495,False,True,40,True,usable,21–40,False,False,False,False
182704995-014730,GRS,2007,DIGITALP,0,,,0,NONE,NONE,NONE,67847,False,24.400552981775988,False,False,0,False,not_FOR,Excluded / non-forest,False,False,False,False
182704995-014729,FOR,2007,DIGITALP,1962,Pr 100,Pr,45,NONE,NONE,NONE,67848,False,55.23725906141582,False,True,45,True,usable,41–60,False,False,False,False
182704995-013841,TMS,2007,DIGITALP,0,,,0,NONE,NONE,NONE,67849,False,0.7572974168239592,False,False,0,False,not_FOR,Excluded / non-forest,False,False,False,False
182704995-014725,FOR,2007,DIGITALP,1927,Mh  50Be  10Aw  10Iw  10Mr  10Bd  10,Mh,80,NONE,NONE,NONE,67850,False,20.512508360152594,False,True,80,True,usable,61–80,True,True,False,False
182704995-014373,FOR,2007,DIGITALP,1937,Bw  20PO  20Mr  20Bf  10Pw  10Sw  10Cb  10,Bw,70,NONE,NONE,NONE,67851,False,17.75244896635261,False,True,70,True,usable,61–80,True,False,False,False
182704995-134324,UCL,2007,DIGITALP,0,,,0,NONE,NONE,NONE,67852,False,14.672489560752322,False,False,0,False,not_FOR,Excluded / non-forest,False,False,False,False
182704995-014375,FOR,2007,DIGITALP,1927,Mh  30Mr  20Or  10PO  10Bw  10Aw  10Bd  10,Mh,80,NONE,NONE,NONE,67853,False,42.52977290718888,False,True,80,True,usable,61–80,True,True,False,False
182704995-014374,FOR,2007,DIGITALP,1927,Mh  40Mr  20PO  10Aw  10Or  10Bw  10,Mh,80,NONE,NONE,NONE,67854,False,30.20446035162328,False,True,80,True,usable,61–80,True,True,False,False
182704995-015557,FOR,2007,DIGITALP,1937,PO  50Bw  30Sw  10Mr  10,PO,70,NONE,NONE,NONE,67855,False,6.548038113829975,False,True,70,True,usable,61–80,True,False,False,False
827999100,FOR,2007,DIGITALP,1987,Pw  70Pt  10Sw  10Mr  10,Pw,20,NONE,NONE,NONE,67856,False,14.874720712332381,False,True,20,True,usable,1–20,False,False,False,False
182754995-013626,OMS,2007,DIGITALP,0,,,0,NONE,NONE,NONE,67857,False,0.1925805078061274,False,False,0,False,not_FOR,Excluded / non-forest,False,False,False,False
182704995-014898,BSH,2007,DIGITALP,0,,,0,NONE,NONE,NONE,67858,False,2.7773711853406353,False,False,0,False,not_FOR,Excluded / non-forest,False,False,False,False
182704995-014902,FOR,2007,DIGITALP,1972,Pr 100,Pr,35,NONE,NONE,NONE,67859,False,3.2251129716234637,False,True,35,True,usable,21–40,False,False,False,False
182704995-134331,UCL,2007,DIGITALP,0,,,0,NONE,NONE,NONE,67860,False,3.0989974027183576,False,False,0,False,not_FOR,Excluded / non-forest,False,False,False,False
182704995-134332,UCL,2007,DIGITALP,0,,,0,NONE,NONE,NONE,67861,False,10.63206252904367,False,False,0,False,not_FOR,Excluded / non-forest,False,False,False,False
182704995-138516,UCL,2007,DIGITALP,0,,,0,NONE,NONE,NONE,67862,False,4.390570109262737,False,False,0,False,not_FOR,Excluded / non-forest,False,False,False,False
827999101,FOR,2007,DIGITALP,1947,Pw  40Bf  20Sw  10Bw  10Pt  10Mr  10,Pw,60,NONE,NONE,NONE,67863,False,11.481175746318133,False,True,60,True,usable,41–60,True,False,False,False
182754995-014379,FOR,2007,DIGITALP,1947,PO  50Bw  30Mr  10Pr  10,PO,60,NONE,NONE,NONE,67864,False,16.200534169638786,False,True,60,True,usable,41–60,True,False,False,False
182754995-015738,FOR,2007,DIGITALP,1897,Mh  40Or  20By  10Aw  10Bd  10Mr  10,Mh,110,NONE,NONE,NONE,67865,False,23.994445201958918,False,True,110,True,usable,101–150,True,True,True,True
182704995-015793,BSH,2007,DIGITALP,0,,,0,NONE,NONE,NONE,67866,False,1.5142556007552919,False,False,0,False,not_FOR,Excluded / non-forest,False,False,False,False
182704995-015556,FOR,2007,DIGITALP,1937,PO  40Bw  30Mr  20Bd  10,PO,70,NONE,NONE,NONE,67867,False,19.0823202642359,False,True,70,True,usable,61–80,True,False,False,False
182704995-120502,WAT,2007,DIGITALA,0,,,0,NONE,NONE,NONE,67868,False,8.538325164388521,False,False,0,False,not_FOR,Excluded / non-forest,False,False,False,False
827999017,OMS,2007,DIGITALP,0,,,0,NONE,NONE,NONE,67869,False,0.4924069239002698,False,False,0,False,not_FOR,Excluded / non-forest,False,False,False,False
827999102,FOR,2007,DIGITALP,1947,Pw  80Pr  10Sw  10,Pw,60,NONE,NONE,NONE,67870,False,41.52979859605126,False,True,60,True,usable,41–60,True,False,False,False
182704995-022048,FOR,2007,DIGITALP,1937,PO  40Bw  20Sb  10Sw  10Pr  10Mr  10,PO,70,NONE,NONE,NONE,67871,False,25.259995717046174,False,True,70,True,usable,61–80,True,False,False,False
182754995-017188,FOR,2007,DIGITALP,1907,Mh  30Mr  20Aw  20Bd  20PO  10,Mh,100,NONE,NONE,NONE,67872,False,71.1237766677098,False,True,100,True,usable,81–100,True,True,True,True
182704995-014899,FOR,2007,DIGITALP,1972,Pr 100,Pr,35,NONE,NONE,NONE,67873,False,6.284220078531643,False,True,35,True,usable,21–40,False,False,False,False
182704995-017183,FOR,2007,DIGITALP,1917,Mh  50Bd  10Mr  10Bw  10PO  10Aw  10,Mh,90,NONE,NONE,NONE,67874,False,40.073040793335366,False,True,90,True,usable,81–100,True,True,True,False
182704995-120510,WAT,2007,DIGITALA,0,,,0,NONE,NONE,NONE,67875,False,4.945871514056961,False,False,0,False,not_FOR,Excluded / non-forest,False,False,False,False
182704995-015718,FOR,2007,DIGITALP,1937,PO  50Or  20Mr  10Bw  10Mh  10,PO,70,NONE,NONE,NONE,67876,False,14.218361241052055,False,True,70,True,usable,61–80,True,False,False,False
182704995-134343,UCL,2007,DIGITALP,0,,,0,NONE,NONE,NONE,67877,False,6.918809886413483,False,False,0,False,not_FOR,Excluded / non-forest,False,False,False,False
182704995-134344,UCL,2007,DIGITALP,0,,,0,NONE,NONE,NONE,67878,False,1.145518371710237,False,False,0,False,not_FOR,Excluded / non-forest,False,False,False,False
182704995-013864,BSH,2007,DIGITALP,0,,,0,NONE,NONE,NONE,67879,False,4.77413071608992,False,False,0,False,not_FOR,Excluded / non-forest,False,False,False,False
182704995-017176,FOR,2007,DIGITALP,1957,Pr  30Bw  20PO  20Sw  10Bf  10Mr  10,Pr,50,NONE,NONE,NONE,67880,False,8.34196362641495,False,True,50,True,usable,41–60,False,False,False,False
182704995-120519,WAT,2007,DIGITALA,0,,,0,NONE,NONE,NONE,67881,False,1.2115935462272456,False,False,0,False,not_FOR,Excluded / non-forest,False,False,False,False
182704995-014904,DAL,2007,DIGITALP,0,,,0,NONE,NONE,NONE,67882,False,2.764558576770367,False,False,0,False,not_FOR,Excluded / non-forest,False,False,False,False
182704995-134347,UCL,2007,DIGITALP,0,,,0,NONE,NONE,NONE,67883,False,2.955039333488855,False,False,0,False,not_FOR,Excluded / non-forest,False,False,False,False
827999103,FOR,2007,DIGITALP,1967,Pw  60Pt  10Bw  10Sw  10Pr  10,Pw,40,NONE,NONE,NONE,67884,False,19.8238082013239,False,True,40,True,usable,21–40,False,False,False,False
182704995-138940,UCL,2007,DIGITALP,0,,,0,NONE,NONE,NONE,67885,False,0.5396275693519801,False,False,0,False,not_FOR,Excluded / non-forest,False,False,False,False
182704995-134350,UCL,2007,DIGITALP,0,,,0,NONE,NONE,NONE,67886,False,1.2977595927645822,False,False,0,False,not_FOR,Excluded / non-forest,False,False,False,False
182754995-017187,FOR,2007,DIGITALP,1907,Mh  20Mr  20Aw  20Bd  20PO  10Cb  10,Mh,100,NONE,NONE,NONE,67887,False,13.992770846228284,False,True,100,True,usable,81–100,True,True,True,True
182704995-017184,FOR,2007,DIGITALP,1917,Mh  50Bd  10Mr  10Bw  10PO  10Aw  10,Mh,90,NONE,NONE,NONE,67888,False,36.714319380721804,False,True,90,True,usable,81–100,True,True,True,False
182704995-017171,FOR,2007,DIGITALP,1927,PO  70Mr  10Bw  10Pw  10,PO,80,NONE,NONE,NONE,67889,False,9.995454096096886,False,True,80,True,usable,61–80,True,True,False,False
182704995-017163,FOR,2007,DIGITALP,1937,PO  30Sw  20Bf  20He  10Mr  10Bw  10,PO,70,NONE,NONE,NONE,67890,False,33.666489468236,False,True,70,True,usable,61–80,True,False,False,False
182754995-134357,UCL,2007,DIGITALP,0,,,0,NONE,NONE,NONE,67891,False,1.6503001815232292,False,False,0,False,not_FOR,Excluded / non-forest,False,False,False,False
182704995-017165,FOR,2007,DIGITALP,1927,PO  80Mr  10Bw  10,PO,80,NONE,NONE,NONE,67892,False,37.12305280598049,False,True,80,True,usable,61–80,True,True,False,False
182704995-017175,FOR,2007,DIGITALP,1977,Pr 100,Pr,30,NONE,NONE,NONE,67893,False,6.782503779091172,False,True,30,True,usable,21–40,False,False,False,False
182754995-014910,DAL,2007,DIGITALP,0,,,0,NONE,NONE,NONE,67894,False,10.111555682096913,False,False,0,False,not_FOR,Excluded / non-forest,False,False,False,False
182654990-023812,BSH,2007,DIGITALP,0,,,0,NONE,NONE,NONE,67895,False,3.1488716610894367,False,False,0,False,not_FOR,Excluded / non-forest,False,False,False,False
182654995-015867,FOR,2007,DIGITALP,1887,Mh  50Mr  20PO  10Bd  10Be  10,Mh,120,NONE,NONE,NONE,67896,False,31.45866289801843,False,True,120,True,usable,101–150,True,True,True,True
182704990-022851,FOR,2007,DIGITALP,1907,Mh  50Mr  20Bd  10Aw  10PO  10,Mh,100,NONE,NONE,NONE,67897,False,39.298254040708315,False,True,100,True,usable,81–100,True,True,True,True
182654990-023034,FOR,2007,DIGITALP,1907,Mh  50Mr  20Bd  10Aw  10PO  10,Mh,100,NONE,NONE,NONE,67898,False,10.449126063938632,False,True,100,True,usable,81–100,True,True,True,True
182654990-024667,FOR,2007,DIGITALP,1917,Bd  20Mr  20Bw  20Aw  10Mh  10Or  10Iw  10,Bd,90,NONE,NONE,NONE,67899,False,22.119542786842647,False,True,90,True,usable,81–100,True,True,True,False
182654995-025165,FOR,2007,DIGITALP,1917,Mh  30Mr  20Aw  10Bw  10Bd  10Bf  10Sw  10,Mh,90,NONE,NONE,NONE,67900,False,10.505384472165032,False,True,90,True,usable,81–100,True,True,True,False
182704990-023596,FOR,2007,DIGITALP,1917,Mh  30Mr  20Bd  20Aw  10PO  10Bw  10,Mh,90,NONE,NONE,NONE,67901,False,13.848015070024122,False,True,90,True,usable,81–100,True,True,True,False
182654995-015771,FOR,2007,DIGITALP,1917,Mh  30Mr  20Sw  10Bw  10He  10PO  10Bd  10,Mh,90,NONE,NONE,NONE,67902,False,15.119071413743766,False,True,90,True,usable,81–100,True,True,True,False
182654990-026464,FOR,2007,DIGITALP,1917,Mh  50Mr  20Bd  10PO  10Aw  10,Mh,90,NONE,NONE,NONE,67903,False,12.864330635029784,False,True,90,True,usable,81–100,True,True,True,False
182654990-024662,FOR,2007,DIGITALP,1917,Mr  30Mh  20Aw  20Bd  10PO  10By  10,Mr,90,NONE,NONE,NONE,67904,False,11.832395828320111,False,True,90,True,usable,81–100,True,True,True,False
182704990-022850,FOR,2007,DIGITALP,1927,Mh  20Mr  20Bd  20Aw  10Or  10Pr  10Sw  10,Mh,80,NONE,NONE,NONE,67905,False,19.07820449069114,False,True,80,True,usable,61–80,True,True,False,False
826999049,FOR,2007,DIGITALP,1927,Mh  30Bf  20Bw  20He  20By  10,Mh,80,SHRB,NONE,NONE,67906,False,7.227736122370506,False,True,80,True,usable,61–80,True,True,False,False
182704995-025163,FOR,2007,DIGITALP,1927,Mh  30Mr  20Bd  20Aw  10PO  10Be  10,Mh,80,NONE,NONE,NONE,67907,False,15.607225164999914,False,True,80,True,usable,61–80,True,True,False,False
182654990-023668,FOR,2007,DIGITALP,1927,Mh  30Mr  30Bd  10Aw  10Bw  10PO  10,Mh,80,NONE,NONE,NONE,67908,False,12.949903613074259,False,True,80,True,usable,61–80,True,True,False,False
182654995-017151,FOR,2007,DIGITALP,1927,Mh  30Mr  30Bd  10PO  10Aw  10Bf  10,Mh,80,NONE,NONE,NONE,67909,False,30.54535003764337,False,True,80,True,usable,61–80,True,True,False,False
182654995-025181,FOR,2007,DIGITALP,1927,Mr  20He  20Bd  10Aw  10PO  10Be  10Mh  10Sw  10,Mr,80,NONE,NONE,NONE,67910,False,10.079483148867162,False,True,80,True,usable,61–80,True,True,False,False
182654990-022800,FOR,2007,DIGITALP,1927,Mr  30Mh  20Aw  20Bd  10PO  10He  10,Mr,80,NONE,NONE,NONE,67911,False,6.533949400101958,False,True,80,True,usable,61–80,True,True,False,False
182654995-025794,FOR,2007,DIGITALP,1927,PO  30Bw  20Mr  10Ab  10Sw  10Pb  10Bf  10,PO,80,NONE,NONE,NONE,67912,False,9.936603987444503,False,True,80,True,usable,61–80,True,True,False,False
182704995-025793,FOR,2007,DIGITALP,1927,PO  50Mr  20Bw  10Mh  10Sw  10,PO,80,NONE,NONE,NONE,67913,False,20.618628224090063,False,True,80,True,usable,61–80,True,True,False,False
182654995-025182,FOR,2007,DIGITALP,1937,Ab  20Cw  20Bw  20Pb  10Mr  10Sb  10Bf  10,Ab,70,WETT,NONE,NONE,67914,False,10.869561752438308,False,True,70,True,usable,61–80,True,False,False,False
182654990-024666,FOR,2007,DIGITALP,1937,Bd  30Mr  20Or  20Mh  10PO  10Aw  10,Bd,70,NONE,NONE,NONE,67915,False,20.79889736825092,False,True,70,True,usable,61–80,True,False,False,False
182654995-025166,FOR,2007,DIGITALP,1937,Bw  30PO  20Bf  10Sw  10He  10Mh  10Mr  10,Bw,70,NONE,NONE,NONE,67916,False,31.72214231925741,False,True,70,True,usable,61–80,True,False,False,False
182654990-025169,FOR,2007,DIGITALP,1937,Or  20Bd  20Mh  20Mr  20Aw  10PO  10,Or,70,NONE,NONE,NONE,67917,False,9.682709206248374,False,True,70,True,usable,61–80,True,False,False,False
182654995-017152,FOR,2007,DIGITALP,1947,Bw  20Bf  20Sb  20Cw  20PO  10Sw  10,Bw,60,NONE,NONE,NONE,67918,False,31.111991633766372,False,True,60,True,usable,41–60,True,False,False,False
182704995-015554,FOR,2007,DIGITALP,1947,Bw  40PO  20Sw  20Bf  10Mr  10,Bw,60,NONE,NONE,NONE,67919,False,9.525751550223724,False,True,60,True,usable,41–60,True,False,False,False
182704995-014726,FOR,2007,DIGITALP,1947,Bw  50PO  30Mr  10Sw  10,Bw,60,NONE,NONE,NONE,67920,False,11.981207665374319,False,True,60,True,usable,41–60,True,False,False,False
182704995-015774,FOR,2007,DIGITALP,1947,Bw  80PO  10Mr  10,Bw,60,NONE,NONE,NONE,67921,False,6.169182206697143,False,True,60,True,usable,41–60,True,False,False,False
182654995-017478,FOR,2007,DIGITALP,1947,PO  40Bw  20Bf  20Sb  10Cw  10,PO,60,NONE,NONE,NONE,67922,False,8.145490597742477,False,True,60,True,usable,41–60,True,False,False,False
182704995-025179,FOR,2007,DIGITALP,1947,PO  50Bw  20Bf  10Sw  10Mr  10,PO,60,NONE,NONE,NONE,67923,False,17.007954870989153,False,True,60,True,usable,41–60,True,False,False,False
182704995-025178,FOR,2007,DIGITALP,1947,PO  50Bw  20Bf  10Sw  10Mr  10,PO,60,NONE,NONE,NONE,67924,False,17.90256843758069,False,True,60,True,usable,41–60,True,False,False,False
826999046,FOR,2007,DIGITALP,1967,Bw  20He  20Bf  20Mr  20Sw  10Pt  10,Bw,40,NONE,NONE,NONE,67925,False,18.84101720965537,False,True,40,True,usable,21–40,False,False,False,False
182704995-025177,FOR,2007,DIGITALP,1987,Sw  30Cw  20Bw  20PO  10Mh  10Mr  10,Sw,20,NONE,NONE,NONE,67926,False,8.110115401351077,False,True,20,True,usable,1–20,False,False,False,False
182704990-138510,UCL,2007,DIGITALP,0,,,0,NONE,NONE,NONE,67927,False,8.78046208084226,False,False,0,False,not_FOR,Excluded / non-forest,False,False,False,False
182654990-134227,UCL,2007,DIGITALP,0,,,0,NONE,NONE,NONE,67928,False,35.95884926472104,False,False,0,False,not_FOR,Excluded / non-forest,False,False,False,False
182704995-134238,UCL,2007,DIGITALP,0,,,0,NONE,NONE,NONE,67929,False,7.400004205445855,False,False,0,False,not_FOR,Excluded / non-forest,False,False,False,False
182704995-134281,UCL,2007,DIGITALP,0,,,0,NONE,NONE,NONE,67930,False,6.163839225775709,False,False,0,False,not_FOR,Excluded / non-forest,False,False,False,False
182654990-120118,WAT,2007,DIGITALA,0,,,0,NONE,NONE,NONE,67931,False,8.529538207349484,False,False,0,False,not_FOR,Excluded / non-forest,False,False,False,False
182654990-120258,WAT,2007,DIGITALA,0,,,0,NONE,NONE,NONE,67932,False,113.98195994833492,False,False,0,False,not_FOR,Excluded / non-forest,False,False,False,False
182654995-120355,WAT,2007,DIGITALA,0,,,0,NONE,NONE,NONE,67933,False,10.358394386437212,False,False,0,False,not_FOR,Excluded / non-forest,False,False,False,False
182704980-029439,FOR,2007,DIGITALP,1887,Mh  50Mr  30Sw  10Aw  10,Mh,120,NONE,NONE,NONE,68070,False,0.4615773430024412,False,True,120,True,usable,101–150,True,True,True,True
182704980-029488,FOR,2007,DIGITALP,1917,Mh  20Mr  20Aw  20Bd  20PO  10Sw  10,Mh,90,NONE,NONE,NONE,68071,False,1.701290199596161,False,True,90,True,usable,81–100,True,True,True,False
182704980-029424,FOR,2007,DIGITALP,1977,Bf  40Sw  30Sb  20Cw  10,Bf,30,NONE,NONE,NONE,68072,False,0.5717708961688309,False,True,30,True,usable,21–40,False,False,False,False
827989024,OMS,2007,DIGITALP,0,,,0,NONE,NONE,NONE,68073,False,0.7811873275839156,False,False,0,False,not_FOR,Excluded / non-forest,False,False,False,False
827989055,WAT,2007,DIGITALA,0,,,0,NONE,NONE,NONE,68074,False,0.4430916990569928,False,False,0,False,not_FOR,Excluded / non-forest,False,False,False,False
182704980-029401,FOR,2007,DIGITALP,1917,Mh  20Mr  20Bd  20Aw  20Sw  10He  10,Mh,90,NONE,NONE,NONE,68075,False,5.230684025966496,False,True,90,True,usable,81–100,True,True,True,False
182704980-029422,OMS,2007,DIGITALP,0,,,0,NONE,NONE,NONE,68076,False,2.6681335884996216,False,False,0,False,not_FOR,Excluded / non-forest,False,False,False,False
182704980-029443,FOR,2007,DIGITALP,1977,Cw  50Bf  30La  10Sb  10,Cw,30,WETT,NONE,NONE,68077,False,1.402973314618433,False,True,30,True,usable,21–40,False,False,False,False
182704980-027419,OMS,2007,DIGITALP,0,,,0,NONE,NONE,NONE,68078,False,1.6593009317571616,False,False,0,False,not_FOR,Excluded / non-forest,False,False,False,False
182704980-029492,FOR,2007,DIGITALP,1927,PO  20Mr  20Sw  10Mh  10Bf  10Bw  10Pw  10Bd  10,PO,80,NONE,NONE,NONE,68079,False,2.597892217221751,False,True,80,True,usable,61–80,True,True,False,False
182704980-029508,FOR,2007,DIGITALP,1917,PO  30Mr  20Mh  20Aw  10Bd  10Sw  10,PO,90,NONE,NONE,NONE,68080,False,4.976513092454672,False,True,90,True,usable,81–100,True,True,True,False
182704980-028993,FOR,2007,DIGITALP,1982,PO  40Bw  30Bf  20Sw  10,PO,25,NONE,NONE,NONE,68081,False,3.1711043474097993,False,True,25,True,usable,21–40,False,False,False,False
182704980-029501,FOR,2007,DIGITALP,1887,Mh  50Mr  20Sw  10Aw  10By  10,Mh,120,NONE,NONE,NONE,68082,False,3.633593478845224,False,True,120,True,usable,101–150,True,True,True,True
182754980-119763,WAT,2007,DIGITALA,0,,,0,NONE,NONE,NONE,68083,False,1.871385160355151,False,False,0,False,not_FOR,Excluded / non-forest,False,False,False,False
182704980-029490,FOR,2007,DIGITALP,1917,Mh  20Mr  10Bd  10Aw  10Bw  10PO  10By  10Cb  10Sw  10,Mh,90,NONE,NONE,NONE,68084,False,6.111150057512847,False,True,90,True,usable,81–100,True,True,True,False
182704980-029507,FOR,2007,DIGITALP,1927,Mh  20Mr  20Bd  20Or  20PO  10Aw  10,Mh,80,NONE,NONE,NONE,68085,False,17.46056929009275,False,True,80,True,usable,61–80,True,True,False,False
182704980-029416,FOR,2007,DIGITALP,2006,PO  40Bf  30Sw  20Bw  10,PO,1,NONE,NONE,NONE,68086,False,0.9774801229045683,False,True,1,True,usable,1–20,False,False,False,False
182704980-028346,FOR,2007,DIGITALP,1937,PO  40Bw  20Sw  20Bf  10Mr  10,PO,70,NONE,NONE,NONE,68087,False,9.188629173817713,False,True,70,True,usable,61–80,True,False,False,False
182704980-140519,ISL,2007,DIGITALA,0,,,0,ISLD,NONE,NONE,68088,False,0.36052522256506475,False,False,0,False,not_FOR,Excluded / non-forest,False,False,False,False
182704980-027393,FOR,2007,DIGITALP,1917,Mh  30Mr  20Bd  20Aw  10PO  10Or  10,Mh,90,NONE,NONE,NONE,68089,False,6.553122259914827,False,True,90,True,usable,81–100,True,True,True,False
827989083,OMS,2007,DIGITALP,0,,,0,NONE,NONE,NONE,68090,False,3.0057371937323367,False,False,0,False,not_FOR,Excluded / non-forest,False,False,False,False
182704980-029421,FOR,2007,DIGITALP,1947,PO  40Bf  30Sw  20Bw  10,PO,60,NONE,NONE,NONE,68091,False,12.084523166877862,False,True,60,True,usable,41–60,True,False,False,False
182704980-029503,FOR,2007,DIGITALP,1947,PO  40Bf  20Bw  20Sw  10Mh  10,PO,60,NONE,NONE,NONE,68092,False,18.352690964795492,False,True,60,True,usable,41–60,True,False,False,False
182704980-029509,FOR,2007,DIGITALP,1917,PO  50Bw  20Mr  10Sw  10Bf  10,PO,90,NONE,NONE,NONE,68093,False,23.56313585528743,False,True,90,True,usable,81–100,True,True,True,False
182704980-028610,FOR,2007,DIGITALP,1907,Mh  50Mr  20Bd  10Aw  10Be  10,Mh,100,NONE,NONE,NONE,68094,False,9.177689663303957,False,True,100,True,usable,81–100,True,True,True,True
182704980-029430,FOR,2007,DIGITALP,1897,Mh  40Mr  20Bd  20Aw  10PO  10,Mh,110,NONE,NONE,NONE,68095,False,15.168842962443298,False,True,110,True,usable,101–150,True,True,True,True
182704980-027377,OMS,2007,DIGITALP,0,,,0,NONE,NONE,NONE,68096,False,4.21061453373379,False,False,0,False,not_FOR,Excluded / non-forest,False,False,False,False
182704980-026897,OMS,2007,DIGITALP,0,,,0,NONE,NONE,NONE,68097,False,1.7640721928375194,False,False,0,False,not_FOR,Excluded / non-forest,False,False,False,False
827989020,WAT,2007,DIGITALA,0,,,0,NONE,NONE,NONE,68098,False,0.4827838544415036,False,False,0,False,not_FOR,Excluded / non-forest,False,False,False,False
182704980-026709,OMS,2007,DIGITALP,0,,,0,NONE,NONE,NONE,68099,False,9.48068682120957,False,False,0,False,not_FOR,Excluded / non-forest,False,False,False,False
182704980-029491,FOR,2007,DIGITALP,1917,Mh  60Mr  20Bd  10Aw  10,Mh,90,NONE,NONE,NONE,68100,False,20.438546456889725,False,True,90,True,usable,81–100,True,True,True,False
182704980-029428,FOR,2007,DIGITALP,1907,Mh  40Mr  20Bd  10Aw  10PO  10Bw  10,Mh,100,NONE,NONE,NONE,68101,False,34.62302224882313,False,True,100,True,usable,81–100,True,True,True,True
182704980-029441,FOR,2007,DIGITALP,1917,Mh  20Mr  20Bd  10Aw  10PO  10Bw  10Pw  10Cw  10,Mh,90,NONE,NONE,NONE,68102,False,25.915831794730185,False,True,90,True,usable,81–100,True,True,True,False
182704980-030409,FOR,2007,DIGITALP,1937,Ab  40Bw  20Cw  20Sb  10La  10,Ab,70,WETT,NONE,NONE,68103,False,6.852284030302595,False,True,70,True,usable,61–80,True,False,False,False
182704980-028179,OMS,2007,DIGITALP,0,,,0,NONE,NONE,NONE,68104,False,2.9838652949049895,False,False,0,False,not_FOR,Excluded / non-forest,False,False,False,False
182704980-119796,WAT,2007,DIGITALA,0,,,0,NONE,NONE,NONE,68105,False,15.292897670318856,False,False,0,False,not_FOR,Excluded / non-forest,False,False,False,False
182704980-029429,FOR,2007,DIGITALP,1907,Mh  40Mr  20Bd  20Aw  10PO  10,Mh,100,NONE,NONE,NONE,68106,False,7.969276354774428,False,True,100,True,usable,81–100,True,True,True,True
182704980-029137,FOR,2007,DIGITALP,1917,Mh  50Bd  20Mr  20Aw  10,Mh,90,NONE,NONE,NONE,68107,False,32.89230916418187,False,True,90,True,usable,81–100,True,True,True,False
182704980-029502,FOR,2007,DIGITALP,1907,Mh  30Mr  20PO  20Aw  10Bd  10Sw  10,Mh,100,NONE,NONE,NONE,68108,False,10.729972820507884,False,True,100,True,usable,81–100,True,True,True,True
182704980-030408,FOR,2007,DIGITALP,1927,PO  50Mr  10Bd  10Sb  10Bw  10Mh  10,PO,80,NONE,NONE,NONE,68109,False,25.62916639502746,False,True,80,True,usable,61–80,True,True,False,False
827989053,WAT,2007,DIGITALA,0,,,0,NONE,NONE,NONE,68110,False,2.6998189576024227,False,False,0,False,not_FOR,Excluded / non-forest,False,False,False,False
182704980-027321,OMS,2007,DIGITALP,0,,,0,NONE,NONE,NONE,68111,False,3.6493306179209553,False,False,0,False,not_FOR,Excluded / non-forest,False,False,False,False
182704980-029493,FOR,2007,DIGITALP,1927,PO  40Bw  20Sw  20Bf  10Pw  10,PO,80,NONE,NONE,NONE,68112,False,30.947999522426446,False,True,80,True,usable,61–80,True,True,False,False
182704980-026987,FOR,2007,DIGITALP,1907,Mh  40Mr  20Bd  10Aw  10Bw  10PO  10,Mh,100,NONE,NONE,NONE,68113,False,54.44445925970808,False,True,100,True,usable,81–100,True,True,True,True
182704980-028180,FOR,2007,SUPINFO,1897,Mh  70Mr  10Aw  10Bd  10,Mh,110,NONE,NONE,NONE,68114,False,55.55301406503857,False,True,110,True,usable,101–150,True,True,True,True
182704980-027473,OMS,2007,DIGITALP,0,,,0,NONE,NONE,NONE,68115,False,1.1714925217210386,False,False,0,False,not_FOR,Excluded / non-forest,False,False,False,False
827989088,FOR,2007,DIGITALP,1917,He  30Mh  30Mr  20Bw  10By  10,He,90,DAMG,NONE,NONE,68116,False,8.170622294688464,False,True,90,True,usable,81–100,True,True,True,False
182754980-029145,FOR,2007,DIGITALP,1937,Cw  40Sb  20Bw  10Ab  10La  10Bf  10,Cw,70,WETT,NONE,NONE,68117,False,8.442864817651314,False,True,70,True,usable,61–80,True,False,False,False
182704980-029142,FOR,2007,DIGITALP,1897,Mh  70Mr  10Bd  10Aw  10,Mh,110,NONE,NONE,NONE,68118,False,66.11004833787536,False,True,110,True,usable,101–150,True,True,True,True
182754980-027059,OMS,2007,DIGITALP,0,,,0,NONE,NONE,NONE,68119,False,0.9591764889149097,False,False,0,False,not_FOR,Excluded / non-forest,False,False,False,False
182704980-028181,FOR,2007,DIGITALP,1917,Mh  20Mr  20Bd  20Or  10PO  10Aw  10Sw  10,Mh,90,NONE,NONE,NONE,68120,False,26.572775227309908,False,True,90,True,usable,81–100,True,True,True,False
827989089,FOR,2007,DIGITALP,1962,Bf  30Pw  20Bw  20Pt  10Mr  10He  10,Bf,45,SHRB,NONE,NONE,68121,False,8.577950993949955,False,True,45,True,usable,41–60,False,False,False,False
182704980-029134,FOR,2007,DIGITALP,1937,Mh  20Bd  20Mr  20Aw  10Bw  10PO  10Sw  10,Mh,70,NONE,NONE,NONE,68122,False,4.917390204069101,False,True,70,True,usable,61–80,True,False,False,False
827989018,WAT,2007,DIGITALA,0,,,0,NONE,NONE,NONE,68123,False,1.8826595243015236,False,False,0,False,not_FOR,Excluded / non-forest,False,False,False,False
182704980-029132,FOR,2007,DIGITALP,1917,Mh  40Bd  20Mr  20Aw  10Bw  10,Mh,90,NONE,NONE,NONE,68124,False,9.397066853251337,False,True,90,True,usable,81–100,True,True,True,False
182704980-030405,FOR,2007,DIGITALP,1907,Mh  30Mr  20Bd  10Aw  10Be  10Or  10PO  10,Mh,100,NONE,NONE,NONE,68125,False,45.28348355455563,False,True,100,True,usable,81–100,True,True,True,True
182754980-029163,OMS,2007,DIGITALP,0,,,0,NONE,NONE,NONE,68126,False,4.12215535971126,False,False,0,False,not_FOR,Excluded / non-forest,False,False,False,False
827989017,WAT,2007,DIGITALA,0,,,0,NONE,NONE,NONE,68127,False,0.46215977334356895,False,False,0,False,not_FOR,Excluded / non-forest,False,False,False,False
182704985-119840,WAT,2007,DIGITALA,0,,,0,NONE,NONE,NONE,68128,False,2.801793114178604,False,False,0,False,not_FOR,Excluded / non-forest,False,False,False,False
182704980-029129,FOR,2007,DIGITALP,1927,Mh  40Mr  20Bd  20Aw  10PO  10,Mh,80,NONE,NONE,NONE,68129,False,6.743725865872427,False,True,80,True,usable,61–80,True,True,False,False
182704980-029139,FOR,2007,DIGITALP,1927,PO  40Bw  20Sw  20Bf  10He  10,PO,80,NONE,NONE,NONE,68130,False,6.834845020859447,False,True,80,True,usable,61–80,True,True,False,False
182704980-029136,FOR,2007,DIGITALP,1937,PO  40Bf  20Bw  20Mr  10Sw  10,PO,70,NONE,NONE,NONE,68131,False,60.81662572185979,False,True,70,True,usable,61–80,True,False,False,False
182704985-029116,FOR,2007,DIGITALP,1977,Bw  40PO  30Bf  10Pw  10Mr  10,Bw,30,NONE,NONE,NONE,68132,False,3.203486645339813,False,True,30,True,usable,21–40,False,False,False,False
182704980-029141,FOR,2007,DIGITALP,1947,PO  40Bf  20Bw  20Sw  10Cw  10,PO,60,NONE,NONE,NONE,68133,False,4.820163947962361,False,True,60,True,usable,41–60,True,False,False,False
182754985-029160,FOR,2007,DIGITALP,1992,Pr 100,Pr,15,NONE,NONE,NONE,68134,False,1.1392356380723312,False,True,15,True,usable,1–20,False,False,False,False
182704985-026640,OMS,2007,DIGITALP,0,,,0,NONE,NONE,NONE,68135,False,1.622050598684112,False,False,0,False,not_FOR,Excluded / non-forest,False,False,False,False
182704980-027228,FOR,2007,DIGITALP,1917,PO  50Bf  10Bw  10Sw  10Cw  10Mr  10,PO,90,NONE,NONE,NONE,68136,False,53.10967798453865,False,True,90,True,usable,81–100,True,True,True,False
182704980-028178,FOR,2007,SUPINFO,1917,Mh  50Mr  20Aw  10Bd  10PO  10,Mh,90,NONE,NONE,NONE,68137,False,45.46588529571962,False,True,90,True,usable,81–100,True,True,True,False
182704985-026746,BSH,2007,DIGITALP,0,,,0,NONE,NONE,NONE,68138,False,0.9432873683811931,False,False,0,False,not_FOR,Excluded / non-forest,False,False,False,False
182704985-029153,FOR,2007,DIGITALP,1927,Cw  70Bf  10PO  10Ab  10,Cw,80,WETT,NONE,NONE,68139,False,22.54179521853516,False,True,80,True,usable,61–80,True,True,False,False
182704980-028174,FOR,2007,SUPINFO,1917,Mh  40Mr  20Aw  20Bd  10PO  10,Mh,90,NONE,NONE,NONE,68140,False,26.268082242035742,False,True,90,True,usable,81–100,True,True,True,False
827989068,WAT,2007,DIGITALA,0,,,0,NONE,NONE,NONE,68141,False,1.609524975070086,False,False,0,False,not_FOR,Excluded / non-forest,False,False,False,False
827989065,WAT,2007,DIGITALA,0,,,0,NONE,NONE,NONE,68142,False,5.200227424024258,False,False,0,False,not_FOR,Excluded / non-forest,False,False,False,False
827989022,WAT,2007,DIGITALA,0,,,0,NONE,NONE,NONE,68143,False,0.17443993872823632,False,False,0,False,not_FOR,Excluded / non-forest,False,False,False,False
182704985-030182,FOR,2007,DIGITALP,1917,Mh  40Mr  20Bd  10Aw  10PO  10Bw  10,Mh,90,NONE,NONE,NONE,68144,False,16.635962767587095,False,True,90,True,usable,81–100,True,True,True,False
827989021,WAT,2007,DIGITALA,0,,,0,NONE,NONE,NONE,68145,False,0.0672776300860832,False,False,0,False,not_FOR,Excluded / non-forest,False,False,False,False
182704980-030404,FOR,2007,DIGITALP,1967,PO  20Bw  20Bf  20Cw  20Sw  10Sb  10,PO,40,NONE,NONE,NONE,68146,False,17.85691174171567,False,True,40,True,usable,21–40,False,False,False,False
182704980-029140,FOR,2007,DIGITALP,1927,PO  40Bw  20Bf  20Sw  10Mh  10,PO,80,NONE,NONE,NONE,68147,False,24.701248893513824,False,True,80,True,usable,61–80,True,True,False,False
182754985-029159,FOR,2007,DIGITALP,1992,Pr 100,Pr,15,NONE,NONE,NONE,68148,False,2.436943498348761,False,True,15,True,usable,1–20,False,False,False,False
827989067,WAT,2007,DIGITALA,0,,,0,NONE,NONE,NONE,68149,False,3.113360814646825,False,False,0,False,not_FOR,Excluded / non-forest,False,False,False,False
182704985-029115,FOR,2007,DIGITALP,1917,Mh  50Mr  20Bd  10Aw  10Bw  10,Mh,90,NONE,NONE,NONE,68150,False,27.144748256137962,False,True,90,True,usable,81–100,True,True,True,False
182704985-029143,FOR,2007,DIGITALP,1917,PO  60Bf  20Bw  10Sw  10,PO,90,NONE,NONE,NONE,68151,False,8.818772118189319,False,True,90,True,usable,81–100,True,True,True,False
182704985-030180,OMS,2007,DIGITALP,0,,,0,NONE,NONE,NONE,68152,False,3.6885230831365137,False,False,0,False,not_FOR,Excluded / non-forest,False,False,False,False
182704985-029126,OMS,2007,DIGITALP,0,,,0,NONE,NONE,NONE,68153,False,2.62052420375445,False,False,0,False,not_FOR,Excluded / non-forest,False,False,False,False
182704985-029113,FOR,2007,DIGITALP,1977,Ab  70Cw  20La  10,Ab,30,WETT,NONE,NONE,68154,False,2.7368116874548263,False,True,30,True,usable,21–40,False,False,False,False
182704985-029127,BSH,2007,DIGITALP,0,,,0,NONE,NONE,NONE,68155,False,4.633428878788973,False,False,0,False,not_FOR,Excluded / non-forest,False,False,False,False
182754985-029161,FOR,2007,DIGITALP,1987,Bw  40PO  20Bf  20Cw  10Sw  10,Bw,20,NONE,NONE,NONE,68156,False,4.693149772793471,False,True,20,True,usable,1–20,False,False,False,False
182704985-030181,FOR,2007,DIGITALP,1947,Cw  70Ab  10La  10Bf  10,Cw,60,WETT,NONE,NONE,68157,False,23.591320029412444,False,True,60,True,usable,41–60,True,False,False,False
182704985-119872,WAT,2007,DIGITALA,0,,,0,NONE,NONE,NONE,68158,False,0.3234838828932742,False,False,0,False,not_FOR,Excluded / non-forest,False,False,False,False
182704985-027566,FOR,2007,DIGITALP,1937,PO  40Bw  20Bf  20Sw  10Sb  10,PO,70,NONE,NONE,NONE,68159,False,8.590962380594256,False,True,70,True,usable,61–80,True,False,False,False
182704985-029149,FOR,2007,DIGITALP,2004,PO  50Bf  20Bw  20Sw  10,PO,3,NONE,NONE,NONE,68160,False,7.223328874659634,False,True,3,True,usable,1–20,False,False,False,False
182754985-030184,FOR,2007,DIGITALP,1917,PO  60Sb  20Bw  10Bf  10,PO,90,NONE,NONE,NONE,68161,False,8.4941715134713,False,True,90,True,usable,81–100,True,True,True,False
827989015,WAT,2007,DIGITALA,0,,,0,NONE,NONE,NONE,68162,False,0.3819049369622151,False,False,0,False,not_FOR,Excluded / non-forest,False,False,False,False
182704985-028173,FOR,2007,DIGITALP,1967,Bw  30Bf  20PO  20Mr  10Sw  10Pw  10,Bw,40,NONE,NONE,NONE,68163,False,6.3915732794297195,False,True,40,True,usable,21–40,False,False,False,False
827989016,OMS,2007,DIGITALP,0,,,0,NONE,NONE,NONE,68164,False,1.5615380300403097,False,False,0,False,not_FOR,Excluded / non-forest,False,False,False,False
182704985-029152,FOR,2007,DIGITALP,1927,PO  60Bf  10Bw  10Sw  10Mr  10,PO,80,NONE,NONE,NONE,68165,False,41.65913019320432,False,True,80,True,usable,61–80,True,True,False,False
827989064,OMS,2007,DIGITALP,0,,,0,NONE,NONE,NONE,68166,False,1.6615474877114456,False,False,0,False,not_FOR,Excluded / non-forest,False,False,False,False
182754985-027021,BSH,2007,DIGITALP,0,,,0,NONE,NONE,NONE,68167,False,8.86434567362208,False,False,0,False,not_FOR,Excluded / non-forest,False,False,False,False
182704985-029130,FOR,2007,DIGITALP,1957,PO  40Bw  20Bf  20Mh  10Sw  10,PO,50,NONE,NONE,NONE,68168,False,7.370120301689855,False,True,50,True,usable,41–60,False,False,False,False
182754985-029158,FOR,2007,DIGITALP,1992,Pr  90Sw  10,Pr,15,NONE,NONE,NONE,68169,False,2.8922728409944667,False,True,15,True,usable,1–20,False,False,False,False
182704985-028177,FOR,2007,DIGITALP,1947,PO  50Bf  20Bw  10Sw  10Mh  10,PO,60,NONE,NONE,NONE,68170,False,27.848003932965874,False,True,60,True,usable,41–60,True,False,False,False
182704985-119881,WAT,2007,DIGITALA,0,,,0,NONE,NONE,NONE,68171,False,1.501485719917132,False,False,0,False,not_FOR,Excluded / non-forest,False,False,False,False
182704985-029148,FOR,2007,DIGITALP,1937,PO  50Bf  20Bw  20Sw  10,PO,70,NONE,NONE,NONE,68172,False,12.95797629342382,False,True,70,True,usable,61–80,True,False,False,False
182704985-029120,OMS,2007,DIGITALP,0,,,0,NONE,NONE,NONE,68173,False,2.3326455475651318,False,False,0,False,not_FOR,Excluded / non-forest,False,False,False,False
182704985-030179,OMS,2007,DIGITALP,0,,,0,NONE,NONE,NONE,68174,False,5.9528378138029785,False,False,0,False,not_FOR,Excluded / non-forest,False,False,False,False
182754985-030407,FOR,2007,DIGITALP,1917,PO  50Sb  20Bw  10Bf  10Mr  10,PO,90,NONE,NONE,NONE,68175,False,9.769001602276282,False,True,90,True,usable,81–100,True,True,True,False
182704985-029151,OMS,2007,DIGITALP,0,,,0,NONE,NONE,NONE,68176,False,1.8206311602513785,False,False,0,False,not_FOR,Excluded / non-forest,False,False,False,False
827989069,WAT,2007,DIGITALA,0,,,0,NONE,NONE,NONE,68177,False,1.7303154414414315,False,False,0,False,not_FOR,Excluded / non-forest,False,False,False,False
182704985-134069,UCL,2007,DIGITALP,0,,,0,NONE,NONE,NONE,68178,False,2.0308859752766226,False,False,0,False,not_FOR,Excluded / non-forest,False,False,False,False
182704985-028176,FOR,2007,DIGITALP,1897,Mh  40Mr  20Bd  20Aw  10Be  10,Mh,110,NONE,NONE,NONE,68179,False,20.79571898628122,False,True,110,True,usable,101–150,True,True,True,True
827989014,WAT,2007,DIGITALA,0,,,0,NONE,NONE,NONE,68180,False,1.103359088601206,False,False,0,False,not_FOR,Excluded / non-forest,False,False,False,False
182704985-029128,FOR,2007,DIGITALP,1937,PO  40Bw  20Bf  20Sw  10Mh  10,PO,70,NONE,NONE,NONE,68181,False,28.994991642116865,False,True,70,True,usable,61–80,True,False,False,False
182704985-140534,ISL,2007,DIGITALA,0,,,0,ISLD,NONE,NONE,68182,False,0.07417567330006881,False,False,0,False,not_FOR,Excluded / non-forest,False,False,False,False
182704985-027125,FOR,2007,DIGITALP,1927,Sw  20Bf  20Bw  10Aw  10Mr  10Mh  10PO  10Pw  10,Sw,80,NONE,NONE,NONE,68183,False,9.398532401061113,False,True,80,True,usable,61–80,True,True,False,False
182704985-028175,FOR,2007,DIGITALP,1917,PO  40Bw  20Sw  10Mr  10Mh  10Bf  10,PO,90,NONE,NONE,NONE,68184,False,5.958621828166205,False,True,90,True,usable,81–100,True,True,True,False
827989019,WAT,2007,DIGITALA,0,,,0,NONE,NONE,NONE,68185,False,2.5179174550866428,False,False,0,False,not_FOR,Excluded / non-forest,False,False,False,False
182704985-027097,OMS,2007,DIGITALP,0,,,0,NONE,NONE,NONE,68186,False,9.687394426853807,False,False,0,False,not_FOR,Excluded / non-forest,False,False,False,False
182704985-029156,FOR,2007,DIGITALP,1957,Sw  40Bw  20Bf  20Sb  10PO  10,Sw,50,NONE,NONE,NONE,68187,False,27.401107715973136,False,True,50,True,usable,41–60,False,False,False,False
182704985-029150,FOR,2007,DIGITALP,1977,Ab  40Cw  40Bf  10PO  10,Ab,30,WETT,NONE,NONE,68188,False,12.471790318962066,False,True,30,True,usable,21–40,False,False,False,False
182704985-029118,FOR,2007,DIGITALP,1927,Mh  40Mr  20Bd  10Aw  10Bw  10PO  10,Mh,80,NONE,NONE,NONE,68189,False,19.536909691729043,False,True,80,True,usable,61–80,True,True,False,False
182704985-140535,ISL,2007,DIGITALA,0,,,0,ISLD,NONE,NONE,68190,False,0.08654932069343373,False,False,0,False,not_FOR,Excluded / non-forest,False,False,False,False
182704985-029119,FOR,2007,DIGITALP,1917,Mh  50Mr  20Bd  10Aw  10Bw  10,Mh,90,NONE,NONE,NONE,68191,False,23.70907571154039,False,True,90,True,usable,81–100,True,True,True,False
182754985-030406,FOR,2007,DIGITALP,1967,Ab  30Bf  20Sb  20Bw  20Sw  10,Ab,40,NONE,NONE,NONE,68192,False,5.108695028960832,False,True,40,True,usable,21–40,False,False,False,False
182704985-029121,FOR,2007,DIGITALP,1907,Mh  50Mr  20Bd  10Aw  10Bw  10,Mh,100,NONE,NONE,NONE,68193,False,43.40376819059215,False,True,100,True,usable,81–100,True,True,True,True
182704985-028612,OMS,2007,DIGITALP,0,,,0,NONE,NONE,NONE,68194,False,0.8078975587314172,False,False,0,False,not_FOR,Excluded / non-forest,False,False,False,False
182704985-027523,FOR,2007,SUPINFO,1917,Mh  40Mr  20Bd  20Aw  10PO  10,Mh,90,NONE,NONE,NONE,68195,False,28.788761057715533,False,True,90,True,usable,81–100,True,True,True,False
182704985-029146,FOR,2007,DIGITALP,1927,Mr  20Bw  20PO  20Mh  10Bf  10Sw  10Bd  10,Mr,80,NONE,NONE,NONE,68196,False,26.351497042208386,False,True,80,True,usable,61–80,True,True,False,False
182704985-027615,OMS,2007,DIGITALP,0,,,0,NONE,NONE,NONE,68197,False,0.27288244909062626,False,False,0,False,not_FOR,Excluded / non-forest,False,False,False,False
182704985-029154,FOR,2007,SUPINFO,2006,Mh 100,Mh,1,NONE,NONE,NONE,68198,False,21.881703638675543,False,True,1,True,usable,1–20,False,False,False,False
182704985-029125,FOR,2007,DIGITALP,1937,Sw  30Bf  20Bw  20Aw  10Mr  10Mh  10,Sw,70,NONE,NONE,NONE,68199,False,14.986880028182178,False,True,70,True,usable,61–80,True,False,False,False
182704985-029147,FOR,2007,DIGITALP,1927,Bw  20Mr  20PO  20Ab  20Sw  10Bf  10,Bw,80,NONE,NONE,NONE,68200,False,7.141306207526569,False,True,80,True,usable,61–80,True,True,False,False
182704985-029155,FOR,2007,DIGITALP,1927,PO  20Bw  20Bf  20Sw  20Bd  10Mr  10,PO,80,NONE,NONE,NONE,68201,False,4.1863209670232795,False,True,80,True,usable,61–80,True,True,False,False
827989041,OMS,2007,DIGITALP,0,,,0,NONE,NONE,NONE,68202,False,3.345486690864722,False,False,0,False,not_FOR,Excluded / non-forest,False,False,False,False
182704985-140536,ISL,2007,DIGITALA,0,,,0,ISLD,NONE,NONE,68203,False,0.029276619264487703,False,False,0,False,not_FOR,Excluded / non-forest,False,False,False,False
182704985-028623,FOR,2007,DIGITALP,1917,Mh  30Mr  20Bd  20Aw  20PO  10,Mh,90,NONE,NONE,NONE,68204,False,5.525160766608356,False,True,90,True,usable,81–100,True,True,True,False
182704985-140537,ISL,2007,DIGITALA,0,,,0,ISLD,NONE,NONE,68205,False,0.06630583801435923,False,False,0,False,not_FOR,Excluded / non-forest,False,False,False,False
182704985-029122,FOR,2007,DIGITALP,1937,PO  20Sw  20Bf  20Bw  20Cw  10Mr  10,PO,70,NONE,NONE,NONE,68206,False,9.243599312978462,False,True,70,True,usable,61–80,True,False,False,False
182704985-028638,FOR,2007,DIGITALP,1927,Mh  40Mr  20Bd  10Aw  10PO  10Bw  10,Mh,80,NONE,NONE,NONE,68207,False,15.324431650747789,False,True,80,True,usable,61–80,True,True,False,False
182704985-026786,OMS,2007,DIGITALP,0,,,0,NONE,NONE,NONE,68208,False,2.2058527585305234,False,False,0,False,not_FOR,Excluded / non-forest,False,False,False,False
182704985-028627,FOR,2007,DIGITALP,1927,Bf  20Sw  20PO  20Bw  20Mh  10Mr  10,Bf,80,NONE,NONE,NONE,68209,False,9.443742712326905,False,True,80,True,usable,61–80,True,True,False,False
182704985-028626,FOR,2007,DIGITALP,1917,Mh  40Mr  20Bd  20Aw  10By  10,Mh,90,NONE,NONE,NONE,68210,False,19.715763986660928,False,True,90,True,usable,81–100,True,True,True,False
182704985-028613,FOR,2007,DIGITALP,1917,Mr  20PO  20Aw  10Bd  10Mh  10Bw  10Pw  10Sw  10,Mr,90,NONE,NONE,NONE,68211,False,13.71756053065791,False,True,90,True,usable,81–100,True,True,True,False
182704985-134085,UCL,2007,DIGITALP,0,,,0,NONE,NONE,NONE,68212,False,23.16917406165395,False,False,0,False,not_FOR,Excluded / non-forest,False,False,False,False
182704985-027960,FOR,2007,DIGITALP,1917,Mh  50Mr  20Bd  10Aw  10PO  10,Mh,90,NONE,NONE,NONE,68213,False,17.926429060803375,False,True,90,True,usable,81–100,True,True,True,False
182704985-027961,FOR,2007,DIGITALP,1927,Mr  20Bd  20Aw  20PO  20Mh  10Bw  10,Mr,80,NONE,NONE,NONE,68214,False,6.7331150473852395,False,True,80,True,usable,61–80,True,True,False,False
182704985-028222,OMS,2007,DIGITALP,0,,,0,NONE,NONE,NONE,68215,False,9.290693352707464,False,False,0,False,not_FOR,Excluded / non-forest,False,False,False,False
182704985-028628,FOR,2007,DIGITALP,1937,PO  20Sw  20Bf  20Bw  20Cw  10Mr  10,PO,70,NONE,NONE,NONE,68216,False,10.617843234593874,False,True,70,True,usable,61–80,True,False,False,False
182704985-028624,FOR,2007,DIGITALP,1917,Mh  40Mr  20Bd  10Aw  10PO  10Bw  10,Mh,90,NONE,NONE,NONE,68217,False,10.10331346696313,False,True,90,True,usable,81–100,True,True,True,False
182704985-028639,FOR,2007,DIGITALP,1927,Mr  20PO  20Bw  10Bf  10Mh  10Ab  10Sw  10Cw  10,Mr,80,NONE,NONE,NONE,68218,False,9.561630107125122,False,True,80,True,usable,61–80,True,True,False,False
827989005,WAT,2007,DIGITALA,0,,,0,NONE,NONE,NONE,68219,False,5.93173282613737,False,False,0,False,not_FOR,Excluded / non-forest,False,False,False,False
182704985-027651,FOR,2007,DIGITALP,1917,Mh  30Mr  20Bd  20Aw  20PO  10,Mh,90,NONE,NONE,NONE,68220,False,17.634714992093755,False,True,90,True,usable,81–100,True,True,True,False
182754985-028611,FOR,2007,DIGITALP,1947,Bf  30Bw  20Sw  20Sb  10Pw  10PO  10,Bf,60,NONE,NONE,NONE,68221,False,10.236015563290655,False,True,60,True,usable,41–60,True,False,False,False
182704985-026753,FOR,2007,DIGITALP,1907,Mh  40Mr  20Bd  20Aw  10By  10,Mh,100,NONE,NONE,NONE,68222,False,32.28962745647276,False,True,100,True,usable,81–100,True,True,True,True
182704985-027957,FOR,2007,DIGITALP,1917,Mh  40Mr  20Aw  20Bd  10PO  10,Mh,90,NONE,NONE,NONE,68223,False,11.538930279945498,False,True,90,True,usable,81–100,True,True,True,False
182704985-138499,UCL,2007,DIGITALP,0,,,0,NONE,NONE,NONE,68224,False,1.9740804956559896,False,False,0,False,not_FOR,Excluded / non-forest,False,False,False,False
182704985-028642,FOR,2007,DIGITALP,1917,Mh  30Mr  20Bd  20Aw  10Bw  10PO  10,Mh,90,NONE,NONE,NONE,68225,False,9.990794171325492,False,True,90,True,usable,81–100,True,True,True,False
182704985-028288,FOR,2007,DIGITALP,1937,Mr  20PO  10Bw  10Sw  10Bf  10Aw  10Cw  10Ab  10Mh  10,Mr,70,NONE,NONE,NONE,68226,False,2.5290792661433104,False,True,70,True,usable,61–80,True,False,False,False
182704985-028615,FOR,2007,DIGITALP,1917,Mr  20Mh  20PO  10Bd  10Pw  10Bw  10Sw  10Ab  10,Mr,90,NONE,NONE,NONE,68227,False,18.543906962459005,False,True,90,True,usable,81–100,True,True,True,False
182704985-027959,FOR,2007,DIGITALP,1937,Bw  20Cw  20Bf  20PO  10Ab  10Sb  10Sw  10,Bw,70,NONE,NONE,NONE,68228,False,10.438366348191119,False,True,70,True,usable,61–80,True,False,False,False
827989003,OMS,2007,DIGITALP,0,,,0,NONE,NONE,NONE,68229,False,1.0961536990431242,False,False,0,False,not_FOR,Excluded / non-forest,False,False,False,False
182704985-027958,FOR,2007,DIGITALP,1917,Mh  40Mr  20Aw  20Bd  10PO  10,Mh,90,NONE,NONE,NONE,68230,False,21.99004434152334,False,True,90,True,usable,81–100,True,True,True,False
182754985-028560,FOR,2007,DIGITALP,1947,Bw  30Bf  20Cw  10PO  10Mr  10Ab  10Sw  10,Bw,60,NONE,NONE,NONE,68231,False,19.27531818357505,False,True,60,True,usable,41–60,True,False,False,False
182704985-028650,FOR,2007,DIGITALP,1927,Mh  20Mr  20Bd  10Aw  10Sw  10PO  10He  10Pw  10,Mh,80,NONE,NONE,NONE,68232,False,9.690702652289838,False,True,80,True,usable,61–80,True,True,False,False
182704985-027658,OMS,2007,DIGITALP,0,,,0,NONE,NONE,NONE,68233,False,2.425248623711821,False,False,0,False,not_FOR,Excluded / non-forest,False,False,False,False
182704985-028127,FOR,2007,DIGITALP,1927,PO  30Bw  20Mr  10Bd  10Bf  10Mh  10Sw  10,PO,80,NONE,NONE,NONE,68234,False,12.720274251284208,False,True,80,True,usable,61–80,True,True,False,False
182754985-028221,OMS,2007,DIGITALP,0,,,0,NONE,NONE,NONE,68235,False,4.959007517655727,False,False,0,False,not_FOR,Excluded / non-forest,False,False,False,False
182704985-027755,FOR,2007,DIGITALP,1937,Mr  20Bf  20Sw  20Bd  10PO  10Mh  10Bw  10,Mr,70,NONE,NONE,NONE,68236,False,12.983396045416177,False,True,70,True,usable,61–80,True,False,False,False
182704985-134097,UCL,2007,DIGITALP,0,,,0,NONE,NONE,NONE,68237,False,5.463315069199854,False,False,0,False,not_FOR,Excluded / non-forest,False,False,False,False
182704985-028224,OMS,2007,DIGITALP,0,,,0,NONE,NONE,NONE,68238,False,0.48410702288473284,False,False,0,False,not_FOR,Excluded / non-forest,False,False,False,False
182704985-027633,FOR,2007,DIGITALP,1937,Mr  20PO  20Bw  20He  10Bf  10Mh  10By  10,Mr,70,NONE,NONE,NONE,68239,False,14.648498786316559,False,True,70,True,usable,61–80,True,False,False,False
182704985-028128,FOR,2007,DIGITALP,1917,Mh  40Mr  20Aw  20Bd  10PO  10,Mh,90,NONE,NONE,NONE,68240,False,6.238644493256223,False,True,90,True,usable,81–100,True,True,True,False
182704985-028614,FOR,2007,DIGITALP,1917,Mh  40Mr  20Aw  10Bd  10PO  10Pw  10,Mh,90,NONE,NONE,NONE,68241,False,13.847281666246673,False,True,90,True,usable,81–100,True,True,True,False
182704985-028126,FOR,2007,DIGITALP,1927,Mr  30Mh  10By  10He  10Bw  10PO  10Sw  10Cw  10,Mr,80,NONE,NONE,NONE,68242,False,6.620475182623333,False,True,80,True,usable,61–80,True,True,False,False
182704985-028640,FOR,2007,DIGITALP,1917,Mh  50Mr  20Aw  10Bd  10PO  10,Mh,90,NONE,NONE,NONE,68243,False,13.565695075814746,False,True,90,True,usable,81–100,True,True,True,False
182704985-027694,BSH,2007,DIGITALP,0,,,0,NONE,NONE,NONE,68244,False,1.0345740432281394,False,False,0,False,not_FOR,Excluded / non-forest,False,False,False,False
827989074,WAT,2007,DIGITALA,0,,,0,NONE,NONE,NONE,68245,False,2.9394204975000795,False,False,0,False,not_FOR,Excluded / non-forest,False,False,False,False
182704985-028641,FOR,2007,DIGITALP,1907,Mh  40Mr  20Bd  20Aw  10Or  10,Mh,100,NONE,NONE,NONE,68246,False,7.597139355156157,False,True,100,True,usable,81–100,True,True,True,True
182704985-028616,OMS,2007,DIGITALP,0,,,0,NONE,NONE,NONE,68247,False,3.314040030242109,False,False,0,False,not_FOR,Excluded / non-forest,False,False,False,False
182704985-027754,FOR,2007,DIGITALP,1917,Mh  30Mr  20Bd  20Aw  20Bw  10,Mh,90,NONE,NONE,NONE,68248,False,10.735215505370792,False,True,90,True,usable,81–100,True,True,True,False
182704985-028223,FOR,2007,DIGITALP,1927,Bd  30Mr  20Mh  20Aw  20PO  10,Bd,80,NONE,NONE,NONE,68249,False,10.413262593273652,False,True,80,True,usable,61–80,True,True,False,False
827989075,WAT,2007,DIGITALA,0,,,0,NONE,NONE,NONE,68250,False,0.9620089052415449,False,False,0,False,not_FOR,Excluded / non-forest,False,False,False,False
182704985-028125,FOR,2007,DIGITALP,1937,Bw  20Bf  20Cw  10PO  10Mr  10Sb  10Sw  10Ab  10,Bw,70,NONE,NONE,NONE,68251,False,11.888793797375174,False,True,70,True,usable,61–80,True,False,False,False
182704985-027702,OMS,2007,DIGITALP,0,,,0,NONE,NONE,NONE,68252,False,1.1598117675079471,False,False,0,False,not_FOR,Excluded / non-forest,False,False,False,False
182704985-119968,WAT,2007,DIGITALA,0,,,0,NONE,NONE,NONE,68253,False,6.736290798331573,False,False,0,False,not_FOR,Excluded / non-forest,False,False,False,False
182704985-028225,FOR,2007,DIGITALP,1927,Bd  20Mr  20Mh  20PO  20Aw  10Bw  10,Bd,80,NONE,NONE,NONE,68254,False,21.788996661153607,False,True,80,True,usable,61–80,True,True,False,False
182704985-027335,OMS,2007,DIGITALP,0,,,0,NONE,NONE,NONE,68255,False,1.18952801532274,False,False,0,False,not_FOR,Excluded / non-forest,False,False,False,False
182704985-119970,WAT,2007,DIGITALA,0,,,0,NONE,NONE,NONE,68256,False,4.118153089222879,False,False,0,False,not_FOR,Excluded / non-forest,False,False,False,False
182704985-134102,UCL,2007,DIGITALP,0,,,0,NONE,NONE,NONE,68257,False,10.564193379161601,False,False,0,False,not_FOR,Excluded / non-forest,False,False,False,False
182704985-027713,OMS,2007,DIGITALP,0,,,0,NONE,NONE,NONE,68258,False,2.9784968745313845,False,False,0,False,not_FOR,Excluded / non-forest,False,False,False,False
182704985-026925,FOR,2007,DIGITALP,1927,Mr  30PO  20Sw  10Bf  10Mh  10Bw  10He  10,Mr,80,NONE,NONE,NONE,68259,False,11.829684869988416,False,True,80,True,usable,61–80,True,True,False,False
182704985-028622,FOR,2007,DIGITALP,1917,Mr  20Mh  20PO  20Bd  10Aw  10Bw  10Pw  10,Mr,90,NONE,NONE,NONE,68260,False,8.540307121919378,False,True,90,True,usable,81–100,True,True,True,False
182704985-027134,FOR,2007,DIGITALP,1907,Mh  60Mr  20Bd  10Aw  10,Mh,100,NONE,NONE,NONE,68261,False,17.245150368337008,False,True,100,True,usable,81–100,True,True,True,True
182704985-028226,FOR,2007,DIGITALP,1917,Mr  20Mh  20Aw  20Bd  10Bw  10PO  10Sw  10,Mr,90,NONE,NONE,NONE,68262,False,5.692768038738241,False,True,90,True,usable,81–100,True,True,True,False
182754985-028617,FOR,2007,DIGITALP,1917,Mh  40Mr  20Aw  10Bd  10PO  10Pw  10,Mh,90,NONE,NONE,NONE,68263,False,10.635791661180965,False,True,90,True,usable,81–100,True,True,True,False
182704985-119962,WAT,2007,DIGITALA,0,,,0,NONE,NONE,NONE,68264,False,10.763095071111577,False,False,0,False,not_FOR,Excluded / non-forest,False,False,False,False
182704985-028643,FOR,2007,DIGITALP,1917,Mh  40Mr  20Bd  20Aw  10PO  10,Mh,90,NONE,NONE,NONE,68265,False,36.579884570096326,False,True,90,True,usable,81–100,True,True,True,False
827989071,WAT,2007,DIGITALA,0,,,0,NONE,NONE,NONE,68266,False,0.6809039845265259,False,False,0,False,not_FOR,Excluded / non-forest,False,False,False,False
182704985-119989,WAT,2007,DIGITALA,0,,,0,NONE,NONE,NONE,68267,False,3.4909003066082884,False,False,0,False,not_FOR,Excluded / non-forest,False,False,False,False
182704985-119990,WAT,2007,DIGITALA,0,,,0,NONE,NONE,NONE,68268,False,1.6502515335456232,False,False,0,False,not_FOR,Excluded / non-forest,False,False,False,False
182704985-028618,FOR,2007,DIGITALP,1927,Bf  20Sw  20Bw  20Bd  10PO  10Mr  10Pw  10,Bf,80,NONE,NONE,NONE,68269,False,21.248516767651566,False,True,80,True,usable,61–80,True,True,False,False
182754985-134105,UCL,2007,DIGITALP,0,,,0,NONE,NONE,NONE,68270,False,7.0805819743450895,False,False,0,False,not_FOR,Excluded / non-forest,False,False,False,False
182704985-134106,UCL,2007,DIGITALP,0,,,0,NONE,NONE,NONE,68271,False,10.922889186259356,False,False,0,False,not_FOR,Excluded / non-forest,False,False,False,False
182704985-028124,FOR,2007,DIGITALP,1957,Bw  30Ab  20Cw  10Sw  10Bf  10PO  10By  10,Bw,50,NONE,NONE,NONE,68272,False,15.434802383494509,False,True,50,True,usable,41–60,False,False,False,False
182754985-026693,FOR,2007,DIGITALP,1967,Bw  20PO  20Mr  20Ab  10Sw  10Bf  10Mh  10,Bw,40,NONE,NONE,NONE,68273,False,11.364921957187672,False,True,40,True,usable,21–40,False,False,False,False
182704985-030158,FOR,2007,DIGITALP,1917,Mh  30Mr  20Bd  20Aw  20PO  10,Mh,90,NONE,NONE,NONE,68274,False,19.860852730099236,False,True,90,True,usable,81–100,True,True,True,False
182704985-119996,WAT,2007,DIGITALA,0,,,0,NONE,NONE,NONE,68275,False,3.006692030888081,False,False,0,False,not_FOR,Excluded / non-forest,False,False,False,False
182704985-028621,FOR,2007,DIGITALP,1927,Mh  30Mr  20Bd  10Aw  10PO  10Bw  10Sw  10,Mh,80,NONE,NONE,NONE,68276,False,16.647986296778598,False,True,80,True,usable,61–80,True,True,False,False
182704985-030091,OMS,2007,DIGITALP,0,,,0,NONE,NONE,NONE,68277,False,2.2888243799616763,False,False,0,False,not_FOR,Excluded / non-forest,False,False,False,False
182754985-027302,OMS,2007,DIGITALP,0,,,0,NONE,NONE,NONE,68278,False,3.55500998833622,False,False,0,False,not_FOR,Excluded / non-forest,False,False,False,False
182704985-028287,FOR,2007,DIGITALP,1927,Mr  20PO  20Bf  10Aw  10He  10Sw  10Mh  10Bw  10,Mr,80,NONE,NONE,NONE,68279,False,39.61422595559546,False,True,80,True,usable,61–80,True,True,False,False
182704985-028635,OMS,2007,DIGITALP,0,,,0,NONE,NONE,NONE,68280,False,1.179328611702901,False,False,0,False,not_FOR,Excluded / non-forest,False,False,False,False
182704985-028227,FOR,2007,DIGITALP,1917,Mr  30Bd  20Aw  20Mh  10PO  10By  10,Mr,90,NONE,NONE,NONE,68281,False,9.955402656036055,False,True,90,True,usable,81–100,True,True,True,False
827989077,WAT,2007,DIGITALA,0,,,0,NONE,NONE,NONE,68282,False,1.0521345715242143,False,False,0,False,not_FOR,Excluded / non-forest,False,False,False,False
182704985-120004,WAT,2007,DIGITALA,0,,,0,NONE,NONE,NONE,68283,False,2.6505727006213164,False,False,0,False,not_FOR,Excluded / non-forest,False,False,False,False
182704985-027306,OMS,2007,DIGITALP,0,,,0,NONE,NONE,NONE,68284,False,0.15588054318414737,False,False,0,False,not_FOR,Excluded / non-forest,False,False,False,False
182704985-120006,WAT,2007,DIGITALA,0,,,0,NONE,NONE,NONE,68285,False,6.183686639638478,False,False,0,False,not_FOR,Excluded / non-forest,False,False,False,False
182704985-030301,FOR,2007,DIGITALP,1907,Mh  30Mr  20Bd  20Aw  20PO  10,Mh,100,NONE,NONE,NONE,68286,False,10.95730404882158,False,True,100,True,usable,81–100,True,True,True,True
182704985-027363,FOR,2007,DIGITALP,1927,Bw  30PO  30Sw  20Ab  10Bf  10,Bw,80,NONE,NONE,NONE,68287,False,18.284038333675678,False,True,80,True,usable,61–80,True,True,False,False
182704985-028637,FOR,2007,DIGITALP,1917,Mh  40Mr  20Bd  20Aw  10PO  10,Mh,90,NONE,NONE,NONE,68288,False,27.35903686973691,False,True,90,True,usable,81–100,True,True,True,False
827989006,OMS,2007,DIGITALP,0,,,0,NONE,NONE,NONE,68289,False,1.7882978817498363,False,False,0,False,not_FOR,Excluded / non-forest,False,False,False,False
182754985-028619,FOR,2007,DIGITALP,1947,Sw  30Bw  20Bf  10Cw  10PO  10Mr  10Pw  10,Sw,60,NONE,NONE,NONE,68290,False,18.89425996709102,False,True,60,True,usable,41–60,True,False,False,False
182704985-030302,FOR,2007,DIGITALP,1957,Bf  30Bw  20Cw  10Sw  10Ab  10PO  10By  10,Bf,50,NONE,NONE,NONE,68291,False,7.965339589886235,False,True,50,True,usable,41–60,False,False,False,False
182704985-140553,ISL,2007,DIGITALA,0,,,0,ISLD,NONE,NONE,68292,False,0.18695486665204256,False,False,0,False,not_FOR,Excluded / non-forest,False,False,False,False
182704985-027853,FOR,2007,DIGITALP,1917,PO  30Mr  20Bw  10Bd  10Sw  10He  10Bf  10,PO,90,NONE,NONE,NONE,68293,False,4.307765571532431,False,True,90,True,usable,81–100,True,True,True,False
182704985-028230,FOR,2007,DIGITALP,1927,Mh  40Mr  30Bd  10Aw  10PO  10,Mh,80,NONE,NONE,NONE,68294,False,6.451465490659641,False,True,80,True,usable,61–80,True,True,False,False
182704985-026885,FOR,2007,DIGITALP,1927,Mh  30Mr  20Bd  20Aw  20Sw  10,Mh,80,NONE,NONE,NONE,68295,False,7.165874374175033,False,True,80,True,usable,61–80,True,True,False,False
182704985-027238,OMS,2007,DIGITALP,0,,,0,NONE,NONE,NONE,68296,False,1.9438399069604217,False,False,0,False,not_FOR,Excluded / non-forest,False,False,False,False
182754985-027014,FOR,2007,DIGITALP,1927,Mh  30Bd  20Aw  10Sw  10PO  10Pw  10Mr  10,Mh,80,NONE,NONE,NONE,68297,False,10.17238847373995,False,True,80,True,usable,61–80,True,True,False,False
827989079,WAT,2007,DIGITALA,0,,,0,NONE,NONE,NONE,68298,False,0.9335495873356242,False,False,0,False,not_FOR,Excluded / non-forest,False,False,False,False
182704985-026725,FOR,2007,DIGITALP,1927,Mh  40Mr  20Bd  20Aw  10PO  10,Mh,80,NONE,NONE,NONE,68299,False,16.52515041240136,False,True,80,True,usable,61–80,True,True,False,False
182704985-120022,WAT,2007,DIGITALA,0,,,0,NONE,NONE,NONE,68300,False,6.552874735783363,False,False,0,False,not_FOR,Excluded / non-forest,False,False,False,False
182704985-134111,UCL,2007,DIGITALP,0,,,0,NONE,NONE,NONE,68301,False,4.037056342033881,False,False,0,False,not_FOR,Excluded / non-forest,False,False,False,False
182704985-027753,OMS,2007,DIGITALP,0,,,0,NONE,NONE,NONE,68302,False,1.4984119608455158,False,False,0,False,not_FOR,Excluded / non-forest,False,False,False,False
182704985-028644,FOR,2007,DIGITALP,1907,Mh  30Bd  20PO  20Aw  10Mr  10Pw  10,Mh,100,NONE,NONE,NONE,68303,False,14.760142473271394,False,True,100,True,usable,81–100,True,True,True,True
182704985-026757,OMS,2007,DIGITALP,0,,,0,NONE,NONE,NONE,68304,False,0.5079802885791143,False,False,0,False,not_FOR,Excluded / non-forest,False,False,False,False
182704985-026758,OMS,2007,DIGITALP,0,,,0,NONE,NONE,NONE,68305,False,0.10683810536624441,False,False,0,False,not_FOR,Excluded / non-forest,False,False,False,False
182704985-030114,FOR,2007,DIGITALP,1917,Mr  20Bd  20Aw  20Mh  10PO  10Sw  10He  10,Mr,90,NONE,NONE,NONE,68306,False,19.67205522107806,False,True,90,True,usable,81–100,True,True,True,False
182754985-028220,FOR,2007,DIGITALP,1917,Mh  40Bd  20Aw  20Mr  20,Mh,90,NONE,NONE,NONE,68307,False,7.238415388006134,False,True,90,True,usable,81–100,True,True,True,False
182704985-028231,FOR,2007,DIGITALP,1917,Mh  20Mr  20Bd  20Aw  20PO  10Or  10,Mh,90,NONE,NONE,NONE,68308,False,28.250371548412897,False,True,90,True,usable,81–100,True,True,True,False
182704985-027641,FOR,2007,DIGITALP,1937,Mr  20PO  20Sw  20Mh  10Bw  10Bd  10Bf  10,Mr,70,NONE,NONE,NONE,68309,False,19.254412359513076,False,True,70,True,usable,61–80,True,False,False,False
182704985-027640,FOR,2007,DIGITALP,1917,Mh  40Mr  30Bd  10Aw  10PO  10,Mh,90,NONE,NONE,NONE,68310,False,9.392125005031401,False,True,90,True,usable,81–100,True,True,True,False
182704985-028633,FOR,2007,DIGITALP,1927,Mh  20Mr  20Bd  20Aw  20PO  20,Mh,80,NONE,NONE,NONE,68311,False,21.973153286195725,False,True,80,True,usable,61–80,True,True,False,False
182704985-138502,UCL,2007,DIGITALP,0,,,0,NONE,NONE,NONE,68312,False,5.574790102149421,False,False,0,False,not_FOR,Excluded / non-forest,False,False,False,False
182754985-030304,FOR,2007,DIGITALP,1927,Bf  20Bw  20PO  20Mr  20Mh  10Sw  10,Bf,80,NONE,NONE,NONE,68313,False,5.937173826080511,False,True,80,True,usable,61–80,True,True,False,False
182704985-028630,FOR,2007,DIGITALP,1937,Ab  30Bf  20Cw  20Mr  10PO  10Sw  10,Ab,70,NONE,NONE,NONE,68314,False,2.866617268444605,False,True,70,True,usable,61–80,True,False,False,False
182704985-030303,FOR,2007,DIGITALP,1957,Bf  20Bw  20Sw  20PO  20Mr  10Cw  10,Bf,50,NONE,NONE,NONE,68315,False,23.85135863421525,False,True,50,True,usable,41–60,False,False,False,False
827989008,WAT,2007,DIGITALA,0,,,0,NONE,NONE,NONE,68316,False,0.11890980201618837,False,False,0,False,not_FOR,Excluded / non-forest,False,False,False,False
182704985-026811,OMS,2007,DIGITALP,0,,,0,NONE,NONE,NONE,68317,False,0.6216216129991595,False,False,0,False,not_FOR,Excluded / non-forest,False,False,False,False
182754985-120031,WAT,2007,DIGITALA,0,,,0,NONE,NONE,NONE,68318,False,10.285620478524988,False,False,0,False,not_FOR,Excluded / non-forest,False,False,False,False
182704985-027979,OMS,2007,DIGITALP,0,,,0,NONE,NONE,NONE,68319,False,1.5293532567505848,False,False,0,False,not_FOR,Excluded / non-forest,False,False,False,False
182704985-027793,OMS,2007,DIGITALP,0,,,0,NONE,NONE,NONE,68320,False,0.26798769086108437,False,False,0,False,not_FOR,Excluded / non-forest,False,False,False,False
182704985-134117,UCL,2007,DIGITALP,0,,,0,NONE,NONE,NONE,68321,False,3.8788953969302,False,False,0,False,not_FOR,Excluded / non-forest,False,False,False,False
182704985-027670,FOR,2007,DIGITALP,1917,Mr  40Mh  20Aw  20Bd  10PO  10,Mr,90,NONE,NONE,NONE,68322,False,15.922418651735207,False,True,90,True,usable,81–100,True,True,True,False
827989081,WAT,2007,DIGITALA,0,,,0,NONE,NONE,NONE,68323,False,1.2558883401384182,False,False,0,False,not_FOR,Excluded / non-forest,False,False,False,False
182704985-120041,WAT,2007,DIGITALA,0,,,0,NONE,NONE,NONE,68324,False,3.281561241348399,False,False,0,False,not_FOR,Excluded / non-forest,False,False,False,False
182754985-026754,FOR,2007,DIGITALP,1917,Mh  20Mr  20Bd  20Aw  20Or  20,Mh,90,NONE,NONE,NONE,68325,False,6.861111018479141,False,True,90,True,usable,81–100,True,True,True,False
182704985-134118,UCL,2007,DIGITALP,0,,,0,NONE,NONE,NONE,68326,False,5.750416594998946,False,False,0,False,not_FOR,Excluded / non-forest,False,False,False,False
182704985-027854,FOR,2007,DIGITALP,1917,Mr  30Mh  20Aw  20Bd  20PO  10,Mr,90,NONE,NONE,NONE,68327,False,15.57625415691373,False,True,90,True,usable,81–100,True,True,True,False
182704985-027358,FOR,2007,DIGITALP,1927,Mh  30Mr  20Bd  20Aw  20PO  10,Mh,80,NONE,NONE,NONE,68328,False,12.1368753040108,False,True,80,True,usable,61–80,True,True,False,False
182704985-028046,OMS,2007,DIGITALP,0,,,0,NONE,NONE,NONE,68329,False,1.4741316383078098,False,False,0,False,not_FOR,Excluded / non-forest,False,False,False,False
182704985-026696,FOR,2007,DIGITALP,1967,Bf  20Bw  20Ab  20Sw  10Cw  10PO  10Sb  10,Bf,40,NONE,NONE,NONE,68330,False,13.699967845575896,False,True,40,True,usable,21–40,False,False,False,False
827989010,WAT,2007,DIGITALA,0,,,0,NONE,NONE,NONE,68331,False,2.842104201898683,False,False,0,False,not_FOR,Excluded / non-forest,False,False,False,False
827989080,WAT,2007,DIGITALA,0,,,0,NONE,NONE,NONE,68332,False,0.9195475211145234,False,False,0,False,not_FOR,Excluded / non-forest,False,False,False,False
182704985-026941,FOR,2007,DIGITALP,1917,Mr  30Mh  20Aw  20Or  10Bd  10PO  10,Mr,90,NONE,NONE,NONE,68333,False,15.093346777684058,False,True,90,True,usable,81–100,True,True,True,False
182704985-028634,FOR,2007,DIGITALP,1917,Mr  20Mh  10Aw  10Bd  10PO  10Ab  10Sw  10He  10Bw  10,Mr,90,NONE,NONE,NONE,68334,False,14.540426720902635,False,True,90,True,usable,81–100,True,True,True,False
182704985-028229,FOR,2007,DIGITALP,1917,Mh  30Mr  20Bd  20Aw  20PO  10,Mh,90,NONE,NONE,NONE,68335,False,20.089451143698373,False,True,90,True,usable,81–100,True,True,True,False
182704985-120055,WAT,2007,DIGITALA,0,,,0,NONE,NONE,NONE,68336,False,1.4102557831254143,False,False,0,False,not_FOR,Excluded / non-forest,False,False,False,False
182704985-028631,FOR,2007,DIGITALP,1927,Or  20Bd  20Aw  20Mh  20Mr  10PO  10,Or,80,NONE,NONE,NONE,68337,False,11.682332776114286,False,True,80,True,usable,61–80,True,True,False,False
182704985-028629,FOR,2007,DIGITALP,1937,Bf  20Sw  20Aw  10Bw  10PO  10Mr  10Cw  10Mh  10,Bf,70,NONE,NONE,NONE,68338,False,10.541578765203889,False,True,70,True,usable,61–80,True,False,False,False
182704985-028228,FOR,2007,DIGITALP,1917,Mr  20Mh  20Bd  20Aw  10Bw  10PO  10Or  10,Mr,90,NONE,NONE,NONE,68339,False,22.84834140852901,False,True,90,True,usable,81–100,True,True,True,False
182704985-028632,OMS,2007,DIGITALP,0,,,0,NONE,NONE,NONE,68340,False,1.4880075502551375,False,False,0,False,not_FOR,Excluded / non-forest,False,False,False,False
182704985-028048,FOR,2007,DIGITALP,1917,Mh  50Mr  20Aw  10Bd  10Cb  10,Mh,90,NONE,NONE,NONE,68341,False,2.8582204538795204,False,True,90,True,usable,81–100,True,True,True,False
182704985-030141,FOR,2007,DIGITALP,1907,Mr  30Mh  20Aw  20Pw  10Bd  10PO  10,Mr,100,NONE,NONE,NONE,68342,False,19.912245296720428,False,True,100,True,usable,81–100,True,True,True,True
827989099,FOR,2007,DIGITALP,1917,He  40Mr  20Bw  10Pt  10Mh  10Bd  10,He,90,DAMG,NONE,NONE,68343,False,13.026347063510675,False,True,90,True,usable,81–100,True,True,True,False
182704985-024640,OMS,2007,DIGITALP,0,,,0,NONE,NONE,NONE,68344,False,2.1717376877122327,False,False,0,False,not_FOR,Excluded / non-forest,False,False,False,False
182754985-120065,WAT,2007,DIGITALA,0,,,0,NONE,NONE,NONE,68345,False,3.632364409313421,False,False,0,False,not_FOR,Excluded / non-forest,False,False,False,False
827989082,WAT,2007,DIGITALA,0,,,0,NONE,NONE,NONE,68346,False,1.27469066231669,False,False,0,False,not_FOR,Excluded / non-forest,False,False,False,False
827989100,OMS,2007,DIGITALP,0,,,0,NONE,NONE,NONE,68347,False,1.7509345459290795,False,False,0,False,not_FOR,Excluded / non-forest,False,False,False,False
182704985-024084,FOR,2007,DIGITALP,1907,Mh  50Mr  20Aw  10Bd  10Cb  10,Mh,100,NONE,NONE,NONE,68348,False,18.00470476301333,False,True,100,True,usable,81–100,True,True,True,True
827989101,FOR,2007,DIGITALP,1917,Mr  30Sw  20Bw  20Mh  10Pw  10Cw  10,Mr,90,STEP,DAMG,NONE,68349,False,8.913704564320131,False,True,90,True,usable,81–100,True,True,True,False
182704985-134122,UCL,2007,DIGITALP,0,,,0,NONE,NONE,NONE,68350,False,3.889363629142559,False,False,0,False,not_FOR,Excluded / non-forest,False,False,False,False
182704985-024834,FOR,2007,DIGITALP,1927,Mh  30Mr  20Aw  10Bd  10Bw  10PO  10He  10,Mh,80,NONE,NONE,NONE,68351,False,7.879653014105455,False,True,80,True,usable,61–80,True,True,False,False
182704985-120067,WAT,2007,DIGITALA,0,,,0,NONE,NONE,NONE,68352,False,1.5544768779014897,False,False,0,False,not_FOR,Excluded / non-forest,False,False,False,False
182704985-120070,WAT,2007,DIGITALA,0,,,0,NONE,NONE,NONE,68353,False,42.75093536635733,False,False,0,False,not_FOR,Excluded / non-forest,False,False,False,False
182704985-022610,FOR,2007,DIGITALP,1927,Mh  30Mr  20Aw  20Bd  10He  10Cb  10,Mh,80,NONE,NONE,NONE,68354,False,6.530143463158319,False,True,80,True,usable,61–80,True,True,False,False
827989009,WAT,2007,DIGITALA,0,,,0,NONE,NONE,NONE,68355,False,1.4473990565825012,False,False,0,False,not_FOR,Excluded / non-forest,False,False,False,False
182704985-024085,OMS,2007,DIGITALP,0,,,0,NONE,NONE,NONE,68356,False,0.9821611122901294,False,False,0,False,not_FOR,Excluded / non-forest,False,False,False,False
182704985-024083,FOR,2007,DIGITALP,1927,Mh  20Bd  20Mr  20Aw  20Or  10Iw  10,Mh,80,NONE,NONE,NONE,68357,False,16.28571787725034,False,True,80,True,usable,61–80,True,True,False,False
182704985-026463,FOR,2007,DIGITALP,1917,Mr  30Mh  20Aw  10Sw  10Bd  10He  10Pw  10,Mr,90,NONE,NONE,NONE,68358,False,25.661785423000076,False,True,90,True,usable,81–100,True,True,True,False
827989040,WAT,2007,DIGITALA,0,,,0,NONE,NONE,NONE,68359,False,0.690553937856382,False,False,0,False,not_FOR,Excluded / non-forest,False,False,False,False
182704985-024627,FOR,2007,DIGITALP,1927,Or  50Mr  10Bd  10Mh  10Iw  10Aw  10,Or,80,NONE,NONE,NONE,68360,False,20.822851792388963,False,True,80,True,usable,61–80,True,True,False,False
182704985-022999,FOR,2007,DIGITALP,1917,Mr  20Aw  20Mh  10Bd  10Bw  10PO  10Bf  10Sw  10,Mr,90,NONE,NONE,NONE,68361,False,21.42093128898636,False,True,90,True,usable,81–100,True,True,True,False
182704985-120079,WAT,2007,DIGITALA,0,,,0,NONE,NONE,NONE,68362,False,4.387819776189969,False,False,0,False,not_FOR,Excluded / non-forest,False,False,False,False
182754985-024726,FOR,2007,DIGITALP,1917,Mh  20Mr  20Bd  20Aw  20PO  10Sw  10,Mh,90,NONE,NONE,NONE,68363,False,7.167681372739718,False,True,90,True,usable,81–100,True,True,True,False
182704985-023924,FOR,2007,DIGITALP,1937,Or  30PO  30Bd  10Mh  10Mr  10Aw  10,Or,70,NONE,NONE,NONE,68364,False,9.505534522573386,False,True,70,True,usable,61–80,True,False,False,False
827989007,WAT,2007,DIGITALA,0,,,0,NONE,NONE,NONE,68365,False,0.25863987111745157,False,False,0,False,not_FOR,Excluded / non-forest,False,False,False,False
182704985-120086,WAT,2007,DIGITALA,0,,,0,NONE,NONE,NONE,68366,False,86.09663865297384,False,False,0,False,not_FOR,Excluded / non-forest,False,False,False,False
182754985-026494,OMS,2007,DIGITALP,0,,,0,NONE,NONE,NONE,68367,False,2.3970403226218924,False,False,0,False,not_FOR,Excluded / non-forest,False,False,False,False
182704985-022919,FOR,2007,PLOTVAR,1934,OH  50Mh  20Bw  10Pt  10Pl  10,OH,73,NONE,NONE,NONE,68368,False,32.67713726302712,False,True,73,True,usable,61–80,True,False,False,False
182754985-120089,WAT,2007,DIGITALA,0,,,0,NONE,NONE,NONE,68369,False,2.5275640291515,False,False,0,False,not_FOR,Excluded / non-forest,False,False,False,False
182704985-023925,FOR,2007,DIGITALP,1937,Sw  20PO  10Bd  10Mh  10Mr  10Aw  10He  10Or  10Bf  10,Sw,70,NONE,NONE,NONE,68370,False,9.547855811325341,False,True,70,True,usable,61–80,True,False,False,False
182754985-022657,FOR,2007,DIGITALP,1937,Mh  20Mr  20Bd  20Aw  20PO  10Bw  10,Mh,70,NONE,NONE,NONE,68371,False,10.029004200296962,False,True,70,True,usable,61–80,True,False,False,False
182704985-024086,FOR,2007,DIGITALP,1917,PO  30Mr  20Mh  10Aw  10He  10Bd  10Sw  10,PO,90,NONE,NONE,NONE,68372,False,5.943796905356788,False,True,90,True,usable,81–100,True,True,True,False
182704985-022625,FOR,2007,DIGITALP,1927,Mh  20Bd  20Mr  20Aw  20Bw  10Pw  10,Mh,80,NONE,NONE,NONE,68373,False,7.9067384559233105,False,True,80,True,usable,61–80,True,True,False,False
182704985-022611,FOR,2007,DIGITALP,1927,Mr  30Bd  20Sw  20Aw  10Bw  10Mh  10,Mr,80,NONE,NONE,NONE,68374,False,4.412588366224245,False,True,80,True,usable,61–80,True,True,False,False
182704990-024631,FOR,2007,DIGITALP,1937,Mh  50Mr  20Bd  20Aw  10,Mh,70,NONE,NONE,NONE,68375,False,13.421123236976122,False,True,70,True,usable,61–80,True,False,False,False
182704990-023926,FOR,2007,DIGITALP,1937,Mr  20PO  20Bd  10Aw  10He  10Cw  10Bw  10Mh  10,Mr,70,NONE,NONE,NONE,68376,False,18.604140942231957,False,True,70,True,usable,61–80,True,False,False,False
182704990-023960,FOR,2007,DIGITALP,1937,Or  50Mr  10Bd  10Mh  10Iw  10PO  10,Or,70,NONE,NONE,NONE,68377,False,17.13934974340711,False,True,70,True,usable,61–80,True,False,False,False
182704990-023958,FOR,2007,DIGITALP,1937,Or  50Mr  20Bd  10Mh  10Iw  10,Or,70,NONE,NONE,NONE,68378,False,23.63882399342094,False,True,70,True,usable,61–80,True,False,False,False
182704985-022724,FOR,2007,DIGITALP,1937,Or  60Mr  10Bd  10Mh  10Iw  10,Or,70,NONE,NONE,NONE,68379,False,4.665500142114734,False,True,70,True,usable,61–80,True,False,False,False
182704985-022718,FOR,2007,DIGITALP,1937,Or  60Mr  10Bd  10Mh  10Iw  10,Or,70,NONE,NONE,NONE,68380,False,57.719682937817616,False,True,70,True,usable,61–80,True,False,False,False
182754990-023171,FOR,2007,DIGITALP,1947,Ab  60Cw  20Bf  10Pb  10,Ab,60,NONE,NONE,NONE,68381,False,4.643018317150216,False,True,60,True,usable,41–60,True,False,False,False
182704985-023161,OMS,2007,DIGITALP,0,,,0,NONE,NONE,NONE,68382,False,2.2324583509515463,False,False,0,False,not_FOR,Excluded / non-forest,False,False,False,False
182704985-022723,OMS,2007,DIGITALP,0,,,0,NONE,NONE,NONE,68383,False,2.8041414277398946,False,False,0,False,not_FOR,Excluded / non-forest,False,False,False,False
182704985-120088,WAT,2007,DIGITALA,0,,,0,NONE,NONE,NONE,68384,False,22.852807282868017,False,False,0,False,not_FOR,Excluded / non-forest,False,False,False,False
182704990-120092,WAT,2007,DIGITALA,0,,,0,NONE,NONE,NONE,68385,False,10.169618515318092,False,False,0,False,not_FOR,Excluded / non-forest,False,False,False,False
182704985-120105,WAT,2007,DIGITALA,0,,,0,NONE,NONE,NONE,68386,False,19.06891665150409,False,False,0,False,not_FOR,Excluded / non-forest,False,False,False,False
182654980-029484,FOR,2007,DIGITALP,1917,Mh  30Mr  20Or  20Aw  10PO  10Bd  10,Mh,90,NONE,NONE,NONE,69049,False,0.01855027345313556,False,True,90,True,usable,81–100,True,True,True,False
182654980-027444,OMS,2007,DIGITALP,0,,,0,NONE,NONE,NONE,69050,False,0.047039606598431066,False,False,0,False,not_FOR,Excluded / non-forest,False,False,False,False
182654980-026739,FOR,2007,DIGITALP,1927,PO  50Bw  20Mr  10Cw  10Sw  10,PO,80,NONE,NONE,NONE,69051,False,0.17301875744295078,False,True,80,True,usable,61–80,True,True,False,False
182654980-137961,UCL,2007,DIGITALP,0,,,0,NONE,NONE,NONE,69052,False,0.018633560997379374,False,False,0,False,not_FOR,Excluded / non-forest,False,False,False,False
182654980-027441,FOR,2007,DIGITALP,1967,Ab  60Bw  20Sb  10Bf  10,Ab,40,WETT,NONE,NONE,69053,False,0.8633014199382196,False,True,40,True,usable,21–40,False,False,False,False
182654980-029470,FOR,2007,DIGITALP,1927,PO  40Sw  20Mh  10Bw  10Mr  10Bf  10,PO,80,NONE,NONE,NONE,69054,False,4.939658114419639,False,True,80,True,usable,61–80,True,True,False,False
182654980-028608,FOR,2007,DIGITALP,1937,Sb 100,Sb,70,WETT,NONE,NONE,69055,False,1.9535938390812655,False,True,70,True,usable,61–80,True,False,False,False
182604980-029391,FOR,2007,DIGITALP,1917,Mh  60Mr  20Bd  10Aw  10,Mh,90,NONE,NONE,NONE,69056,False,3.1260267295872133,False,True,90,True,usable,81–100,True,True,True,False
182654980-027445,OMS,2007,DIGITALP,0,,,0,NONE,NONE,NONE,69057,False,0.3451047747954583,False,False,0,False,not_FOR,Excluded / non-forest,False,False,False,False
182604980-029392,FOR,2007,DIGITALP,1967,PO  30Bw  20Mh  10Sw  10Mr  10Bd  10Bf  10,PO,40,NONE,NONE,NONE,69058,False,1.3565450472893201,False,True,40,True,usable,21–40,False,False,False,False
826989020,WAT,2007,DIGITALA,0,,,0,NONE,NONE,NONE,69059,False,2.3115336515739817,False,False,0,False,not_FOR,Excluded / non-forest,False,False,False,False
182654980-028609,FOR,2007,DIGITALP,1917,Bf 100,Bf,90,NONE,NONE,NONE,69060,False,1.3261767325278306,False,True,90,True,usable,81–100,True,True,True,False
182654980-029468,FOR,2007,DIGITALP,1947,Ab  70Cw  10Bf  10Sb  10,Ab,60,WETT,NONE,NONE,69061,False,7.201066776215192,False,True,60,True,usable,41–60,True,False,False,False
182654980-027081,OMS,2007,DIGITALP,0,,,0,NONE,NONE,NONE,69062,False,2.357472129222882,False,False,0,False,not_FOR,Excluded / non-forest,False,False,False,False
182604980-137814,UCL,2007,DIGITALP,0,,,0,NONE,NONE,NONE,69063,False,3.182522827385793,False,False,0,False,not_FOR,Excluded / non-forest,False,False,False,False
182654980-027099,FOR,2007,DIGITALP,1927,Sb  90Bf  10,Sb,80,NONE,NONE,NONE,69064,False,2.4711075785473717,False,True,80,True,usable,61–80,True,True,False,False
182654980-029436,FOR,2007,DIGITALP,1937,Cw  60Bf  10Sw  10Sb  10Bw  10,Cw,70,WETT,NONE,NONE,69065,False,5.877742417663975,False,True,70,True,usable,61–80,True,False,False,False
182654980-119765,WAT,2007,DIGITALA,0,,,0,NONE,NONE,NONE,69066,False,1.2572409818131671,False,False,0,False,not_FOR,Excluded / non-forest,False,False,False,False
182654980-119766,WAT,2007,DIGITALA,0,,,0,NONE,NONE,NONE,69067,False,0.38893670900386884,False,False,0,False,not_FOR,Excluded / non-forest,False,False,False,False
182604980-029466,FOR,2007,DIGITALP,1937,Bw  20Sw  20Bf  20PO  20Mr  10By  10,Bw,70,NONE,NONE,NONE,69068,False,7.785218605443677,False,True,70,True,usable,61–80,True,False,False,False
182654980-028341,FOR,2007,DIGITALP,1977,Ab  80Cw  10Bf  10,Ab,30,WETT,NONE,NONE,69069,False,0.5653328259013013,False,True,30,True,usable,21–40,False,False,False,False
182654980-029476,FOR,2007,DIGITALP,1917,PO  40Bw  20Sw  20Bf  20,PO,90,NONE,NONE,NONE,69070,False,11.794052436535347,False,True,90,True,usable,81–100,True,True,True,False
182654980-030197,FOR,2007,DIGITALP,1917,Mh  40Mr  20Or  10Aw  10PO  10Bd  10,Mh,90,NONE,NONE,NONE,69071,False,18.769472336112738,False,True,90,True,usable,81–100,True,True,True,False
182654980-028316,FOR,2007,DIGITALP,1917,PO  40Sw  20Mh  10Bw  10Mr  10Bd  10,PO,90,NONE,NONE,NONE,69072,False,5.646374811003361,False,True,90,True,usable,81–100,True,True,True,False
182654980-026900,OMS,2007,DIGITALP,0,,,0,NONE,NONE,NONE,69073,False,1.8957275700399783,False,False,0,False,not_FOR,Excluded / non-forest,False,False,False,False
182604980-137819,UCL,2007,DIGITALP,0,,,0,NONE,NONE,NONE,69074,False,1.3257752618690795,False,False,0,False,not_FOR,Excluded / non-forest,False,False,False,False
182654980-028606,DAL,2007,DIGITALP,0,,,0,NONE,NONE,NONE,69075,False,2.0721649119510746,False,False,0,False,not_FOR,Excluded / non-forest,False,False,False,False
182654980-029479,FOR,2007,DIGITALP,1927,PO  30Bw  20Sw  20Bf  20Mr  10,PO,80,NONE,NONE,NONE,69076,False,8.590772426043507,False,True,80,True,usable,61–80,True,True,False,False
182654980-119779,WAT,2007,DIGITALA,0,,,0,NONE,NONE,NONE,69077,False,0.595559487354218,False,False,0,False,not_FOR,Excluded / non-forest,False,False,False,False
182654980-028315,FOR,2007,DIGITALP,1917,Mh  30Mr  20Bd  20PO  10Aw  10By  10,Mh,90,NONE,NONE,NONE,69078,False,6.455311680060226,False,True,90,True,usable,81–100,True,True,True,False
182654980-029049,OMS,2007,DIGITALP,0,,,0,NONE,NONE,NONE,69079,False,2.244399935603467,False,False,0,False,not_FOR,Excluded / non-forest,False,False,False,False
182604980-028317,FOR,2007,DIGITALP,1947,Bf  40Sw  20Bw  20Sb  10Mh  10,Bf,60,NONE,NONE,NONE,69080,False,7.548303960201018,False,True,60,True,usable,41–60,True,False,False,False
182654980-028607,GRS,2007,DIGITALP,0,,,0,NONE,NONE,NONE,69081,False,2.329508048365851,False,False,0,False,not_FOR,Excluded / non-forest,False,False,False,False
182654980-029425,DAL,2007,DIGITALP,0,,,0,NONE,NONE,NONE,69082,False,3.0156528290240656,False,False,0,False,not_FOR,Excluded / non-forest,False,False,False,False
182654980-027046,FOR,2007,DIGITALP,1917,Mh  60Bd  10Mr  10PO  10Aw  10,Mh,90,NONE,NONE,NONE,69083,False,12.715300444370946,False,True,90,True,usable,81–100,True,True,True,False
182654980-028313,FOR,2007,DIGITALP,1977,Bw  40PO  30Bf  10Sw  10Cw  10,Bw,30,NONE,NONE,NONE,69084,False,17.88290787403751,False,True,30,True,usable,21–40,False,False,False,False
182604980-140520,ISL,2007,DIGITALA,0,,,0,ISLD,NONE,NONE,69085,False,0.23567497567594006,False,False,0,False,not_FOR,Excluded / non-forest,False,False,False,False
182654980-030081,FOR,2007,DIGITALP,1957,PO  40Bw  20Sw  10Mr  10Bf  10Mh  10,PO,50,NONE,NONE,NONE,69086,False,16.676098261551626,False,True,50,True,usable,41–60,False,False,False,False
182654980-028966,BSH,2007,DIGITALP,0,,,0,NONE,NONE,NONE,69087,False,3.0982735672511628,False,False,0,False,not_FOR,Excluded / non-forest,False,False,False,False
182654980-030201,FOR,2007,DIGITALP,1927,PO  20Bw  20Sw  20Bf  20Mr  10Ab  10,PO,80,NONE,NONE,NONE,69088,False,22.966404141156413,False,True,80,True,usable,61–80,True,True,False,False
182654980-030097,FOR,2007,DIGITALP,1917,PO  50Bw  20Bf  10Mr  10Sw  10,PO,90,NONE,NONE,NONE,69089,False,22.627511552827336,False,True,90,True,usable,81–100,True,True,True,False
182654980-029438,FOR,2007,DIGITALP,1917,PO  50Bw  10Sw  10Bf  10Mr  10Bd  10,PO,90,NONE,NONE,NONE,69090,False,12.152410885549685,False,True,90,True,usable,81–100,True,True,True,False
182604980-140522,ISL,2007,DIGITALA,0,,,0,ISLD,NONE,NONE,69091,False,0.033450922561694976,False,False,0,False,not_FOR,Excluded / non-forest,False,False,False,False
182604980-137835,UCL,2007,DIGITALP,0,,,0,NONE,NONE,NONE,69092,False,0.9211463124512275,False,False,0,False,not_FOR,Excluded / non-forest,False,False,False,False
182654980-029102,FOR,2007,DIGITALP,1917,Mr  30Mh  20PO  20Bd  10Sw  10Aw  10,Mr,90,NONE,NONE,NONE,69093,False,7.336607193414316,False,True,90,True,usable,81–100,True,True,True,False
182654980-029483,FOR,2007,DIGITALP,1917,PO  50Bw  10Sw  10Bf  10Mr  10Bd  10,PO,90,NONE,NONE,NONE,69094,False,18.2541488921695,False,True,90,True,usable,81–100,True,True,True,False
826989042,WAT,2007,DIGITALA,0,,,0,NONE,NONE,NONE,69096,False,0.7757045917709825,False,False,0,False,not_FOR,Excluded / non-forest,False,False,False,False
182654980-119794,WAT,2007,DIGITALA,0,,,0,NONE,NONE,NONE,69097,False,5.727837489339783,False,False,0,False,not_FOR,Excluded / non-forest,False,False,False,False
182654980-027455,OMS,2007,DIGITALP,0,,,0,NONE,NONE,NONE,69098,False,1.8529172393872293,False,False,0,False,not_FOR,Excluded / non-forest,False,False,False,False
182654980-027457,OMS,2007,DIGITALP,0,,,0,NONE,NONE,NONE,69099,False,1.3774178833629107,False,False,0,False,not_FOR,Excluded / non-forest,False,False,False,False
182654980-028975,FOR,2007,DIGITALP,1927,Mr  20PO  20Bw  20Mh  10Pw  10Bd  10Bf  10,Mr,80,NONE,NONE,NONE,69101,False,15.932404778816798,False,True,80,True,usable,61–80,True,True,False,False
182604980-029039,FOR,2007,DIGITALP,1937,Bw  20Mr  20PO  20Sw  20Mh  10Bf  10,Bw,70,NONE,NONE,NONE,69102,False,0.9374905256382091,False,True,70,True,usable,61–80,True,False,False,False
182654980-028968,FOR,2007,DIGITALP,1937,Bf  40Sb  30Sw  20Bw  10,Bf,70,NONE,NONE,NONE,69103,False,9.084920089190804,False,True,70,True,usable,61–80,True,False,False,False
182654980-027892,FOR,2007,DIGITALP,1917,PO  50Bw  20Bf  20Mr  10,PO,90,NONE,NONE,NONE,69104,False,5.885133265804114,False,True,90,True,usable,81–100,True,True,True,False
182654980-029048,FOR,2007,DIGITALP,1917,Mh  60Bd  10Mr  10PO  10Aw  10,Mh,90,NONE,NONE,NONE,69105,False,16.369985632858654,False,True,90,True,usable,81–100,True,True,True,False
182654980-027424,OMS,2007,DIGITALP,0,,,0,NONE,NONE,NONE,69106,False,8.776544827868227,False,False,0,False,not_FOR,Excluded / non-forest,False,False,False,False
182654980-029104,FOR,2007,DIGITALP,1957,Bf  50Sw  30Sb  20,Bf,50,NONE,NONE,NONE,69107,False,18.74002602801568,False,True,50,True,usable,41–60,False,False,False,False
182654980-029051,FOR,2007,DIGITALP,1947,Sb 100,Sb,60,NONE,NONE,NONE,69108,False,2.2437459830708435,False,True,60,True,usable,41–60,True,False,False,False
826989015,WAT,2007,DIGITALA,0,,,0,NONE,NONE,NONE,69109,False,2.326379641931935,False,False,0,False,not_FOR,Excluded / non-forest,False,False,False,False
182654980-028284,OMS,2007,DIGITALP,0,,,0,NONE,NONE,NONE,69110,False,3.1293266449179256,False,False,0,False,not_FOR,Excluded / non-forest,False,False,False,False
182654980-029101,FOR,2007,DIGITALP,1927,PO  40Sw  20Bw  20Mr  10Bf  10,PO,80,NONE,NONE,NONE,69111,False,12.07295969280087,False,True,80,True,usable,61–80,True,True,False,False
182654980-027039,FOR,2007,DIGITALP,1947,Bf  40Bw  20Sw  20PO  20,Bf,60,NONE,NONE,NONE,69112,False,7.393664066986351,False,True,60,True,usable,41–60,True,False,False,False
182654980-027459,OMS,2007,DIGITALP,0,,,0,NONE,NONE,NONE,69113,False,3.581541217708995,False,False,0,False,not_FOR,Excluded / non-forest,False,False,False,False
182654980-028285,OMS,2007,DIGITALP,0,,,0,NONE,NONE,NONE,69114,False,1.2936974898695446,False,False,0,False,not_FOR,Excluded / non-forest,False,False,False,False
182654980-028314,FOR,2007,DIGITALP,1927,PO  30Bw  20Bf  20Mr  10Mh  10Sw  10,PO,80,NONE,NONE,NONE,69115,False,12.514800059510263,False,True,80,True,usable,61–80,True,True,False,False
182654980-028976,FOR,2007,DIGITALP,1937,Bf  20Bw  20Cw  20PO  10Mr  10Sw  10Ab  10,Bf,70,NONE,NONE,NONE,69116,False,7.508084073715374,False,True,70,True,usable,61–80,True,False,False,False
182604980-029035,TMS,2007,DIGITALP,0,,,0,NONE,NONE,NONE,69117,False,3.505163622210097,False,False,0,False,not_FOR,Excluded / non-forest,False,False,False,False
182654980-027453,OMS,2007,DIGITALP,0,,,0,NONE,NONE,NONE,69118,False,8.925064100258828,False,False,0,False,not_FOR,Excluded / non-forest,False,False,False,False
182654980-030399,BSH,2007,DIGITALP,0,,,0,NONE,NONE,NONE,69119,False,0.6309059013390718,False,False,0,False,not_FOR,Excluded / non-forest,False,False,False,False
182654980-028203,FOR,2007,DIGITALP,1917,PO  70Bw  10Bf  10Mr  10,PO,90,NONE,NONE,NONE,69120,False,4.73613102175095,False,True,90,True,usable,81–100,True,True,True,False
182654980-028974,FOR,2007,DIGITALP,1917,Mh  50Bd  20Mr  10PO  10Aw  10,Mh,90,NONE,NONE,NONE,69121,False,28.69402248837933,False,True,90,True,usable,81–100,True,True,True,False
182654980-029105,FOR,2007,DIGITALP,1927,PO  40Sw  20Bw  20Bf  10Mr  10,PO,80,NONE,NONE,NONE,69122,False,12.673473496700396,False,True,80,True,usable,61–80,True,True,False,False
182654980-119809,WAT,2007,DIGITALA,0,,,0,NONE,NONE,NONE,69123,False,9.536626111898258,False,False,0,False,not_FOR,Excluded / non-forest,False,False,False,False
182654980-029103,FOR,2007,DIGITALP,1957,Sw  20Bw  20Cw  20Mr  10Bf  10Ab  10PO  10,Sw,50,NONE,NONE,NONE,69124,False,11.445679316085313,False,True,50,True,usable,41–60,False,False,False,False
182654980-029050,FOR,2007,DIGITALP,1927,Mh  30Bd  10Mr  10PO  10Aw  10Bw  10Cw  10Sw  10,Mh,80,NONE,NONE,NONE,69125,False,7.941883082476624,False,True,80,True,usable,61–80,True,True,False,False
182654980-027466,OMS,2007,DIGITALP,0,,,0,NONE,NONE,NONE,69126,False,2.4116149443780315,False,False,0,False,not_FOR,Excluded / non-forest,False,False,False,False
182654980-028446,FOR,2007,SUPINFO,1927,Sb  80Bf  20,Sb,80,NONE,NONE,NONE,69127,False,3.9254277324315487,False,True,80,True,usable,61–80,True,True,False,False
182654980-026936,FOR,2007,DIGITALP,1917,Mh  70Mr  20Bd  10,Mh,90,NONE,NONE,NONE,69128,False,5.177041434624578,False,True,90,True,usable,81–100,True,True,True,False
182654980-029100,FOR,2007,DIGITALP,1917,PO  30Sw  20Bd  10Mh  10Bf  10Mr  10Bw  10,PO,90,NONE,NONE,NONE,69129,False,7.475695751448453,False,True,90,True,usable,81–100,True,True,True,False
182654980-027980,FOR,2007,DIGITALP,1927,PO  40Bw  20Sw  10Mh  10Mr  10Bf  10,PO,80,NONE,NONE,NONE,69130,False,11.476255536805807,False,True,80,True,usable,61–80,True,True,False,False
182654980-137852,UCL,2007,DIGITALP,0,,,0,NONE,NONE,NONE,69131,False,7.936613575968935,False,False,0,False,not_FOR,Excluded / non-forest,False,False,False,False
826989043,WAT,2007,DIGITALA,0,,,0,NONE,NONE,NONE,69132,False,0.125722477629508,False,False,0,False,not_FOR,Excluded / non-forest,False,False,False,False
182654980-138876,UCL,2007,DIGITALP,0,,,0,NONE,NONE,NONE,69133,False,3.0155448087681505,False,False,0,False,not_FOR,Excluded / non-forest,False,False,False,False
182654980-029097,FOR,2007,DIGITALP,1917,PO  30Bw  20Bd  10Mh  10Bf  10Mr  10Sw  10,PO,90,NONE,NONE,NONE,69134,False,6.3519698818887065,False,True,90,True,usable,81–100,True,True,True,False
182654980-134030,UCL,2007,DIGITALP,0,,,0,NONE,NONE,NONE,69135,False,3.9458245847794524,False,False,0,False,not_FOR,Excluded / non-forest,False,False,False,False
182654980-027981,FOR,2007,DIGITALP,1937,PO  40Bw  20Sw  10Mh  10Mr  10Bf  10,PO,70,NONE,NONE,NONE,69136,False,16.68643466855942,False,True,70,True,usable,61–80,True,False,False,False
182654980-029041,FOR,2007,DIGITALP,1917,PO  50Bw  20Bf  10Mr  10Mh  10,PO,90,NONE,NONE,NONE,69137,False,13.064048575480633,False,True,90,True,usable,81–100,True,True,True,False
182654980-027446,FOR,2007,DIGITALP,1937,PO  40Bw  20Sw  10Mr  10Bf  10Mh  10,PO,70,NONE,NONE,NONE,69138,False,7.481312762866968,False,True,70,True,usable,61–80,True,False,False,False
182654985-027889,FOR,2007,DIGITALP,1927,Mh  30Or  20Bd  10Iw  10PO  10Mr  10Sw  10,Mh,80,NONE,NONE,NONE,69139,False,7.475497005818857,False,True,80,True,usable,61–80,True,True,False,False
826989052,FOR,2007,DIGITALP,1927,Bw  40He  30Pw  20Mr  10,Bw,80,NONE,NONE,NONE,69140,False,12.6092059521739,False,True,80,True,usable,61–80,True,True,False,False
182654985-028681,FOR,2007,DIGITALP,1907,Mh  20Mr  20Bd  20Aw  20PO  10By  10,Mh,100,NONE,NONE,NONE,69141,False,9.627225272877002,False,True,100,True,usable,81–100,True,True,True,True
182654985-027886,FOR,2007,DIGITALP,1917,Mh  30Mr  20Bd  10Iw  10PO  10Or  10Aw  10,Mh,90,NONE,NONE,NONE,69142,False,15.549421634682028,False,True,90,True,usable,81–100,True,True,True,False
182654985-028695,FOR,2007,DIGITALP,1907,Mh  40PO  20Mr  10Aw  10Bd  10Sw  10,Mh,100,NONE,NONE,NONE,69143,False,7.964504914058333,False,True,100,True,usable,81–100,True,True,True,True
182604985-028107,FOR,2007,DIGITALP,1917,Mh  20Mr  20Bd  20PO  10Aw  10Sw  10Bw  10,Mh,90,NONE,NONE,NONE,69144,False,6.570443462304292,False,True,90,True,usable,81–100,True,True,True,False
182654985-026928,OMS,2007,DIGITALP,0,,,0,NONE,NONE,NONE,69145,False,13.81555552401534,False,False,0,False,not_FOR,Excluded / non-forest,False,False,False,False
182654980-030101,FOR,2007,DIGITALP,1957,Ab  80Bw  10Cw  10,Ab,50,NONE,NONE,NONE,69146,False,6.273540935933645,False,True,50,True,usable,41–60,False,False,False,False
182654980-029106,FOR,2007,DIGITALP,1917,Mr  30Mh  20Bd  20PO  10Or  10Aw  10,Mr,90,NONE,NONE,NONE,69148,False,21.98292517640576,False,True,90,True,usable,81–100,True,True,True,False
182654980-029096,FOR,2007,DIGITALP,1917,Mh  40Mr  20Sw  10Bw  10Bd  10PO  10,Mh,90,NONE,NONE,NONE,69149,False,5.538003192029405,False,True,90,True,usable,81–100,True,True,True,False
182654980-028973,FOR,2007,DIGITALP,1937,PO  50Bw  10Bf  10Mr  10Sw  10Cw  10,PO,70,NONE,NONE,NONE,69150,False,18.07809392261065,False,True,70,True,usable,61–80,True,False,False,False
182654980-027952,FOR,2007,DIGITALP,1917,Mh  40Mr  20Sw  10Aw  10Bd  10PO  10,Mh,90,NONE,NONE,NONE,69152,False,7.3156893718763545,False,True,90,True,usable,81–100,True,True,True,False
182654980-029098,FOR,2007,DIGITALP,1957,PO  20Sw  20Ab  20Mr  10Bf  10Bw  10Cw  10,PO,50,NONE,NONE,NONE,69153,False,7.182971859361621,False,True,50,True,usable,41–60,False,False,False,False
182654980-027953,FOR,2007,DIGITALP,1917,PO  50Mr  10Sw  10Aw  10Bw  10Mh  10,PO,90,NONE,NONE,NONE,69155,False,4.870111747864693,False,True,90,True,usable,81–100,True,True,True,False
182654985-028972,FOR,2007,DIGITALP,1937,Mr  20Aw  20Ab  10Bd  10Mh  10Sw  10Cw  10PO  10,Mr,70,NONE,NONE,NONE,69156,False,11.715650591476297,False,True,70,True,usable,61–80,True,False,False,False
182654980-140524,ISL,2007,DIGITALA,0,,,0,ISLD,NONE,NONE,69157,False,0.03995024238105484,False,False,0,False,not_FOR,Excluded / non-forest,False,False,False,False
182654980-029099,FOR,2007,DIGITALP,1957,PO  20Sw  20Bw  20Mr  10Bf  10Ab  10Cw  10,PO,50,NONE,NONE,NONE,69158,False,8.741138369557769,False,True,50,True,usable,41–60,False,False,False,False
182604985-030396,FOR,2007,DIGITALP,1957,Bw  30Sw  20He  20PO  10Cw  10Bf  10,Bw,50,NONE,NONE,NONE,69159,False,9.960476827557263,False,True,50,True,usable,41–60,False,False,False,False
182654985-138494,UCL,2007,DIGITALP,0,,,0,NONE,NONE,NONE,69162,False,7.168996502639599,False,False,0,False,not_FOR,Excluded / non-forest,False,False,False,False
182654980-140526,ISL,2007,DIGITALA,0,,,0,ISLD,NONE,NONE,69164,False,0.6053604676980158,False,False,0,False,not_FOR,Excluded / non-forest,False,False,False,False
182654985-028970,FOR,2007,SUPINFO,1917,Bd  30Aw  20Mr  20Mh  10PO  10He  10,Bd,90,NONE,NONE,NONE,69166,False,16.686782114875935,False,True,90,True,usable,81–100,True,True,True,False
182654980-027950,FOR,2007,DIGITALP,1937,PO  40Bf  20Sw  10Mh  10Mr  10Bw  10,PO,70,NONE,NONE,NONE,69167,False,6.312447798151783,False,True,70,True,usable,61–80,True,False,False,False
182654985-028283,FOR,2007,DIGITALP,1917,Mh  30Mr  20Bd  20PO  10Aw  10Bw  10,Mh,90,NONE,NONE,NONE,69168,False,3.8166627406462705,False,True,90,True,usable,81–100,True,True,True,False
826989014,OMS,2007,DIGITALP,0,,,0,NONE,NONE,NONE,69169,False,0.4266561922862564,False,False,0,False,not_FOR,Excluded / non-forest,False,False,False,False
182654985-028451,FOR,2007,DIGITALP,1907,Mh  20Mr  20Bd  10PO  10Aw  10Bf  10Sw  10Bw  10,Mh,100,NONE,NONE,NONE,69170,False,15.056774424177345,False,True,100,True,usable,81–100,True,True,True,True
182654985-134039,UCL,2007,DIGITALP,0,,,0,NONE,NONE,NONE,69171,False,8.71376736419712,False,False,0,False,not_FOR,Excluded / non-forest,False,False,False,False
826989012,WAT,2007,DIGITALA,0,,,0,NONE,NONE,NONE,69172,False,1.8436585524456546,False,False,0,False,not_FOR,Excluded / non-forest,False,False,False,False
182654985-028969,FOR,2007,DIGITALP,1917,Mh  50Mr  20Bd  10PO  10Aw  10,Mh,90,NONE,NONE,NONE,69173,False,7.420756003714002,False,True,90,True,usable,81–100,True,True,True,False
182654985-028448,FOR,2007,DIGITALP,1917,Or  60Mr  10Iw  10PO  10Mh  10,Or,90,NONE,NONE,NONE,69174,False,8.669615106100084,False,True,90,True,usable,81–100,True,True,True,False
182604985-028725,FOR,2007,DIGITALP,1957,Bw  20Sw  20He  20PO  10Sb  10Bf  10Mr  10,Bw,50,NONE,NONE,NONE,69175,False,12.11848606444919,False,True,50,True,usable,41–60,False,False,False,False
182604985-027271,OMS,2007,DIGITALP,0,,,0,NONE,NONE,NONE,69176,False,2.15255801269996,False,False,0,False,not_FOR,Excluded / non-forest,False,False,False,False
182654985-028971,FOR,2007,SUPINFO,1937,Mr  20Aw  20Ab  20Bd  10Mh  10Sw  10Cw  10,Mr,70,NONE,NONE,NONE,69177,False,8.868966499564944,False,True,70,True,usable,61–80,True,False,False,False
182604985-029032,FOR,2007,DIGITALP,1937,Cw  50Sb  20Bf  20PO  10,Cw,70,NONE,NONE,NONE,69178,False,0.002925995400732643,False,True,70,True,usable,61–80,True,False,False,False
826989027,OMS,2007,DIGITALP,0,,,0,NONE,NONE,NONE,69179,False,1.2031905692185925,False,False,0,False,not_FOR,Excluded / non-forest,False,False,False,False
182654985-027951,FOR,2007,DIGITALP,1927,PO  30Bd  20Mh  10Mr  10Pw  10Aw  10Bw  10,PO,80,NONE,NONE,NONE,69180,False,10.926147022959007,False,True,80,True,usable,61–80,True,True,False,False
182654985-028452,FOR,2007,SUPINFO,1917,Mh  30Mr  20Aw  20Bd  20PO  10,Mh,90,NONE,NONE,NONE,69181,False,6.926197309519171,False,True,90,True,usable,81–100,True,True,True,False
826989013,WAT,2007,DIGITALA,0,,,0,NONE,NONE,NONE,69182,False,2.8442263198936026,False,False,0,False,not_FOR,Excluded / non-forest,False,False,False,False
182654985-030401,FOR,2007,DIGITALP,1957,Ab  70Cw  20Bf  10,Ab,50,WETT,NONE,NONE,69183,False,7.409950745391121,False,True,50,True,usable,41–60,False,False,False,False
182654985-028450,FOR,2007,DIGITALP,1947,Bw  30PO  20Bf  10Mr  10Sw  10Cw  10Pw  10,Bw,60,NONE,NONE,NONE,69184,False,8.236961676895513,False,True,60,True,usable,41–60,True,False,False,False
182654985-027949,FOR,2007,DIGITALP,1927,Or  40Mr  20Mh  20PO  10Bd  10,Or,80,NONE,NONE,NONE,69185,False,10.11523100235458,False,True,80,True,usable,61–80,True,True,False,False
182654985-028447,FOR,2007,DIGITALP,1917,PO  50Bw  10Bf  10Mr  10Sw  10Cw  10,PO,90,NONE,NONE,NONE,69186,False,7.32361766241566,False,True,90,True,usable,81–100,True,True,True,False
182654985-028449,FOR,2007,DIGITALP,1937,Mh  40Mr  20Bd  10PO  10Aw  10Bw  10,Mh,70,NONE,NONE,NONE,69187,False,8.576512350024425,False,True,70,True,usable,61–80,True,False,False,False
182654985-026748,OMS,2007,DIGITALP,0,,,0,NONE,NONE,NONE,69188,False,0.7201401461725881,False,False,0,False,not_FOR,Excluded / non-forest,False,False,False,False
182604980-028282,FOR,2007,DIGITALP,1957,Bw  20PO  20Sw  20Sb  20Cw  10Ab  10,Bw,50,NONE,NONE,NONE,69189,False,16.962609731318622,False,True,50,True,usable,41–60,False,False,False,False
182604985-027526,BSH,2007,DIGITALP,0,,,0,NONE,NONE,NONE,69190,False,5.747905319493405,False,False,0,False,not_FOR,Excluded / non-forest,False,False,False,False
182604985-027527,BSH,2007,DIGITALP,0,,,0,NONE,NONE,NONE,69191,False,2.1729957207595945,False,False,0,False,not_FOR,Excluded / non-forest,False,False,False,False
182654985-029052,FOR,2007,DIGITALP,1927,Mh  20Mr  20Bd  10PO  10Aw  10Bw  10He  10Sw  10,Mh,80,NONE,NONE,NONE,69192,False,9.935245439802882,False,True,80,True,usable,61–80,True,True,False,False
182654985-134050,UCL,2007,DIGITALP,0,,,0,NONE,NONE,NONE,69193,False,16.96775216905025,False,False,0,False,not_FOR,Excluded / non-forest,False,False,False,False
182654985-134051,UCL,2007,DIGITALP,0,,,0,NONE,NONE,NONE,69194,False,2.0347467618195516,False,False,0,False,not_FOR,Excluded / non-forest,False,False,False,False
182654985-029043,FOR,2007,DIGITALP,1917,Mr  30PO  30Bd  10Mh  10Aw  10Bw  10,Mr,90,NONE,NONE,NONE,69195,False,9.355556949135527,False,True,90,True,usable,81–100,True,True,True,False
182654985-134052,UCL,2007,DIGITALP,0,,,0,NONE,NONE,NONE,69196,False,21.969539699735567,False,False,0,False,not_FOR,Excluded / non-forest,False,False,False,False
182654985-119856,WAT,2007,DIGITALA,0,,,0,NONE,NONE,NONE,69197,False,23.135347724065017,False,False,0,False,not_FOR,Excluded / non-forest,False,False,False,False
182654985-027955,DAL,2007,DIGITALP,0,,,0,NONE,NONE,NONE,69198,False,5.996483495741103,False,False,0,False,not_FOR,Excluded / non-forest,False,False,False,False
182654985-027954,FOR,2007,DIGITALP,1947,PO  20Sw  20Bw  20Mr  10Bf  10Ab  10Mh  10,PO,60,NONE,NONE,NONE,69199,False,19.42690471937499,False,True,60,True,usable,41–60,True,False,False,False
182654985-028204,FOR,2007,DIGITALP,1967,Pr 100,Pr,40,NONE,NONE,NONE,69200,False,2.565904002611711,False,True,40,True,usable,21–40,False,False,False,False
182654985-030400,FOR,2007,DIGITALP,1907,Mh  50Mr  20Bd  10PO  10Aw  10,Mh,100,NONE,NONE,NONE,69201,False,5.383933389209623,False,True,100,True,usable,81–100,True,True,True,True
182604985-119867,WAT,2007,DIGITALA,0,,,0,NONE,NONE,NONE,69204,False,0.731253417646093,False,False,0,False,not_FOR,Excluded / non-forest,False,False,False,False
182654985-134056,UCL,2007,DIGITALP,0,,,0,NONE,NONE,NONE,69205,False,6.35724619833399,False,False,0,False,not_FOR,Excluded / non-forest,False,False,False,False
182654985-029093,FOR,2007,SUPINFO,1917,Mh  30Mr  20Aw  20Bd  10He  10Sw  10,Mh,90,NONE,NONE,NONE,69206,False,11.925401325993159,False,True,90,True,usable,81–100,True,True,True,False
182654985-027862,FOR,2007,DIGITALP,1917,Mr  20Aw  20Mh  20Or  10Sw  10PO  10Bd  10,Mr,90,NONE,NONE,NONE,69207,False,5.1690285224827885,False,True,90,True,usable,81–100,True,True,True,False
182654985-119869,WAT,2007,DIGITALA,0,,,0,NONE,NONE,NONE,69208,False,0.20344262050180087,False,False,0,False,not_FOR,Excluded / non-forest,False,False,False,False
182654985-028967,FOR,2007,DIGITALP,1917,Mh  50Mr  30Bd  10Aw  10,Mh,90,NONE,NONE,NONE,69209,False,16.33845861479378,False,True,90,True,usable,81–100,True,True,True,False
182654985-027947,FOR,2007,DIGITALP,1967,PO  30Bw  30Bf  10Mr  10Sw  10Cw  10,PO,40,NONE,NONE,NONE,69210,False,9.736434864722995,False,True,40,True,usable,21–40,False,False,False,False
182654985-027560,OMS,2007,DIGITALP,0,,,0,NONE,NONE,NONE,69211,False,1.3909862818095748,False,False,0,False,not_FOR,Excluded / non-forest,False,False,False,False
182654985-134057,UCL,2007,DIGITALP,0,,,0,NONE,NONE,NONE,69212,False,1.6566292943684413,False,False,0,False,not_FOR,Excluded / non-forest,False,False,False,False
182654985-028730,FOR,2007,DIGITALP,1992,Bw  50PO  20Sw  10Cw  10Bf  10,Bw,15,NONE,NONE,NONE,69213,False,1.7978144109959096,False,True,15,True,usable,1–20,False,False,False,False
182654985-027956,FOR,2007,DIGITALP,1917,PO  80Sw  10Bw  10,PO,90,NONE,NONE,NONE,69214,False,15.000337649599238,False,True,90,True,usable,81–100,True,True,True,False
182654985-027985,FOR,2007,DIGITALP,1967,Cw  70Bf  10La  10Sw  10,Cw,40,WETT,NONE,NONE,69215,False,0.8613591006757093,False,True,40,True,usable,21–40,False,False,False,False
182654985-138887,UCL,2007,DIGITALP,0,,,0,NONE,NONE,NONE,69216,False,4.35985598845239,False,False,0,False,not_FOR,Excluded / non-forest,False,False,False,False
182654985-119875,WAT,2007,DIGITALA,0,,,0,NONE,NONE,NONE,69217,False,8.678697203036903,False,False,0,False,not_FOR,Excluded / non-forest,False,False,False,False
826989034,WAT,2007,DIGITALA,0,,,0,NONE,NONE,NONE,69219,False,0.11068515525414145,False,False,0,False,not_FOR,Excluded / non-forest,False,False,False,False
182654985-027946,FOR,2007,DIGITALP,1917,Mr  30Mh  20Aw  20PO  10Bd  10He  10,Mr,90,NONE,NONE,NONE,69220,False,14.64358171491292,False,True,90,True,usable,81–100,True,True,True,False
182654985-119879,WAT,2007,DIGITALA,0,,,0,NONE,NONE,NONE,69221,False,2.120763083854956,False,False,0,False,not_FOR,Excluded / non-forest,False,False,False,False
182654985-027948,FOR,2007,DIGITALP,1917,Mh  50Mr  20Bd  10PO  10Aw  10,Mh,90,NONE,NONE,NONE,69222,False,4.428777512837633,False,True,90,True,usable,81–100,True,True,True,False
182654985-029092,DAL,2007,DIGITALP,0,,,0,NONE,NONE,NONE,69223,False,3.737439460799934,False,False,0,False,not_FOR,Excluded / non-forest,False,False,False,False
182654985-028199,GRS,2007,DIGITALP,0,,,0,NONE,NONE,NONE,69224,False,6.0038330182384305,False,False,0,False,not_FOR,Excluded / non-forest,False,False,False,False
182654985-029053,FOR,2007,DIGITALP,1917,Mh  30Mr  20Bd  20Aw  20PO  10,Mh,90,NONE,NONE,NONE,69225,False,16.207603735983824,False,True,90,True,usable,81–100,True,True,True,False
182654985-027026,OMS,2007,DIGITALP,0,,,0,NONE,NONE,NONE,69226,False,0.37242405621562,False,False,0,False,not_FOR,Excluded / non-forest,False,False,False,False
182654985-029108,FOR,2007,DIGITALP,1927,Or  50Mr  10Bd  10PO  10Pw  10Mh  10,Or,80,NONE,NONE,NONE,69227,False,4.082963306985739,False,True,80,True,usable,61–80,True,True,False,False
182654985-029054,FOR,2007,DIGITALP,1927,Mh  30Mr  20Bd  20Aw  20PO  10,Mh,80,NONE,NONE,NONE,69228,False,11.77282302316066,False,True,80,True,usable,61–80,True,True,False,False
182654985-029042,FOR,2007,DIGITALP,1927,Mh  40Bd  20Mr  10PO  10Aw  10Bf  10,Mh,80,NONE,NONE,NONE,69229,False,8.159167351566829,False,True,80,True,usable,61–80,True,True,False,False
182604985-134061,UCL,2007,DIGITALP,0,,,0,NONE,NONE,NONE,69230,False,8.879322288959285,False,False,0,False,not_FOR,Excluded / non-forest,False,False,False,False
182654985-029107,FOR,2007,DIGITALP,1927,Mr  20Or  10Bd  10Aw  10Sw  10PO  10Pw  10Bf  10Mh  10,Mr,80,NONE,NONE,NONE,69231,False,7.807039323009357,False,True,80,True,usable,61–80,True,True,False,False
182604985-028727,FOR,2007,DIGITALP,1937,Cw  20Bf  20Sw  20Bw  20Sb  10PO  10,Cw,70,NONE,NONE,NONE,69232,False,8.142310444743815,False,True,70,True,usable,61–80,True,False,False,False
182654985-028166,FOR,2007,DIGITALP,1937,PO  30Sw  20Bw  20Bf  20Mr  10,PO,70,NONE,NONE,NONE,69233,False,5.330321250216592,False,True,70,True,usable,61–80,True,False,False,False
182654985-028167,GRS,2007,DIGITALP,0,,,0,NONE,NONE,NONE,69234,False,4.546307736367851,False,False,0,False,not_FOR,Excluded / non-forest,False,False,False,False
182654985-029094,FOR,2007,DIGITALP,1937,Sw  20Bw  20Bd  10By  10PO  10Pw  10Bf  10Cw  10,Sw,70,NONE,NONE,NONE,69235,False,2.2876913244539656,False,True,70,True,usable,61–80,True,False,False,False
182654985-134064,UCL,2007,DIGITALP,0,,,0,NONE,NONE,NONE,69236,False,0.6097717406292605,False,False,0,False,not_FOR,Excluded / non-forest,False,False,False,False
182654985-028169,DAL,2007,DIGITALP,0,,,0,NONE,NONE,NONE,69237,False,7.031852006112715,False,False,0,False,not_FOR,Excluded / non-forest,False,False,False,False
182654985-028168,FOR,2007,DIGITALP,1947,Mr  20Sw  20Bd  10By  10PO  10Bw  10Bf  10Mh  10,Mr,60,NONE,NONE,NONE,69238,False,15.475699255902667,False,True,60,True,usable,41–60,True,False,False,False
182604985-028729,FOR,2007,DIGITALP,1967,Ab  60Bw  20Cw  10Bf  10,Ab,40,NONE,NONE,NONE,69239,False,12.355778708079912,False,True,40,True,usable,21–40,False,False,False,False
182654985-119882,WAT,2007,DIGITALA,0,,,0,NONE,NONE,NONE,69240,False,0.3982374762211207,False,False,0,False,not_FOR,Excluded / non-forest,False,False,False,False
182654985-030395,FOR,2007,DIGITALP,1907,Bf  30Cw  20Sb  20PO  10Bw  10Sw  10,Bf,100,NONE,NONE,NONE,69241,False,8.535063811218887,False,True,100,True,usable,81–100,True,True,True,True
182654985-027586,FOR,2007,DIGITALP,1967,Ab  80Bw  10Cw  10,Ab,40,NONE,NONE,NONE,69242,False,0.6578294768225945,False,True,40,True,usable,21–40,False,False,False,False
182654985-119885,WAT,2007,DIGITALA,0,,,0,NONE,NONE,NONE,69243,False,2.2347726228799707,False,False,0,False,not_FOR,Excluded / non-forest,False,False,False,False
182654985-029109,FOR,2007,DIGITALP,1927,Or  30Mr  10Bd  10Aw  10Sw  10PO  10Pw  10Mh  10,Or,80,NONE,NONE,NONE,69244,False,9.449228325026501,False,True,80,True,usable,61–80,True,True,False,False
182654985-029046,FOR,2007,DIGITALP,1927,Bf  30Sw  20Bw  20Sb  10Ab  10Mr  10,Bf,80,NONE,NONE,NONE,69245,False,1.7310951705371167,False,True,80,True,usable,61–80,True,True,False,False
826989030,ISL,2007,DIGITALA,0,,,0,ISLD,NONE,NONE,69246,False,0.21115609124240364,False,False,0,False,not_FOR,Excluded / non-forest,False,False,False,False
182604985-030393,FOR,2007,DIGITALP,1967,Cw  60Sb  20Bf  20,Cw,40,WETT,NONE,NONE,69247,False,1.498982832314963,False,True,40,True,usable,21–40,False,False,False,False
182604985-028726,FOR,2007,DIGITALP,1897,Mh  30Mr  20Aw  20Bd  10PO  10Sw  10,Mh,110,NONE,NONE,NONE,69248,False,3.528058148707737,False,True,110,True,usable,101–150,True,True,True,True
182654985-027541,OMS,2007,DIGITALP,0,,,0,NONE,NONE,NONE,69249,False,3.2991856712111853,False,False,0,False,not_FOR,Excluded / non-forest,False,False,False,False
826989028,WAT,2007,DIGITALA,0,,,0,NONE,NONE,NONE,69250,False,4.528569274542013,False,False,0,False,not_FOR,Excluded / non-forest,False,False,False,False
182654985-028172,FOR,2007,DIGITALP,1994,Sw  50Ps  20Pr  20Or  10,Sw,13,NONE,NONE,NONE,69251,False,2.3216308279238134,False,True,13,True,usable,1–20,False,False,False,False
182654985-027227,OMS,2007,DIGITALP,0,,,0,NONE,NONE,NONE,69252,False,15.732114062441685,False,False,0,False,not_FOR,Excluded / non-forest,False,False,False,False
182654985-029045,OMS,2007,DIGITALP,0,,,0,NONE,NONE,NONE,69254,False,1.3133211608900428,False,False,0,False,not_FOR,Excluded / non-forest,False,False,False,False
182654985-028200,FOR,2007,DIGITALP,1957,Bf  30Cw  20Sb  20PO  10Bw  10Sw  10,Bf,50,NONE,NONE,NONE,69255,False,10.60304138932539,False,True,50,True,usable,41–60,False,False,False,False
182654985-029047,FOR,2007,DIGITALP,1947,Ab  30Bw  20Sw  20PO  10Bf  10Mr  10,Ab,60,NONE,NONE,NONE,69256,False,3.039304595404749,False,True,60,True,usable,41–60,True,False,False,False
182654985-137970,UCL,2007,DIGITALP,0,,,0,NONE,NONE,NONE,69257,False,6.877555702412753,False,False,0,False,not_FOR,Excluded / non-forest,False,False,False,False
182654985-027983,FOR,2007,DIGITALP,1937,PO  30Bw  20Sw  20Bf  10Pw  10Mh  10,PO,70,NONE,NONE,NONE,69259,False,7.059274008212767,False,True,70,True,usable,61–80,True,False,False,False
182654985-119894,WAT,2007,DIGITALA,0,,,0,NONE,NONE,NONE,69260,False,2.549960503092764,False,False,0,False,not_FOR,Excluded / non-forest,False,False,False,False
182654985-027984,FOR,2007,DIGITALP,1927,PO  50Bw  20Sw  10Bf  10Mr  10,PO,80,NONE,NONE,NONE,69261,False,9.056363612257558,False,True,80,True,usable,61–80,True,True,False,False
182654985-027982,FOR,2007,DIGITALP,1967,Ab  40Cw  30Bw  10Bf  10La  10,Ab,40,WETT,NONE,NONE,69263,False,8.263518668000785,False,True,40,True,usable,21–40,False,False,False,False
182654985-029044,FOR,2007,DIGITALP,1937,Ab  50Bw  20PO  10Bf  10Sw  10,Ab,70,NONE,NONE,NONE,69264,False,4.036657650050692,False,True,70,True,usable,61–80,True,False,False,False
182654985-134074,UCL,2007,DIGITALP,0,,,0,NONE,NONE,NONE,69265,False,1.0032072257303515,False,False,0,False,not_FOR,Excluded / non-forest,False,False,False,False
182654985-028171,FOR,2007,DIGITALP,1937,PO  40Bw  20Sw  20Bf  10Pw  10,PO,70,NONE,NONE,NONE,69266,False,7.5434759855692715,False,True,70,True,usable,61–80,True,False,False,False
182654985-028453,FOR,2007,DIGITALP,1947,PO  30Bw  20Sw  20Bf  20Pw  10,PO,60,NONE,NONE,NONE,69267,False,22.675235830270164,False,True,60,True,usable,41–60,True,False,False,False
182654985-137971,UCL,2007,DIGITALP,0,,,0,NONE,NONE,NONE,69268,False,1.1000565577906911,False,False,0,False,not_FOR,Excluded / non-forest,False,False,False,False
182654985-030300,OMS,2007,DIGITALP,0,,,0,NONE,NONE,NONE,69269,False,0.8146779051266982,False,False,0,False,not_FOR,Excluded / non-forest,False,False,False,False
182654985-028666,FOR,2007,DIGITALP,1977,Pr  50PO  20Bw  10Pw  10Sw  10,Pr,30,NONE,NONE,NONE,69270,False,1.4805419552720718,False,True,30,True,usable,21–40,False,False,False,False
826989010,ISL,2007,DIGITALA,0,,,0,ISLD,NONE,NONE,69271,False,0.05143711531208318,False,False,0,False,not_FOR,Excluded / non-forest,False,False,False,False
182654985-138498,UCL,2007,DIGITALP,0,,,0,NONE,NONE,NONE,69272,False,3.0966343740747106,False,False,0,False,not_FOR,Excluded / non-forest,False,False,False,False
182604985-028201,DAL,2007,DIGITALP,0,,,0,NONE,NONE,NONE,69273,False,11.642119348513871,False,False,0,False,not_FOR,Excluded / non-forest,False,False,False,False
182654985-028667,FOR,2007,DIGITALP,1977,Pr  70Pw  30,Pr,30,NONE,NONE,NONE,69274,False,4.969799131293423,False,True,30,True,usable,21–40,False,False,False,False
826989009,WAT,2007,DIGITALA,0,,,0,NONE,NONE,NONE,69275,False,0.362391145106965,False,False,0,False,not_FOR,Excluded / non-forest,False,False,False,False
182654985-119903,WAT,2007,DIGITALA,0,,,0,NONE,NONE,NONE,69276,False,8.898242913586264,False,False,0,False,not_FOR,Excluded / non-forest,False,False,False,False
182654985-027863,FOR,2007,DIGITALP,1967,PO  20Bw  20Sw  20Bf  20Pw  10He  10,PO,40,NONE,NONE,NONE,69277,False,34.07623992696927,False,True,40,True,usable,21–40,False,False,False,False
182654985-027894,FOR,2007,DIGITALP,1917,Mh  40Bw  20Mr  10Aw  10Bd  10Sw  10,Mh,90,NONE,NONE,NONE,69278,False,7.238491089699727,False,True,90,True,usable,81–100,True,True,True,False
182654985-030157,OMS,2007,DIGITALP,0,,,0,NONE,NONE,NONE,69279,False,13.441345496944333,False,False,0,False,not_FOR,Excluded / non-forest,False,False,False,False
826989011,WAT,2007,DIGITALA,0,,,0,NONE,NONE,NONE,69280,False,1.0904525250548809,False,False,0,False,not_FOR,Excluded / non-forest,False,False,False,False
826989008,WAT,2007,DIGITALA,0,,,0,NONE,NONE,NONE,69281,False,0.05040307305429671,False,False,0,False,not_FOR,Excluded / non-forest,False,False,False,False
182654985-026888,OMS,2007,DIGITALP,0,,,0,NONE,NONE,NONE,69282,False,0.9708804932931474,False,False,0,False,not_FOR,Excluded / non-forest,False,False,False,False
182654985-134078,UCL,2007,DIGITALP,0,,,0,NONE,NONE,NONE,69283,False,1.844259740629031,False,False,0,False,not_FOR,Excluded / non-forest,False,False,False,False
182654985-028663,FOR,2007,DIGITALP,1927,PO  80Bw  10Sw  10,PO,80,NONE,NONE,NONE,69284,False,4.384014228383718,False,True,80,True,usable,61–80,True,True,False,False
182654985-026697,OMS,2007,DIGITALP,0,,,0,NONE,NONE,NONE,69285,False,15.083766003275608,False,False,0,False,not_FOR,Excluded / non-forest,False,False,False,False
182654985-027893,OMS,2007,DIGITALP,0,,,0,NONE,NONE,NONE,69286,False,1.277545128900917,False,False,0,False,not_FOR,Excluded / non-forest,False,False,False,False
182654985-028674,FOR,2007,DIGITALP,1947,Sw  30Cw  30Bw  10PO  10Sb  10Bf  10,Sw,60,NONE,NONE,NONE,69287,False,10.438319946948164,False,True,60,True,usable,41–60,True,False,False,False
182654985-026829,GRS,2007,DIGITALP,0,,,0,NONE,NONE,NONE,69288,False,6.989950710694469,False,False,0,False,not_FOR,Excluded / non-forest,False,False,False,False
182654985-030295,FOR,2007,DIGITALP,1937,Sw  50Bw  20Mr  10Bf  10Mh  10,Sw,70,NONE,NONE,NONE,69289,False,2.3287138081654866,False,True,70,True,usable,61–80,True,False,False,False
182604985-028689,FOR,2007,DIGITALP,1897,Mh  70Bd  10Mr  10Aw  10,Mh,110,NONE,NONE,NONE,69290,False,10.23344134908544,False,True,110,True,usable,101–150,True,True,True,True
182654985-028672,FOR,2007,DIGITALP,1937,Bw  20PO  20Sw  20Bf  20Pw  10Mr  10,Bw,70,NONE,NONE,NONE,69291,False,9.01748252760997,False,True,70,True,usable,61–80,True,False,False,False
182654985-028669,FOR,2007,DIGITALP,1927,Mh  50Bd  20Aw  10Mr  10PO  10,Mh,80,NONE,NONE,NONE,69292,False,3.292546953658027,False,True,80,True,usable,61–80,True,True,False,False
182654985-137972,UCL,2007,DIGITALP,0,,,0,NONE,NONE,NONE,69293,False,1.4447499276348106,False,False,0,False,not_FOR,Excluded / non-forest,False,False,False,False
182654985-027890,FOR,2007,DIGITALP,1937,Bw  30Pb  20PO  10Sw  10Ab  10Bf  10Cw  10,Bw,70,NONE,NONE,NONE,69294,False,3.363178530479633,False,True,70,True,usable,61–80,True,False,False,False
182654985-028670,FOR,2007,DIGITALP,1917,Mh  60Bd  20Aw  10Mr  10,Mh,90,NONE,NONE,NONE,69295,False,4.312291669129607,False,True,90,True,usable,81–100,True,True,True,False
182654985-028561,FOR,2007,DIGITALP,1927,PO  60Bw  20Sw  10Bf  10,PO,80,NONE,NONE,NONE,69296,False,6.671608013633526,False,True,80,True,usable,61–80,True,True,False,False
182654985-028686,FOR,2007,DIGITALP,1907,PO  70Bw  10Sw  10Ab  10,PO,100,NONE,NONE,NONE,69297,False,11.97506165545072,False,True,100,True,usable,81–100,True,True,True,True
182654985-028664,FOR,2007,DIGITALP,1927,PO  60Bw  20Sw  10Bf  10,PO,80,NONE,NONE,NONE,69298,False,12.444829818947508,False,True,80,True,usable,61–80,True,True,False,False
182654985-028653,FOR,2007,DIGITALP,1917,Mh  30Mr  20Bd  20Aw  10Sw  10PO  10,Mh,90,NONE,NONE,NONE,69299,False,4.764671616462781,False,True,90,True,usable,81–100,True,True,True,False
182654985-027891,FOR,2007,DIGITALP,1907,Mh  60Bd  10Mr  10Aw  10Bw  10,Mh,100,NONE,NONE,NONE,69300,False,25.46543813615535,False,True,100,True,usable,81–100,True,True,True,True
182604985-028684,FOR,2007,DIGITALP,1967,Cw  30Ab  30Bf  20Sb  10Bw  10,Cw,40,NONE,NONE,NONE,69301,False,12.164639582968798,False,True,40,True,usable,21–40,False,False,False,False
182654985-026716,OMS,2007,DIGITALP,0,,,0,NONE,NONE,NONE,69302,False,0.7798254024140572,False,False,0,False,not_FOR,Excluded / non-forest,False,False,False,False
182654985-028671,FOR,2007,DIGITALP,1937,Bw  30PO  20Sw  20Bf  20Pw  10,Bw,70,NONE,NONE,NONE,69303,False,8.20930383584135,False,True,70,True,usable,61–80,True,False,False,False
182654985-026718,OMS,2007,DIGITALP,0,,,0,NONE,NONE,NONE,69304,False,1.2238633628490039,False,False,0,False,not_FOR,Excluded / non-forest,False,False,False,False
182654985-028662,FOR,2007,DIGITALP,1917,Mh  30Mr  20Bd  20Aw  10Bw  10PO  10,Mh,90,NONE,NONE,NONE,69305,False,8.340030031368919,False,True,90,True,usable,81–100,True,True,True,False
182654985-027545,OMS,2007,DIGITALP,0,,,0,NONE,NONE,NONE,69306,False,2.1181129934929213,False,False,0,False,not_FOR,Excluded / non-forest,False,False,False,False
182604985-027546,FOR,2007,DIGITALP,1937,Cw  30Bf  30Sb  20Sw  10Bw  10,Cw,70,NONE,NONE,NONE,69307,False,1.4005134296914952,False,True,70,True,usable,61–80,True,False,False,False
182654985-028202,FOR,2007,DIGITALP,1907,Mh  70Bd  10Mr  10Aw  10,Mh,100,NONE,NONE,NONE,69308,False,21.926355928314027,False,True,100,True,usable,81–100,True,True,True,True
182654985-027895,FOR,2007,DIGITALP,1947,Cw  50Bf  20Bw  10PO  10Sb  10,Cw,60,NONE,NONE,NONE,69309,False,15.834287379685186,False,True,60,True,usable,41–60,True,False,False,False
182654985-134082,UCL,2007,DIGITALP,0,,,0,NONE,NONE,NONE,69310,False,8.446244668510918,False,False,0,False,not_FOR,Excluded / non-forest,False,False,False,False
182654985-028665,FOR,2007,DIGITALP,1972,Pr  60Pw  20Bw  10Sw  10,Pr,35,NONE,NONE,NONE,69311,False,7.220499775601002,False,True,35,True,usable,21–40,False,False,False,False
182604985-030161,FOR,2007,DIGITALP,1907,Mh  60Bd  10Mr  10Aw  10PO  10,Mh,100,NONE,NONE,NONE,69312,False,5.938943778526667,False,True,100,True,usable,81–100,True,True,True,True
182654985-134083,UCL,2007,DIGITALP,0,,,0,NONE,NONE,NONE,69313,False,66.98321764984456,False,False,0,False,not_FOR,Excluded / non-forest,False,False,False,False
182654985-026889,OMS,2007,DIGITALP,0,,,0,NONE,NONE,NONE,69314,False,2.438113957242084,False,False,0,False,not_FOR,Excluded / non-forest,False,False,False,False
182654985-028673,FOR,2007,DIGITALP,1927,PO  50Bw  20Sw  20Bf  10,PO,80,NONE,NONE,NONE,69315,False,10.94129736520484,False,True,80,True,usable,61–80,True,True,False,False
182654985-119931,WAT,2007,DIGITALA,0,,,0,NONE,NONE,NONE,69316,False,6.5713276230258675,False,False,0,False,not_FOR,Excluded / non-forest,False,False,False,False
182654985-028668,FOR,2007,DIGITALP,1967,Pr  90Pw  10,Pr,40,NONE,NONE,NONE,69317,False,3.8230068812225393,False,True,40,True,usable,21–40,False,False,False,False
182654985-028661,FOR,2007,DIGITALP,1917,PO  30Mr  20Bd  10Sw  10Bw  10Mh  10Bf  10,PO,90,NONE,NONE,NONE,69318,False,10.4912728050365,False,True,90,True,usable,81–100,True,True,True,False
182654985-028685,FOR,2007,DIGITALP,1947,Cw  60Sb  20Bf  10La  10,Cw,60,WETT,NONE,NONE,69319,False,7.844324759174725,False,True,60,True,usable,41–60,True,False,False,False
182654985-030136,FOR,2007,DIGITALP,1947,Bw  30Ab  20Cw  20PO  10Sb  10Bf  10,Bw,60,NONE,NONE,NONE,69320,False,20.452804946600278,False,True,60,True,usable,41–60,True,False,False,False
182654985-028683,FOR,2007,DIGITALP,1907,PO  40Bw  20Sw  20Bf  20,PO,100,NONE,NONE,NONE,69321,False,7.027579327272554,False,True,100,True,usable,81–100,True,True,True,True
182654985-137974,UCL,2007,DIGITALP,0,,,0,NONE,NONE,NONE,69322,False,1.9609314905672568,False,False,0,False,not_FOR,Excluded / non-forest,False,False,False,False
182654985-028566,FOR,2007,DIGITALP,1967,Pr 100,Pr,40,NONE,NONE,NONE,69323,False,7.006653913867469,False,True,40,True,usable,21–40,False,False,False,False
182654985-028131,GRS,2007,DIGITALP,0,,,0,NONE,NONE,NONE,69325,False,5.801272451324475,False,False,0,False,not_FOR,Excluded / non-forest,False,False,False,False
182654985-028659,FOR,2007,DIGITALP,1917,Mh  30Mr  20Bd  20Aw  10Iw  10PO  10,Mh,90,NONE,NONE,NONE,69326,False,11.152991640061149,False,True,90,True,usable,81–100,True,True,True,False
182654985-028567,FOR,2007,DIGITALP,1992,Sw  60Bf  20Pr  10He  10,Sw,15,NONE,NONE,NONE,69327,False,10.29679960554123,False,True,15,True,usable,1–20,False,False,False,False
182654985-119941,WAT,2007,DIGITALA,0,,,0,NONE,NONE,NONE,69328,False,28.890588288157655,False,False,0,False,not_FOR,Excluded / non-forest,False,False,False,False
182654985-119942,WAT,2007,DIGITALA,0,,,0,NONE,NONE,NONE,69329,False,0.20185450749111206,False,False,0,False,not_FOR,Excluded / non-forest,False,False,False,False
182654985-134091,UCL,2007,DIGITALP,0,,,0,NONE,NONE,NONE,69330,False,22.03594818362259,False,False,0,False,not_FOR,Excluded / non-forest,False,False,False,False
182654985-030297,FOR,2007,DIGITALP,1937,Bw  30PO  20Bf  20Sw  10Mr  10Bd  10,Bw,70,NONE,NONE,NONE,69331,False,16.94550091287583,False,True,70,True,usable,61–80,True,False,False,False
182654985-028129,FOR,2007,DIGITALP,1947,Sw  30Pw  20Bw  20Cw  10PO  10Bf  10,Sw,60,NONE,NONE,NONE,69332,False,10.468136085508116,False,True,60,True,usable,41–60,True,False,False,False
182654985-030116,OMS,2007,DIGITALP,0,,,0,NONE,NONE,NONE,69333,False,1.0707425659473677,False,False,0,False,not_FOR,Excluded / non-forest,False,False,False,False
182654985-028565,FOR,2007,DIGITALP,1967,Pr  50Pw  30Sw  20,Pr,40,NONE,NONE,NONE,69334,False,9.798036494505727,False,True,40,True,usable,21–40,False,False,False,False
182654985-028691,BSH,2007,DIGITALP,0,,,0,NONE,NONE,NONE,69335,False,7.582119855727947,False,False,0,False,not_FOR,Excluded / non-forest,False,False,False,False
182604985-028687,FOR,2007,DIGITALP,1907,Mh  70Bd  10Mr  10Aw  10,Mh,100,NONE,NONE,NONE,69336,False,34.931651112785914,False,True,100,True,usable,81–100,True,True,True,True
182654985-028656,FOR,2007,DIGITALP,1937,Bw  30PO  20Mr  20Sw  10Bf  10Bd  10,Bw,70,NONE,NONE,NONE,69337,False,9.42263382595984,False,True,70,True,usable,61–80,True,False,False,False
182654985-028130,FOR,2007,DIGITALP,1917,Mh  30Bd  20Mr  20Aw  10PO  10Bw  10,Mh,90,NONE,NONE,NONE,69338,False,9.51765257951699,False,True,90,True,usable,81–100,True,True,True,False
826989037,WAT,2007,DIGITALA,0,,,0,NONE,NONE,NONE,69339,False,2.4877388257432647,False,False,0,False,not_FOR,Excluded / non-forest,False,False,False,False
182654985-026895,FOR,2007,DIGITALP,1897,Mh  60Bd  20Aw  10Mr  10,Mh,110,NONE,NONE,NONE,69340,False,15.938841813158469,False,True,110,True,usable,101–150,True,True,True,True
182654985-027038,OMS,2007,DIGITALP,0,,,0,NONE,NONE,NONE,69341,False,1.9307146864891664,False,False,0,False,not_FOR,Excluded / non-forest,False,False,False,False
182654985-028568,FOR,2007,DIGITALP,1957,Ab  30Bw  20Cw  20Bf  10PO  10He  10,Ab,50,NONE,NONE,NONE,69342,False,6.8227544764596955,False,True,50,True,usable,41–60,False,False,False,False
182654985-026854,FOR,2007,DIGITALP,1947,Cw  30Ab  30Sb  20La  10Bf  10,Cw,60,WETT,NONE,NONE,69343,False,15.24946153014318,False,True,60,True,usable,41–60,True,False,False,False
182654985-027696,OMS,2007,DIGITALP,0,,,0,NONE,NONE,NONE,69344,False,1.1360682593533813,False,False,0,False,not_FOR,Excluded / non-forest,False,False,False,False
182654985-027612,FOR,2007,DIGITALP,1947,Cw  60Bf  20Sw  10Sb  10,Cw,60,WETT,NONE,NONE,69345,False,3.3765448409765946,False,True,60,True,usable,41–60,True,False,False,False
182654985-028076,FOR,2007,DIGITALP,1897,Mh  60Bd  20Aw  10Mr  10,Mh,110,NONE,NONE,NONE,69346,False,10.045798193069658,False,True,110,True,usable,101–150,True,True,True,True
182654985-027328,FOR,2007,DIGITALP,1887,Mh  70Bd  10Aw  10Mr  10,Mh,120,NONE,NONE,NONE,69347,False,20.390761687084503,False,True,120,True,usable,101–150,True,True,True,True
182654985-027337,BSH,2007,DIGITALP,0,,,0,NONE,NONE,NONE,69348,False,0.4129124874507202,False,False,0,False,not_FOR,Excluded / non-forest,False,False,False,False
182604985-028688,FOR,2007,DIGITALP,1947,Cw  60Sb  20Bf  10La  10,Cw,60,NONE,NONE,NONE,69349,False,3.380635891035262,False,True,60,True,usable,41–60,True,False,False,False
182654985-137975,UCL,2007,DIGITALP,0,,,0,NONE,NONE,NONE,69350,False,1.9783105877264122,False,False,0,False,not_FOR,Excluded / non-forest,False,False,False,False
182654985-028655,FOR,2007,DIGITALP,1917,Mh  30Mr  20Bd  20Aw  10Iw  10Or  10,Mh,90,NONE,NONE,NONE,69352,False,15.34116675454413,False,True,90,True,usable,81–100,True,True,True,False
182654985-030159,FOR,2007,DIGITALP,1937,Bw  30PO  20Mr  10Sw  10Bf  10Pr  10Ab  10,Bw,70,NONE,NONE,NONE,69354,False,23.031528619346847,False,True,70,True,usable,61–80,True,False,False,False
182654985-027966,FOR,2007,DIGITALP,1947,Cw  30PO  20Bw  10Bf  10Ab  10Sw  10Sb  10,Cw,60,NONE,NONE,NONE,69355,False,4.852343322352614,False,True,60,True,usable,41–60,True,False,False,False
182654985-026890,BSH,2007,DIGITALP,0,,,0,NONE,NONE,NONE,69356,False,17.944128698896,False,False,0,False,not_FOR,Excluded / non-forest,False,False,False,False
182654985-028690,FOR,2007,DIGITALP,1907,Mh  70Bd  10Mr  10Aw  10,Mh,100,NONE,NONE,NONE,69357,False,41.55354917649398,False,True,100,True,usable,81–100,True,True,True,True
182654985-026891,OMS,2007,DIGITALP,0,,,0,NONE,NONE,NONE,69358,False,3.2298741154022284,False,False,0,False,not_FOR,Excluded / non-forest,False,False,False,False
182654985-027967,FOR,2007,DIGITALP,1917,Mh  50Mr  20Aw  10Bd  10Bw  10,Mh,90,NONE,NONE,NONE,69359,False,11.381132643050199,False,True,90,True,usable,81–100,True,True,True,False
182654985-028693,OMS,2007,DIGITALP,0,,,0,NONE,NONE,NONE,69360,False,1.8275018584149032,False,False,0,False,not_FOR,Excluded / non-forest,False,False,False,False
182654985-030296,OMS,2007,DIGITALP,0,,,0,NONE,NONE,NONE,69361,False,0.6655761816030314,False,False,0,False,not_FOR,Excluded / non-forest,False,False,False,False
182654985-027613,FOR,2007,DIGITALP,1917,Mh  30Bd  20Aw  20Mr  20PO  10,Mh,90,NONE,NONE,NONE,69362,False,5.540297065207781,False,True,90,True,usable,81–100,True,True,True,False
182654985-026755,FOR,2007,DIGITALP,1917,Aw  20Bd  20Mr  20Mh  20PO  10Sw  10,Aw,90,NONE,NONE,NONE,69363,False,19.770576264399626,False,True,90,True,usable,81–100,True,True,True,False
182654985-027359,FOR,2007,DIGITALP,1917,Mh  20Mr  20Bd  20Aw  10Bw  10PO  10Cw  10,Mh,90,NONE,NONE,NONE,69364,False,22.269502336746278,False,True,90,True,usable,81–100,True,True,True,False
182654985-030298,FOR,2007,DIGITALP,1927,PO  20Pw  20Mr  10Sw  10Bf  10Bw  10He  10Or  10,PO,80,WETT,NONE,NONE,69365,False,11.414740153365429,False,True,80,True,usable,61–80,True,True,False,False
182654985-028654,FOR,2007,DIGITALP,1937,Mr  20Bw  20PO  20Mh  10Pr  10Sw  10Bf  10,Mr,70,NONE,NONE,NONE,69366,False,12.211902356317314,False,True,70,True,usable,61–80,True,False,False,False
182604985-027678,FOR,2007,DIGITALP,1927,Mr  20PO  20Mh  10Sw  10Bw  10Bf  10Pr  10Cw  10,Mr,80,NONE,NONE,NONE,69368,False,13.410970242948045,False,True,80,True,usable,61–80,True,True,False,False
826989007,OMS,2007,DIGITALP,0,,,0,NONE,NONE,NONE,69369,False,0.8465184671896703,False,False,0,False,not_FOR,Excluded / non-forest,False,False,False,False
182654985-028562,FOR,2007,DIGITALP,1927,PO  20Bw  20Sw  20By  10Bf  10Cw  10Mr  10,PO,80,NONE,NONE,NONE,69370,False,3.2580956863734327,False,True,80,True,usable,61–80,True,True,False,False
826989006,WAT,2007,DIGITALA,0,,,0,NONE,NONE,NONE,69371,False,0.17320304670841197,False,False,0,False,not_FOR,Excluded / non-forest,False,False,False,False
182654985-027965,FOR,2007,DIGITALP,1907,Mh  60Bd  20Aw  10Mr  10,Mh,100,NONE,NONE,NONE,69372,False,59.528645956869354,False,True,100,True,usable,81–100,True,True,True,True
182654985-027232,FOR,2007,DIGITALP,1927,Or  60Mr  10Bd  10Mh  10PO  10,Or,80,NONE,NONE,NONE,69373,False,30.652014896058745,False,True,80,True,usable,61–80,True,True,False,False
182654985-028564,FOR,2007,DIGITALP,1957,Cw  40PO  10Bw  10Bf  10Ab  10Sw  10Sb  10,Cw,50,NONE,NONE,NONE,69374,False,15.523300498225016,False,True,50,True,usable,41–60,False,False,False,False
182604985-027712,FOR,2007,DIGITALP,1947,Cw  20Bw  20Sw  10Bf  10Sb  10PO  10Mh  10Mr  10,Cw,60,NONE,NONE,NONE,69375,False,1.790421574323571,False,True,60,True,usable,41–60,True,False,False,False
182654985-028677,FOR,2007,DIGITALP,1937,Bw  20PO  20Mr  20Sw  10Bf  10Pw  10He  10,Bw,70,NONE,NONE,NONE,69376,False,13.808486397819596,False,True,70,True,usable,61–80,True,False,False,False
182654985-028678,FOR,2007,DIGITALP,1937,PO  20Mr  20Mh  20Sw  10Bf  10Pr  10Bw  10,PO,70,NONE,NONE,NONE,69377,False,17.395841970974267,False,True,70,True,usable,61–80,True,False,False,False
182604985-030292,FOR,2007,DIGITALP,1987,Pr 100,Pr,20,NONE,NONE,NONE,69378,False,2.1947491291810666,False,True,20,True,usable,1–20,False,False,False,False
182654985-028563,OMS,2007,DIGITALP,0,,,0,NONE,NONE,NONE,69379,False,1.1847674925401874,False,False,0,False,not_FOR,Excluded / non-forest,False,False,False,False
182654985-028675,FOR,2007,DIGITALP,1999,Sw 100,Sw,8,NONE,NONE,NONE,69380,False,5.31096875770925,False,True,8,True,usable,1–20,False,False,False,False
182654985-028676,FOR,2007,DIGITALP,1907,Mh  20Mr  20Bd  20Aw  20PO  10By  10,Mh,100,NONE,NONE,NONE,69381,False,8.83582989678847,False,True,100,True,usable,81–100,True,True,True,True
182654985-030299,GRS,2007,DIGITALP,0,,,0,NONE,NONE,NONE,69382,False,4.17508471551264,False,False,0,False,not_FOR,Excluded / non-forest,False,False,False,False
182654985-027303,FOR,2007,DIGITALP,1917,PO  40Aw  20Bd  20Mr  10Mh  10,PO,90,NONE,NONE,NONE,69383,False,15.220430915334072,False,True,90,True,usable,81–100,True,True,True,False
182654985-134109,UCL,2007,DIGITALP,0,,,0,NONE,NONE,NONE,69384,False,2.3543246939540037,False,False,0,False,not_FOR,Excluded / non-forest,False,False,False,False
182604985-028692,FOR,2007,DIGITALP,1907,Mh  70Bd  10Mr  10Aw  10,Mh,100,NONE,NONE,NONE,69385,False,36.93811278540884,False,True,100,True,usable,81–100,True,True,True,True
182604985-028704,GRS,2007,DIGITALP,0,,,0,NONE,NONE,NONE,69386,False,0.7688492317538719,False,False,0,False,not_FOR,Excluded / non-forest,False,False,False,False
182654985-027962,FOR,2007,DIGITALP,1967,Ab  30PO  20Bw  20Bf  10Cw  10Sw  10,Ab,40,NONE,NONE,NONE,69389,False,9.171979662961705,False,True,40,True,usable,21–40,False,False,False,False
182654985-120017,WAT,2007,DIGITALA,0,,,0,NONE,NONE,NONE,69390,False,0.7155678240494097,False,False,0,False,not_FOR,Excluded / non-forest,False,False,False,False
182654985-027963,FOR,2007,DIGITALP,1917,PO  30Mr  20Bw  20By  10Bf  10Mh  10,PO,90,NONE,NONE,NONE,69391,False,14.629945440614351,False,True,90,True,usable,81–100,True,True,True,False
182654985-028694,FOR,2007,DIGITALP,1967,Bw  20PO  20Bf  20Ab  20Cw  10Sw  10,Bw,40,NONE,NONE,NONE,69392,False,25.020443259546575,False,True,40,True,usable,21–40,False,False,False,False
182654985-027781,OMS,2007,DIGITALP,0,,,0,NONE,NONE,NONE,69393,False,0.15368070959802665,False,False,0,False,not_FOR,Excluded / non-forest,False,False,False,False
182654985-028680,FOR,2007,DIGITALP,1927,Mh  20Mr  20Bd  20Aw  20Or  20,Mh,80,NONE,NONE,NONE,69394,False,10.099246950310784,False,True,80,True,usable,61–80,True,True,False,False
182654985-027964,FOR,2007,DIGITALP,1917,Mh  30PO  20Mr  20Aw  10Bd  10Bw  10,Mh,90,NONE,NONE,NONE,69395,False,15.927634998541683,False,True,90,True,usable,81–100,True,True,True,False
182654985-028100,OMS,2007,DIGITALP,0,,,0,NONE,NONE,NONE,69396,False,2.3555996082738457,False,False,0,False,not_FOR,Excluded / non-forest,False,False,False,False
182654985-134115,UCL,2007,DIGITALP,0,,,0,NONE,NONE,NONE,69397,False,0.8019938055285964,False,False,0,False,not_FOR,Excluded / non-forest,False,False,False,False
182654985-134116,UCL,2007,DIGITALP,0,,,0,NONE,NONE,NONE,69398,False,0.8921010110392604,False,False,0,False,not_FOR,Excluded / non-forest,False,False,False,False
182654985-120030,WAT,2007,DIGITALA,0,,,0,NONE,NONE,NONE,69399,False,60.36146045506855,False,False,0,False,not_FOR,Excluded / non-forest,False,False,False,False
182654985-028682,FOR,2007,DIGITALP,1917,Mr  30Aw  20PO  20Mh  20Bd  10,Mr,90,NONE,NONE,NONE,69400,False,11.812642977090965,False,True,90,True,usable,81–100,True,True,True,False
826989003,WAT,2007,DIGITALA,0,,,0,NONE,NONE,NONE,69401,False,0.13359674124297616,False,False,0,False,not_FOR,Excluded / non-forest,False,False,False,False
182654985-027888,FOR,2007,DIGITALP,1927,Mh  50PO  10Bd  10Iw  10Aw  10Mr  10,Mh,80,NONE,NONE,NONE,69402,False,19.005635842958988,False,True,80,True,usable,61–80,True,True,False,False
182654985-027887,FOR,2007,DIGITALP,1907,Mh  50Mr  20Bd  10Aw  10PO  10,Mh,100,NONE,NONE,NONE,69403,False,21.31769352983628,False,True,100,True,usable,81–100,True,True,True,True
182654985-028102,FOR,2007,DIGITALP,1977,Bw  30PO  20Bf  20Ab  10Cw  10Sw  10,Bw,30,NONE,NONE,NONE,69404,False,2.6007768453768896,False,True,30,True,usable,21–40,False,False,False,False
826989002,WAT,2007,DIGITALA,0,,,0,NONE,NONE,NONE,69405,False,1.41942990930955,False,False,0,False,not_FOR,Excluded / non-forest,False,False,False,False
182654985-026942,OMS,2007,DIGITALP,0,,,0,NONE,NONE,NONE,69406,False,0.8020422843511293,False,False,0,False,not_FOR,Excluded / non-forest,False,False,False,False
182654985-026812,FOR,2007,DIGITALP,1917,PO  30Mh  20Mr  20Sw  10Bw  10Pw  10,PO,90,NONE,NONE,NONE,69407,False,9.592662790038188,False,True,90,True,usable,81–100,True,True,True,False
182654985-028679,FOR,2007,DIGITALP,1917,Mh  30Mr  20Bd  20Aw  20PO  10,Mh,90,NONE,NONE,NONE,69408,False,15.045153834057315,False,True,90,True,usable,81–100,True,True,True,False
826989004,WAT,2007,DIGITALA,0,,,0,NONE,NONE,NONE,69409,False,2.9763438077891404,False,False,0,False,not_FOR,Excluded / non-forest,False,False,False,False
182654985-028103,FOR,2007,DIGITALP,1992,Bw  30PO  20Bf  20Ab  10Cw  10Sw  10,Bw,15,NONE,NONE,NONE,69410,False,1.6469149613971972,False,True,15,True,usable,1–20,False,False,False,False
182654985-026850,OMS,2007,DIGITALP,0,,,0,NONE,NONE,NONE,69411,False,0.15825902453084742,False,False,0,False,not_FOR,Excluded / non-forest,False,False,False,False
182654985-120039,WAT,2007,DIGITALA,0,,,0,NONE,NONE,NONE,69413,False,18.3538811884582,False,False,0,False,not_FOR,Excluded / non-forest,False,False,False,False
826989005,OMS,2007,DIGITALP,0,,,0,NONE,NONE,NONE,69414,False,2.639485893221228,False,False,0,False,not_FOR,Excluded / non-forest,False,False,False,False
182654985-028328,FOR,2007,DIGITALP,1992,Pr 100,Pr,15,NONE,NONE,NONE,69415,False,3.6071346056493305,False,True,15,True,usable,1–20,False,False,False,False
182654985-027758,OMS,2007,DIGITALP,0,,,0,NONE,NONE,NONE,69416,False,1.035876002704256,False,False,0,False,not_FOR,Excluded / non-forest,False,False,False,False
182604985-028106,OMS,2007,DIGITALP,0,,,0,NONE,NONE,NONE,69417,False,1.1781789852551112,False,False,0,False,not_FOR,Excluded / non-forest,False,False,False,False
182604985-028105,FOR,2007,DIGITALP,1967,Bw  20PO  20Bf  20Cw  20Sw  20,Bw,40,NONE,NONE,NONE,69419,False,15.118767227372658,False,True,40,True,usable,21–40,False,False,False,False
182654985-022987,FOR,2007,DIGITALP,1957,PO  30Bw  20Pr  20Sw  10Cw  10Bf  10,PO,50,NONE,NONE,NONE,69421,False,3.265359328823951,False,True,50,True,usable,41–60,False,False,False,False
182654985-026798,FOR,2007,DIGITALP,1927,Or  30Bd  20Pw  10Mr  10Iw  10Mh  10He  10,Or,80,ROCK,STEP,NONE,69422,False,24.584501330896853,False,True,80,True,usable,61–80,True,True,False,False
182604985-028104,FOR,2007,DIGITALP,1977,Bw  20Cw  20Sw  20PO  20Mr  10Bf  10,Bw,30,NONE,NONE,NONE,69423,False,8.86443154165666,False,True,30,True,usable,21–40,False,False,False,False
182654985-027668,FOR,2007,DIGITALP,1917,Or  30Aw  20Bd  20Mr  10Iw  10Mh  10,Or,90,NONE,NONE,NONE,69425,False,27.13190334868641,False,True,90,True,usable,81–100,True,True,True,False
182654985-134120,UCL,2007,DIGITALP,0,,,0,NONE,NONE,NONE,69426,False,2.9331748187668643,False,False,0,False,not_FOR,Excluded / non-forest,False,False,False,False
182654985-027796,OMS,2007,DIGITALP,0,,,0,NONE,NONE,NONE,69427,False,0.8095673312727039,False,False,0,False,not_FOR,Excluded / non-forest,False,False,False,False
182654985-028099,FOR,2007,DIGITALP,1937,PO  30Bw  20Sw  20Bf  10Bd  10Mr  10,PO,70,NONE,NONE,NONE,69428,False,33.23230378563551,False,True,70,True,usable,61–80,True,False,False,False
182654985-022802,OMS,2007,DIGITALP,0,,,0,NONE,NONE,NONE,69429,False,2.091122066131592,False,False,0,False,not_FOR,Excluded / non-forest,False,False,False,False
182654985-024294,FOR,2007,DIGITALP,1937,Ab  50PO  20Sw  10Cw  10Bw  10,Ab,70,NONE,NONE,NONE,69430,False,2.4774845640150933,False,True,70,True,usable,61–80,True,False,False,False
182654985-024293,OMS,2007,DIGITALP,0,,,0,NONE,NONE,NONE,69431,False,8.507140556426807,False,False,0,False,not_FOR,Excluded / non-forest,False,False,False,False
182654985-024554,FOR,2007,DIGITALP,1937,Bw  30PO  20Sw  20Mr  20Mh  10,Bw,70,NONE,NONE,NONE,69432,False,1.8276791405237434,False,True,70,True,usable,61–80,True,False,False,False
182654985-024288,FOR,2007,DIGITALP,1937,PO  20Bw  20Sw  20Bf  10Cb  10Mr  10Mh  10,PO,70,NONE,NONE,NONE,69433,False,4.985854033809518,False,True,70,True,usable,61–80,True,False,False,False
182654985-024672,FOR,2007,DIGITALP,1927,PO  50Bw  20Mr  10Sw  10Bf  10,PO,80,NONE,NONE,NONE,69434,False,12.60064860446399,False,True,80,True,usable,61–80,True,True,False,False
182654985-024289,FOR,2007,DIGITALP,1947,PO  40Bw  20Sw  20Bf  10Mr  10,PO,60,NONE,NONE,NONE,69435,False,15.203152661110705,False,True,60,True,usable,41–60,True,False,False,False
182654985-024700,FOR,2007,DIGITALP,1937,Mh  40Bd  20Mr  20Aw  10PO  10,Mh,70,NONE,NONE,NONE,69436,False,20.743465485835756,False,True,70,True,usable,61–80,True,False,False,False
182654985-024552,FOR,2007,DIGITALP,1927,Mh  50Or  10Bd  10Iw  10Aw  10Mr  10,Mh,80,NONE,NONE,NONE,69437,False,22.827978805298223,False,True,80,True,usable,61–80,True,True,False,False
182654985-024685,FOR,2007,DIGITALP,1917,Mr  20Or  20Bd  10PO  10Aw  10Pw  10Mh  10Bw  10,Mr,90,NONE,NONE,NONE,69438,False,19.934249331635225,False,True,90,True,usable,81–100,True,True,True,False
182654985-022574,FOR,2007,DIGITALP,1917,Or  60Mh  10Bd  10Iw  10Mr  10,Or,90,NONE,NONE,NONE,69439,False,14.522541122034271,False,True,90,True,usable,81–100,True,True,True,False
827989087,FOR,2007,DIGITALP,1877,Pw  30Pt  20Bw  10He  10Bf  10Mr  10Or  10,Pw,130,NONE,NONE,NONE,69440,False,9.709854204017791,False,True,130,True,usable,101–150,True,True,True,True
182654990-025519,FOR,2007,DIGITALP,1907,Mh  50Bd  20Mr  20Aw  10,Mh,100,NONE,NONE,NONE,69443,False,20.040182272518795,False,True,100,True,usable,81–100,True,True,True,True
182704985-027588,FOR,2007,DIGITALP,1907,Mh  60Mr  20Bd  10Aw  10,Mh,100,NONE,NONE,NONE,69444,False,6.1679714815990465,False,True,100,True,usable,81–100,True,True,True,True
182654980-027418,FOR,2007,DIGITALP,1907,PO  50Bw  10Sw  10Bf  10Mr  10Mh  10,PO,100,NONE,NONE,NONE,69446,False,14.811016565411162,False,True,100,True,usable,81–100,True,True,True,True
182654985-023177,FOR,2007,DIGITALP,1917,Bd  30Mr  20Mh  20Aw  20PO  10,Bd,90,NONE,NONE,NONE,69447,False,24.538062056948267,False,True,90,True,usable,81–100,True,True,True,False
182654980-030205,FOR,2007,DIGITALP,1917,Mh  20Mr  20Aw  20Bd  20PO  10Sw  10,Mh,90,NONE,NONE,NONE,69448,False,0.17790142672068268,False,True,90,True,usable,81–100,True,True,True,False
182654990-024674,FOR,2007,DIGITALP,1917,Mh  30Mr  20Aw  20PO  20Bd  10,Mh,90,NONE,NONE,NONE,69450,False,13.460417897879056,False,True,90,True,usable,81–100,True,True,True,False
182654985-028652,FOR,2007,DIGITALP,1917,Mh  30Mr  20Bd  20Aw  10Sw  10PO  10,Mh,90,NONE,NONE,NONE,69452,False,17.462539239846006,False,True,90,True,usable,81–100,True,True,True,False
182654985-024668,FOR,2007,DIGITALP,1917,Mh  40Mr  20Aw  20Bd  10PO  10,Mh,90,NONE,NONE,NONE,69453,False,16.365032097176066,False,True,90,True,usable,81–100,True,True,True,False
182654985-024673,FOR,2007,DIGITALP,1917,Mh  50Mr  20Aw  10PO  10Bd  10,Mh,90,NONE,NONE,NONE,69455,False,7.530270040659147,False,True,90,True,usable,81–100,True,True,True,False
182704980-029489,FOR,2007,DIGITALP,1917,Mh  50Mr  20Aw  10PO  10Bd  10,Mh,90,NONE,NONE,NONE,69456,False,16.829898718593984,False,True,90,True,usable,81–100,True,True,True,False
182604990-024218,FOR,2007,DIGITALP,1917,Mh  70Bd  10Mr  10Aw  10,Mh,90,NONE,NONE,NONE,69458,False,21.973749103437342,False,True,90,True,usable,81–100,True,True,True,False
182604990-022935,FOR,2007,DIGITALP,1917,Mh  70Be  10Bd  10Mr  10,Mh,90,NONE,NONE,NONE,69459,False,0.3883663333515889,False,True,90,True,usable,81–100,True,True,True,False
182654985-029111,FOR,2007,DIGITALP,1917,Mr  20Aw  20PO  20Ab  10Sw  10Bd  10Mh  10,Mr,90,NONE,NONE,NONE,69460,False,12.860305984538321,False,True,90,True,usable,81–100,True,True,True,False
182704985-029112,FOR,2007,DIGITALP,1917,Mr  20Or  10Bd  10Aw  10Sw  10PO  10Pw  10Bf  10Mh  10,Mr,90,NONE,NONE,NONE,69462,False,6.546827198412043,False,True,90,True,usable,81–100,True,True,True,False
182654985-024669,FOR,2007,DIGITALP,1917,Or  80Iw  10Mh  10,Or,90,NONE,NONE,NONE,69467,False,33.881377457451705,False,True,90,True,usable,81–100,True,True,True,False
182704985-028651,FOR,2007,DIGITALP,1927,Bf  20Sw  20Bw  20Mr  10PO  10He  10Mh  10,Bf,80,NONE,NONE,NONE,69474,False,20.499610900473925,False,True,80,True,usable,61–80,True,True,False,False
827989090,FOR,2007,DIGITALP,1927,He  30Pw  20Bw  20Cw  20Mh  10,He,80,NONE,NONE,NONE,69478,False,4.675265023075774,False,True,80,True,usable,61–80,True,True,False,False
182704985-028645,FOR,2007,DIGITALP,1927,Mh  20Mr  20Bd  10Aw  10He  10Pw  10PO  10Bw  10,Mh,80,NONE,NONE,NONE,69480,False,22.221651051067905,False,True,80,True,usable,61–80,True,True,False,False
182704980-029131,FOR,2007,DIGITALP,1927,Mh  30Bd  20Mr  20Aw  10PO  10Bw  10,Mh,80,NONE,NONE,NONE,69481,False,16.790475138740913,False,True,80,True,usable,61–80,True,True,False,False
182654990-022839,FOR,2007,DIGITALP,1927,Mh  40Bd  20Mr  20PO  10Aw  10,Mh,80,NONE,NONE,NONE,69483,False,23.858907219552318,False,True,80,True,usable,61–80,True,True,False,False
182654985-028657,FOR,2007,DIGITALP,1927,Mr  20Mh  10Bd  10Aw  10Iw  10Or  10Pw  10He  10By  10,Mr,80,NONE,NONE,NONE,69485,False,14.254874636539284,False,True,80,True,usable,61–80,True,True,False,False
182704985-028658,FOR,2007,DIGITALP,1927,Mr  20PO  10Bf  10Aw  10He  10Sw  10Mh  10Bw  10Pw  10,Mr,80,NONE,NONE,NONE,69487,False,13.452367025624067,False,True,80,True,usable,61–80,True,True,False,False
182654990-023320,FOR,2007,DIGITALP,1927,Or  10Iw  10Be  10Mh  10Mr  10Sw  10He  10PO  10Bw  10Bd  10,Or,80,NONE,NONE,NONE,69488,False,11.59891145537915,False,True,80,True,usable,61–80,True,True,False,False
182654990-024396,FOR,2007,DIGITALP,1927,Or  20Mh  20Bd  20Iw  10Aw  10Be  10Mr  10,Or,80,NONE,NONE,NONE,69489,False,19.097013644957126,False,True,80,True,usable,61–80,True,True,False,False
182604985-022988,FOR,2007,DIGITALP,1927,Or  80Iw  10Mh  10,Or,80,NONE,NONE,NONE,69490,False,22.34710931076345,False,True,80,True,usable,61–80,True,True,False,False
182654985-023170,FOR,2007,DIGITALP,1927,PO  20Mr  20Bd  10Bw  10Aw  10Mh  10Sw  10Bf  10,PO,80,NONE,NONE,NONE,69491,False,24.630315030052834,False,True,80,True,usable,61–80,True,True,False,False
182704980-029135,FOR,2007,DIGITALP,1937,Bf  20Mh  20Mr  20Bw  20Sw  10PO  10,Bf,70,NONE,NONE,NONE,69495,False,8.266240770853816,False,True,70,True,usable,61–80,True,False,False,False
182704985-028649,FOR,2007,DIGITALP,1937,Bw  20PO  20Mr  20Sw  10Bf  10Aw  10Cw  10,Bw,70,NONE,NONE,NONE,69498,False,7.450432210203067,False,True,70,True,usable,61–80,True,False,False,False
182654990-024698,FOR,2007,DIGITALP,1937,Mh  30Bd  20Mr  20Aw  20PO  10,Mh,70,NONE,NONE,NONE,69499,False,15.124958222454644,False,True,70,True,usable,61–80,True,False,False,False
182704985-026028,FOR,2007,DIGITALP,1937,Mr  20Bd  20Mh  10Bw  10Sw  10Aw  10PO  10Or  10,Mr,70,NONE,NONE,NONE,69500,False,20.13023389358466,False,True,70,True,usable,61–80,True,False,False,False
182654990-024291,FOR,2007,DIGITALP,1937,PO  20Bw  20Sw  20Cw  10Bf  10Mr  10Mh  10,PO,70,NONE,NONE,NONE,69501,False,8.682561909541297,False,True,70,True,usable,61–80,True,False,False,False
182654985-026021,FOR,2007,DIGITALP,1937,PO  30Bw  20Sw  20Cw  10Bf  10Ab  10,PO,70,NONE,NONE,NONE,69502,False,7.719882065329337,False,True,70,True,usable,61–80,True,False,False,False
182704980-030137,FOR,2007,DIGITALP,1937,PO  40Bf  20Sw  10Mh  10Mr  10Bw  10,PO,70,NONE,NONE,NONE,69504,False,24.136127194614147,False,True,70,True,usable,61–80,True,False,False,False
182704985-030403,FOR,2007,DIGITALP,1947,Bf  50Sw  20Cw  20Pw  10,Bf,60,NONE,NONE,NONE,69506,False,5.1285058710591525,False,True,60,True,usable,41–60,True,False,False,False
182654985-028647,FOR,2007,DIGITALP,1947,Bw  30PO  20Mr  10Ab  10Sw  10Bf  10Sb  10,Bw,60,NONE,NONE,NONE,69507,False,8.512956020867032,False,True,60,True,usable,41–60,True,False,False,False
182704985-030086,FOR,2007,DIGITALP,1947,Cw  60Bf  10Ab  10Sb  10La  10,Cw,60,WETT,NONE,NONE,69508,False,8.776046090447002,False,True,60,True,usable,41–60,True,False,False,False
182654985-024699,FOR,2007,DIGITALP,1947,PO  50Bw  20Mr  10Ab  10Bf  10,PO,60,NONE,NONE,NONE,69509,False,19.567375673505303,False,True,60,True,usable,41–60,True,False,False,False
827989098,FOR,2007,DIGITALP,1937,Pr  30Ps  20Mh  20Bw  10Or  10Pw  10,Pr,70,NONE,NONE,NONE,69514,False,6.586190077553251,False,True,70,True,usable,61–80,True,False,False,False
182654985-028329,FOR,2007,DIGITALP,1997,Pr 100,Pr,10,NONE,NONE,NONE,69515,False,15.732880155511532,False,True,10,True,usable,1–20,False,False,False,False
182654985-024670,FOR,2007,DIGITALP,2002,Pr 100,Pr,5,NONE,NONE,NONE,69516,False,16.617481363598596,False,True,5,True,usable,1–20,False,False,False,False
182704985-029110,OMS,2007,DIGITALP,0,,,0,NONE,NONE,NONE,69525,False,3.772916852132007,False,False,0,False,not_FOR,Excluded / non-forest,False,False,False,False
182654985-028660,OMS,2007,DIGITALP,0,,,0,NONE,NONE,NONE,69526,False,0.7208586433064866,False,False,0,False,not_FOR,Excluded / non-forest,False,False,False,False
182704985-027116,OMS,2007,DIGITALP,0,,,0,NONE,NONE,NONE,69527,False,9.239949392905794,False,False,0,False,not_FOR,Excluded / non-forest,False,False,False,False
182654985-024290,OMS,2007,DIGITALP,0,,,0,NONE,NONE,NONE,69528,False,1.4991122417547822,False,False,0,False,not_FOR,Excluded / non-forest,False,False,False,False
182604990-024353,OMS,2007,DIGITALP,0,,,0,NONE,NONE,NONE,69529,False,2.1311911879499523,False,False,0,False,not_FOR,Excluded / non-forest,False,False,False,False
182704985-028646,RCK,2007,DIGITALP,0,,,0,NONE,NONE,NONE,69530,False,1.3098967924755707,False,False,0,False,not_FOR,Excluded / non-forest,False,False,False,False
182654985-138905,UCL,2007,DIGITALP,0,,,0,NONE,NONE,NONE,69531,False,3.1040886904706606,False,False,0,False,not_FOR,Excluded / non-forest,False,False,False,False
182654985-138496,UCL,2007,DIGITALP,0,,,0,NONE,NONE,NONE,69532,False,4.4118267447873585,False,False,0,False,not_FOR,Excluded / non-forest,False,False,False,False
182654985-138503,UCL,2007,DIGITALP,0,,,0,NONE,NONE,NONE,69533,False,13.94267494040119,False,False,0,False,not_FOR,Excluded / non-forest,False,False,False,False
182654985-138506,UCL,2007,DIGITALP,0,,,0,NONE,NONE,NONE,69534,False,7.215610256444158,False,False,0,False,not_FOR,Excluded / non-forest,False,False,False,False
182704985-137976,UCL,2007,DIGITALP,0,,,0,NONE,NONE,NONE,69535,False,4.863027846120679,False,False,0,False,not_FOR,Excluded / non-forest,False,False,False,False
177354980-137812,UCL,2007,DIGITALP,0,,,0,NONE,NONE,NONE,69536,False,1.3375664851915747,False,False,0,False,not_FOR,Excluded / non-forest,False,False,False,False
182654980-134037,UCL,2007,DIGITALP,0,,,0,NONE,NONE,NONE,69538,False,5.132293555427024,False,False,0,False,not_FOR,Excluded / non-forest,False,False,False,False
182654980-119752,WAT,2007,DIGITALA,0,,,0,NONE,NONE,NONE,69543,False,0.9974806205412083,False,False,0,False,not_FOR,Excluded / non-forest,False,False,False,False
182654985-119884,WAT,2007,DIGITALA,0,,,0,NONE,NONE,NONE,69544,False,4.067193448056859,False,False,0,False,not_FOR,Excluded / non-forest,False,False,False,False
182704985-119923,WAT,2007,DIGITALA,0,,,0,NONE,NONE,NONE,69545,False,85.96660550333876,False,False,0,False,not_FOR,Excluded / non-forest,False,False,False,False
182654985-119940,WAT,2007,DIGITALA,0,,,0,NONE,NONE,NONE,69546,False,25.339882584052987,False,False,0,False,not_FOR,Excluded / non-forest,False,False,False,False
182654985-120074,WAT,2007,DIGITALA,0,,,0,NONE,NONE,NONE,69548,False,9.422553498025566,False,False,0,False,not_FOR,Excluded / non-forest,False,False,False,False
182654980-137858,UCL,2007,DIGITALP,0,,,0,NONE,NONE,NONE,70168,False,24.590304453644777,False,False,0,False,not_FOR,Excluded / non-forest,False,False,False,False
182754990-025943,GRS,2007,DIGITALP,0,,,0,NONE,NONE,NONE,70697,False,6.314438538897018,False,False,0,False,not_FOR,Excluded / non-forest,False,False,False,False
182754990-120275,WAT,2007,DIGITALA,0,,,0,NONE,NONE,NONE,70698,False,2.8860625579437396,False,False,0,False,not_FOR,Excluded / non-forest,False,False,False,False
827999041,WAT,2007,DIGITALA,0,,,0,NONE,NONE,NONE,70699,False,0.5387980681606325,False,False,0,False,not_FOR,Excluded / non-forest,False,False,False,False
827999040,WAT,2007,DIGITALA,0,,,0,NONE,NONE,NONE,70700,False,0.3596317532950493,False,False,0,False,not_FOR,Excluded / non-forest,False,False,False,False
182754995-025258,FOR,2007,DIGITALP,1917,Or  70Iw  10Mh  10Bd  10,Or,90,NONE,NONE,NONE,70701,False,11.171250787101378,False,True,90,True,usable,81–100,True,True,True,False
182754995-025256,GRS,2007,DIGITALP,0,,,0,NONE,NONE,NONE,70702,False,8.793083201728614,False,False,0,False,not_FOR,Excluded / non-forest,False,False,False,False
182754995-024018,OMS,2007,DIGITALP,0,,,0,NONE,NONE,NONE,70703,False,1.5011793621304352,False,False,0,False,not_FOR,Excluded / non-forest,False,False,False,False
182754995-134308,UCL,2007,DIGITALP,0,,,0,NONE,NONE,NONE,70704,False,1.6283320593239297,False,False,0,False,not_FOR,Excluded / non-forest,False,False,False,False
182754995-120498,WAT,2007,DIGITALA,0,,,0,NONE,NONE,NONE,70705,False,0.14548055916323696,False,False,0,False,not_FOR,Excluded / non-forest,False,False,False,False
182754995-120513,WAT,2007,DIGITALA,0,,,0,NONE,NONE,NONE,70706,False,0.3813383433151067,False,False,0,False,not_FOR,Excluded / non-forest,False,False,False,False
182754985-029057,FOR,2007,DIGITALP,1937,Cw  40Sb  20Bw  10Ab  10La  10Bf  10,Cw,70,WETT,NONE,NONE,70711,False,2.92669871013184,False,True,70,True,usable,61–80,True,False,False,False
182754990-024729,FOR,2007,DIGITALP,1917,Mh  20Mr  20Aw  20Bw  10Or  10PO  10Bd  10,Mh,90,NONE,NONE,NONE,70756,False,15.7719356243924,False,True,90,True,usable,81–100,True,True,True,False
182754990-024728,FOR,2007,DIGITALP,1917,Mh  30Mr  20Pw  10By  10Aw  10PO  10Bd  10,Mh,90,NONE,NONE,NONE,70757,False,19.43519546641022,False,True,90,True,usable,81–100,True,True,True,False
182754990-024727,FOR,2007,DIGITALP,1917,Mh  50Mr  20Pr  10PO  10Bd  10,Mh,90,NONE,NONE,NONE,70758,False,23.208293614941535,False,True,90,True,usable,81–100,True,True,True,False
182754990-022562,FOR,2007,DIGITALP,1947,Bw  50PO  40Sw  10,Bw,60,NONE,NONE,NONE,70759,False,10.431650254349552,False,True,60,True,usable,41–60,True,False,False,False
182754990-023808,FOR,2007,DIGITALP,1967,Bf  30Bw  20Sw  20Sb  10PO  10Pr  10,Bf,40,NONE,NONE,NONE,70760,False,20.10892918772019,False,True,40,True,usable,21–40,False,False,False,False
182754990-022561,FOR,2007,DIGITALP,1937,Mr  30Bw  20Bd  10PO  10Mh  10Sw  10Pw  10,Mr,70,NONE,NONE,NONE,70761,False,7.410986548268729,False,True,70,True,usable,61–80,True,False,False,False
182754990-023771,FOR,2007,DIGITALP,1972,Bw  60PO  30Pr  10,Bw,35,NONE,NONE,NONE,70762,False,21.288295964640362,False,True,35,True,usable,21–40,False,False,False,False
182754990-023835,GRS,2007,DIGITALP,0,,,0,NONE,NONE,NONE,70763,False,7.19274343681179,False,False,0,False,not_FOR,Excluded / non-forest,False,False,False,False
182754990-025942,OMS,2007,DIGITALP,0,,,0,NONE,NONE,NONE,70764,False,2.142646067015222,False,False,0,False,not_FOR,Excluded / non-forest,False,False,False,False
182754990-025277,FOR,2007,DIGITALP,1927,Mr  20Bd  20Pw  20Or  10Mh  10Aw  10Iw  10,Mr,80,NONE,NONE,NONE,70765,False,16.043825069974353,False,True,80,True,usable,61–80,True,True,False,False
182754990-025280,FOR,2007,DIGITALP,1927,Mr  30PO  20Mh  20Bd  10Aw  10He  10,Mr,80,NONE,NONE,NONE,70766,False,9.69856479205261,False,True,80,True,usable,61–80,True,True,False,False
182754990-023139,OMS,2007,DIGITALP,0,,,0,NONE,NONE,NONE,70767,False,2.3684240263639693,False,False,0,False,not_FOR,Excluded / non-forest,False,False,False,False
182754990-025268,FOR,2007,DIGITALP,1917,Mr  30Mh  30PO  20Bd  10Aw  10,Mr,90,NONE,NONE,NONE,70768,False,47.92257873614483,False,True,90,True,usable,81–100,True,True,True,False
182754990-025261,FOR,2007,DIGITALP,1917,Or  60Mh  20Iw  10Be  10,Or,90,NONE,NONE,NONE,70769,False,15.121365789069596,False,True,90,True,usable,81–100,True,True,True,False
182754990-025239,FOR,2007,PLOTVAR,1915,Or  60Mh  20Bd  10Pl  10,Or,92,NONE,NONE,NONE,70770,False,37.44147276317334,False,True,92,True,usable,81–100,True,True,True,False
182754995-026579,FOR,2007,DIGITALP,1917,Or  30Mh  20Mr  20He  10Iw  10Bd  10,Or,90,NONE,NONE,NONE,70771,False,27.905007119237567,False,True,90,True,usable,81–100,True,True,True,False
182754995-025260,FOR,2007,DIGITALP,1937,Mh  60Mr  20Bd  10By  10,Mh,70,NONE,NONE,NONE,70772,False,8.715427537821375,False,True,70,True,usable,61–80,True,False,False,False
182754995-025257,FOR,2007,DIGITALP,1957,Bw  40PO  20Mr  20Mh  10Bf  10,Bw,50,NONE,NONE,NONE,70773,False,11.76675965874914,False,True,50,True,usable,41–60,False,False,False,False
182754995-025255,FOR,2007,DIGITALP,1967,Bw  30PO  30Mr  20Mh  10Bf  10,Bw,40,NONE,NONE,NONE,70774,False,13.285295759865502,False,True,40,True,usable,21–40,False,False,False,False
182754995-026580,FOR,2007,DIGITALP,1917,Or  20Mr  20Aw  20Bd  20Iw  10Mh  10,Or,90,NONE,NONE,NONE,70775,False,34.869648517854486,False,True,90,True,usable,81–100,True,True,True,False
182754995-023204,OMS,2007,DIGITALP,0,,,0,NONE,NONE,NONE,70776,False,4.545692083450768,False,False,0,False,not_FOR,Excluded / non-forest,False,False,False,False
182754995-026581,FOR,2007,DIGITALP,1957,Cw  50Bf  30Sb  20,Cw,50,NONE,NONE,NONE,70777,False,14.502316771710294,False,True,50,True,usable,41–60,False,False,False,False
182754995-025776,FOR,2007,DIGITALP,1917,Mr  20PO  20Or  20Bd  10Aw  10Mh  10Iw  10,Mr,90,NONE,NONE,NONE,70778,False,14.056851083070828,False,True,90,True,usable,81–100,True,True,True,False
182754995-025777,FOR,2007,DIGITALP,1917,Mh  50Mr  20Bd  10Aw  10PO  10,Mh,90,NONE,NONE,NONE,70779,False,13.683363767332583,False,True,90,True,usable,81–100,True,True,True,False
182754995-025779,FOR,2007,DIGITALP,1917,PO  60Mr  10Mh  10Sw  10Bf  10,PO,90,NONE,NONE,NONE,70780,False,29.83010591695636,False,True,90,True,usable,81–100,True,True,True,False
182754995-134292,UCL,2007,DIGITALP,0,,,0,NONE,NONE,NONE,70781,False,6.496282229340431,False,False,0,False,not_FOR,Excluded / non-forest,False,False,False,False
182754995-120478,WAT,2007,DIGITALA,0,,,0,NONE,NONE,NONE,70782,False,22.409830799790623,False,False,0,False,not_FOR,Excluded / non-forest,False,False,False,False
182754995-134327,UCL,2007,DIGITALP,0,,,0,NONE,NONE,NONE,70783,False,12.708414167748217,False,False,0,False,not_FOR,Excluded / non-forest,False,False,False,False
182754995-015952,DAL,2007,DIGITALP,0,,,0,NONE,NONE,NONE,70784,False,10.149825866845223,False,False,0,False,not_FOR,Excluded / non-forest,False,False,False,False
182754995-017189,FOR,2007,DIGITALP,1917,Or  50PO  30Iw  10Mh  10,Or,90,NONE,NONE,NONE,70785,False,19.35427665480219,False,True,90,True,usable,81–100,True,True,True,False
182754980-029511,FOR,2007,DIGITALP,1917,Mh  20Mr  20Bd  20Or  10PO  10Aw  10Be  10,Mh,90,NONE,NONE,NONE,70794,False,9.365358615348583,False,True,90,True,usable,81–100,True,True,True,False
182754980-029512,FOR,2007,DIGITALP,1927,PO  60Mh  10Bf  10Mr  10Bw  10,PO,80,NONE,NONE,NONE,70795,False,6.674944304451182,False,True,80,True,usable,61–80,True,True,False,False
182754980-029446,FOR,2007,DIGITALP,1937,Ab  50Cw  30Bf  10Sb  10,Ab,70,WETT,NONE,NONE,70796,False,12.696380389684357,False,True,70,True,usable,61–80,True,False,False,False
182754980-029510,FOR,2007,DIGITALP,1907,PO  60Mh  20Bd  10Mr  10,PO,100,NONE,NONE,NONE,70797,False,10.402775130095312,False,True,100,True,usable,81–100,True,True,True,True
182754980-027535,FOR,2007,DIGITALP,1917,Mh  40Mr  20Bd  20Aw  10Or  10,Mh,90,NONE,NONE,NONE,70798,False,10.877248278744968,False,True,90,True,usable,81–100,True,True,True,False
182754980-029144,FOR,2007,DIGITALP,1927,PO  70Sb  10Bw  10Bf  10,PO,80,NONE,NONE,NONE,70799,False,25.419488073995687,False,True,80,True,usable,61–80,True,True,False,False
182754980-119842,WAT,2007,DIGITALA,0,,,0,NONE,NONE,NONE,70800,False,13.291294715196715,False,False,0,False,not_FOR,Excluded / non-forest,False,False,False,False
182754980-029162,FOR,2007,DIGITALP,1917,PO  50Mr  20Mh  10He  10Bw  10,PO,90,NONE,NONE,NONE,70801,False,13.726982013079757,False,True,90,True,usable,81–100,True,True,True,False
182754985-029157,FOR,2007,DIGITALP,1987,Bw  40PO  20Bf  20Sb  10Sw  10,Bw,20,NONE,NONE,NONE,70802,False,18.209257037440654,False,True,20,True,usable,1–20,False,False,False,False
182754985-027478,FOR,2007,DIGITALP,1917,PO  20Mr  20Bw  20Mh  20Bf  10Bd  10,PO,90,NONE,NONE,NONE,70803,False,23.262045496250924,False,True,90,True,usable,81–100,True,True,True,False
182754985-030305,FOR,2007,DIGITALP,1917,Mr  30Mh  20PO  10Bd  10He  10Bw  10Sw  10,Mr,90,NONE,NONE,NONE,70804,False,57.95736176511607,False,True,90,True,usable,81–100,True,True,True,False
182754985-028558,FOR,2007,DIGITALP,1917,Mh  50Mr  20Bd  10PO  10Bw  10,Mh,90,NONE,NONE,NONE,70805,False,21.277523759620177,False,True,90,True,usable,81–100,True,True,True,False
182754985-028557,FOR,2007,DIGITALP,1967,PO  40Bw  30Mr  10Sw  10Bf  10,PO,40,NONE,NONE,NONE,70806,False,18.384863133574,False,True,40,True,usable,21–40,False,False,False,False
182754985-028559,FOR,2007,DIGITALP,1927,Mh  30Mr  20Bd  20Aw  10PO  10Bw  10,Mh,80,NONE,NONE,NONE,70807,False,28.03403040568987,False,True,80,True,usable,61–80,True,True,False,False
182754985-028217,FOR,2007,DIGITALP,1977,PO  40Bw  30Mr  10Sw  10Bf  10,PO,30,NONE,NONE,NONE,70808,False,4.367286159493492,False,True,30,True,usable,21–40,False,False,False,False
182754985-134113,UCL,2007,DIGITALP,0,,,0,NONE,NONE,NONE,70809,False,6.59534607843911,False,False,0,False,not_FOR,Excluded / non-forest,False,False,False,False
182754985-120028,WAT,2007,DIGITALA,0,,,0,NONE,NONE,NONE,70810,False,11.584250663391913,False,False,0,False,not_FOR,Excluded / non-forest,False,False,False,False
182754985-028216,FOR,2007,DIGITALP,1917,Bd  20Aw  20He  20Mr  10Mh  10Sw  10Cw  10,Bd,90,NONE,NONE,NONE,70811,False,16.324571325249778,False,True,90,True,usable,81–100,True,True,True,False
182754985-028349,FOR,2007,DIGITALP,1927,Or  40Bd  20Aw  10Iw  10PO  10Mh  10,Or,80,NONE,NONE,NONE,70812,False,22.590212009083018,False,True,80,True,usable,61–80,True,True,False,False
182754985-022730,FOR,2007,DIGITALP,1937,Or  30Aw  20Bd  20Iw  10PO  10Mh  10,Or,70,NONE,NONE,NONE,70813,False,16.72242933361217,False,True,70,True,usable,61–80,True,False,False,False
182754985-022735,FOR,2007,DIGITALP,1927,Mh  20Mr  20Bd  20Aw  20PO  10Bw  10,Mh,80,NONE,NONE,NONE,70814,False,13.346129377310826,False,True,80,True,usable,61–80,True,True,False,False
182754990-023955,FOR,2007,DIGITALP,1927,Mh  50Mr  20Bd  10PO  10Aw  10,Mh,80,NONE,NONE,NONE,70815,False,59.05023610260185,False,True,80,True,usable,61–80,True,True,False,False
182704985-134136,UCL,2007,DIGITALP,0,,,0,NONE,NONE,NONE,70816,False,82.47676800125,False,False,0,False,not_FOR,Excluded / non-forest,False,False,False,False
182704990-134231,UCL,2007,DIGITALP,0,,,0,NONE,NONE,NONE,70817,False,360.31406094556644,False,False,0,False,not_FOR,Excluded / non-forest,False,False,False,False
182754985-120103,WAT,2007,DIGITALA,0,,,0,NONE,NONE,NONE,70818,False,17.408962592230772,False,False,0,False,not_FOR,Excluded / non-forest,False,False,False,False
182754990-024718,FOR,2007,DIGITALP,1977,Pr  50Bw  20PO  20Sw  10,Pr,30,NONE,NONE,NONE,70857,False,4.825736908847957,False,True,30,True,usable,21–40,False,False,False,False
827999054,WAT,2007,DIGITALA,0,,,0,NONE,NONE,NONE,70858,False,0.05767470754195514,False,False,0,False,not_FOR,Excluded / non-forest,False,False,False,False
182754990-023768,OMS,2007,DIGITALP,0,,,0,NONE,NONE,NONE,70859,False,2.1249893887089764,False,False,0,False,not_FOR,Excluded / non-forest,False,False,False,False
182754990-023770,FOR,2007,DIGITALP,1957,Pr 100,Pr,50,NONE,NONE,NONE,70860,False,0.8958110296847858,False,True,50,True,usable,41–60,False,False,False,False
827999046,WAT,2007,DIGITALA,0,,,0,NONE,NONE,NONE,70861,False,0.32316606430637485,False,False,0,False,not_FOR,Excluded / non-forest,False,False,False,False
182754990-023569,OMS,2007,DIGITALP,0,,,0,NONE,NONE,NONE,70862,False,0.7707989230984192,False,False,0,False,not_FOR,Excluded / non-forest,False,False,False,False
182754990-025270,FOR,2007,DIGITALP,1937,Mr  20Mh  20Or  20Bd  10Aw  10Iw  10PO  10,Mr,70,NONE,NONE,NONE,70863,False,16.91951098072549,False,True,70,True,usable,61–80,True,False,False,False
182754990-140600,ISL,2007,DIGITALA,0,,,0,ISLD,NONE,NONE,70864,False,0.07405001426284405,False,False,0,False,not_FOR,Excluded / non-forest,False,False,False,False
182754995-140602,ISL,2007,DIGITALA,0,,,0,ISLD,NONE,NONE,70865,False,0.10241042285814235,False,False,0,False,not_FOR,Excluded / non-forest,False,False,False,False
182754995-022847,OMS,2007,DIGITALP,0,,,0,NONE,NONE,NONE,70866,False,0.9268362641877451,False,False,0,False,not_FOR,Excluded / non-forest,False,False,False,False
827999039,WAT,2007,DIGITALA,0,,,0,NONE,NONE,NONE,70867,False,1.243804764867927,False,False,0,False,not_FOR,Excluded / non-forest,False,False,False,False
182754995-022846,FOR,2007,DIGITALP,1967,Bf  20Cw  20Sw  20Bw  20PO  20,Bf,40,NONE,NONE,NONE,70868,False,14.376731218348507,False,True,40,True,usable,21–40,False,False,False,False
182754995-024019,DAL,2007,DIGITALP,0,,,0,NONE,NONE,NONE,70869,False,7.562538380396409,False,False,0,False,not_FOR,Excluded / non-forest,False,False,False,False
182754995-015717,FOR,2007,DIGITALP,1937,Mr  20Bw  20Sw  10PO  10Mh  10Bd  10Aw  10Cb  10,Mr,70,NONE,NONE,NONE,70870,False,14.512966445788889,False,True,70,True,usable,61–80,True,False,False,False
182754980-031190,FOR,2007,DIGITALP,1937,Cw  60Ab  20Sb  10Bw  10,Cw,70,NONE,NONE,NONE,70879,False,3.890454201923717,False,True,70,True,usable,61–80,True,False,False,False
182754980-031552,OMS,2007,DIGITALP,0,,,0,NONE,NONE,NONE,70880,False,0.9632623455002122,False,False,0,False,not_FOR,Excluded / non-forest,False,False,False,False
827989063,WAT,2007,DIGITALA,0,,,0,NONE,NONE,NONE,70881,False,1.3622981186133136,False,False,0,False,not_FOR,Excluded / non-forest,False,False,False,False
182754980-119799,WAT,2007,DIGITALA,0,,,0,NONE,NONE,NONE,70882,False,5.296780162788487,False,False,0,False,not_FOR,Excluded / non-forest,False,False,False,False
182754980-026922,OMS,2007,DIGITALP,0,,,0,NONE,NONE,NONE,70883,False,4.887449762282795,False,False,0,False,not_FOR,Excluded / non-forest,False,False,False,False
182754980-030411,FOR,2007,DIGITALP,1937,Mh  70Mr  20PO  10,Mh,70,NONE,NONE,NONE,70884,False,5.73247296911577,False,True,70,True,usable,61–80,True,False,False,False
182754980-027316,FOR,2007,DIGITALP,1937,PO  70Bw  20Sw  10,PO,70,NONE,NONE,NONE,70885,False,14.273207613028042,False,True,70,True,usable,61–80,True,False,False,False
182754985-027563,TMS,2007,DIGITALP,0,,,0,NONE,NONE,NONE,70886,False,0.32518736489277006,False,False,0,False,not_FOR,Excluded / non-forest,False,False,False,False
182754985-027095,OMS,2007,DIGITALP,0,,,0,NONE,NONE,NONE,70887,False,0.7702723649940647,False,False,0,False,not_FOR,Excluded / non-forest,False,False,False,False
182754985-028362,FOR,2007,DIGITALP,1937,PO  60Bw  20Mr  10Sw  10,PO,70,NONE,NONE,NONE,70888,False,7.1064184908263925,False,True,70,True,usable,61–80,True,False,False,False
182754985-028363,FOR,2007,DIGITALP,1897,Pr  60Pw  40,Pr,110,NONE,NONE,NONE,70889,False,5.624054213550213,False,True,110,True,usable,101–150,True,True,True,True
182754985-026735,FOR,2007,DIGITALP,1957,Ab  60La  20Cw  10Bf  10,Ab,50,WETT,NONE,NONE,70890,False,1.4985241069644801,False,True,50,True,usable,41–60,False,False,False,False
182754985-027734,OMS,2007,DIGITALP,0,,,0,NONE,NONE,NONE,70891,False,0.9411120837159594,False,False,0,False,not_FOR,Excluded / non-forest,False,False,False,False
182754990-024719,FOR,2007,DIGITALP,1917,Mh  50Mr  20Bd  10PO  10Aw  10,Mh,90,NONE,NONE,NONE,70919,False,19.835172037036966,False,True,90,True,usable,81–100,True,True,True,False
182754990-138349,UCL,2007,DIGITALP,0,,,0,NONE,NONE,NONE,70920,False,38.45197836491218,False,False,0,False,not_FOR,Excluded / non-forest,False,False,False,False
182754990-024010,FOR,2007,DIGITALP,1937,Pr 100,Pr,70,NONE,NONE,NONE,70921,False,2.684254366946375,False,True,70,True,usable,61–80,True,False,False,False
182754990-023769,FOR,2007,DIGITALP,1957,Pr 100,Pr,50,NONE,NONE,NONE,70922,False,3.7709331024832413,False,True,50,True,usable,41–60,False,False,False,False
182754990-025944,FOR,2007,DIGITALP,1937,PO  40Bw  40Mr  10Sw  10,PO,70,NONE,NONE,NONE,70923,False,11.682416752217277,False,True,70,True,usable,61–80,True,False,False,False
182754990-023442,FOR,2007,DIGITALP,1937,PO  20Mr  20Bd  20Bw  20Mh  10Aw  10,PO,70,NONE,NONE,NONE,70924,False,12.095889962496676,False,True,70,True,usable,61–80,True,False,False,False
182754990-025269,FOR,2007,DIGITALP,1927,Mr  30PO  20Mh  10Bd  10Aw  10He  10Or  10,Mr,80,NONE,NONE,NONE,70925,False,23.58201897979747,False,True,80,True,usable,61–80,True,True,False,False
182754990-025271,FOR,2007,DIGITALP,1927,Mr  30Mh  30Aw  20PO  10Bd  10,Mr,80,NONE,NONE,NONE,70926,False,5.028650030497024,False,True,80,True,usable,61–80,True,True,False,False
182754995-025266,FOR,2007,DIGITALP,1917,Or  60Iw  10Mh  10Be  10Mr  10,Or,90,NONE,NONE,NONE,70927,False,17.948999131270604,False,True,90,True,usable,81–100,True,True,True,False
182754995-025259,FOR,2007,DIGITALP,1917,Mh  30Aw  20Mr  20Bd  10Bw  10Or  10,Mh,90,NONE,NONE,NONE,70928,False,12.935603734094265,False,True,90,True,usable,81–100,True,True,True,False
182754995-025263,FOR,2007,DIGITALP,1917,Mr  20Bd  20Aw  20Mh  10PO  10Bw  10Iw  10,Mr,90,NONE,NONE,NONE,70929,False,9.627441842112221,False,True,90,True,usable,81–100,True,True,True,False
182754995-023887,FOR,2007,DIGITALP,1937,Bw  30Mr  20PO  20Bf  10Sw  10He  10,Bw,70,NONE,NONE,NONE,70930,False,13.483555789134817,False,True,70,True,usable,61–80,True,False,False,False
182754995-025774,FOR,2007,DIGITALP,1927,PO  40Bw  30Sw  10Mr  10Bf  10,PO,80,NONE,NONE,NONE,70931,False,6.638438832860542,False,True,80,True,usable,61–80,True,True,False,False
182754995-025773,FOR,2007,DIGITALP,1927,PO  50Bw  20Bd  10Mr  10Bf  10,PO,80,NONE,NONE,NONE,70932,False,14.449323488559987,False,True,80,True,usable,61–80,True,True,False,False
182754995-023762,OMS,2007,DIGITALP,0,,,0,NONE,NONE,NONE,70933,False,2.551105207193638,False,False,0,False,not_FOR,Excluded / non-forest,False,False,False,False
182754995-024020,DAL,2007,DIGITALP,0,,,0,NONE,NONE,NONE,70934,False,16.29384852469492,False,False,0,False,not_FOR,Excluded / non-forest,False,False,False,False
182754995-025775,FOR,2007,DIGITALP,1957,Ab  30Bf  20Sw  20Cw  10Sb  10Bw  10,Ab,50,WETT,NONE,NONE,70935,False,3.2921386877424483,False,True,50,True,usable,41–60,False,False,False,False
182754995-020206,DAL,2007,DIGITALP,0,,,0,NONE,NONE,NONE,70936,False,17.684417798531992,False,False,0,False,not_FOR,Excluded / non-forest,False,False,False,False
182754995-015741,FOR,2007,DIGITALP,1917,Or  50Bd  20Aw  10Mh  10Mr  10,Or,90,NONE,NONE,NONE,70937,False,12.920544625752456,False,True,90,True,usable,81–100,True,True,True,False
182754995-120518,WAT,2007,DIGITALA,0,,,0,NONE,NONE,NONE,70938,False,0.1380700630669789,False,False,0,False,not_FOR,Excluded / non-forest,False,False,False,False
182754995-014915,OMS,2007,DIGITALP,0,,,0,NONE,NONE,NONE,70939,False,1.7222766678580506,False,False,0,False,not_FOR,Excluded / non-forest,False,False,False,False
182754980-031325,FOR,2007,DIGITALP,1927,Mr  20Bd  20Pw  20Bw  10PO  10Mh  10Aw  10,Mr,80,NONE,NONE,NONE,70946,False,1.0105093727701404,False,True,80,True,usable,61–80,True,True,False,False
182754980-029513,FOR,2007,DIGITALP,1917,Mh  20Mr  20Bd  20Or  10PO  10Aw  10Be  10,Mh,90,NONE,NONE,NONE,70947,False,5.732540479669716,False,True,90,True,usable,81–100,True,True,True,False
182754980-031284,OMS,2007,DIGITALP,0,,,0,NONE,NONE,NONE,70948,False,0.5265087496514856,False,False,0,False,not_FOR,Excluded / non-forest,False,False,False,False
182754980-030412,FOR,2007,DIGITALP,1967,Ab  70Cw  10Bf  10Bw  10,Ab,40,WETT,NONE,NONE,70949,False,6.287615347518954,False,True,40,True,usable,21–40,False,False,False,False
182754980-029056,FOR,2007,DIGITALP,1967,Bw  40PO  30Sw  10Bf  10Mr  10,Bw,40,NONE,NONE,NONE,70950,False,14.301960749884943,False,True,40,True,usable,21–40,False,False,False,False
182754980-029059,FOR,2007,DIGITALP,1992,Pr 100,Pr,15,NONE,NONE,NONE,70951,False,3.239144128317708,False,True,15,True,usable,1–20,False,False,False,False
182754980-029058,FOR,2007,DIGITALP,1947,PO  40Bw  20Sw  10Bf  10Mr  10Mh  10,PO,60,NONE,NONE,NONE,70952,False,35.15277561334719,False,True,60,True,usable,41–60,True,False,False,False
182754985-119877,WAT,2007,DIGITALA,0,,,0,NONE,NONE,NONE,70953,False,2.2925580884372465,False,False,0,False,not_FOR,Excluded / non-forest,False,False,False,False
182754985-027573,OMS,2007,DIGITALP,0,,,0,NONE,NONE,NONE,70954,False,6.921872287306419,False,False,0,False,not_FOR,Excluded / non-forest,False,False,False,False
182754985-030185,FOR,2007,DIGITALP,1947,PO  50Bw  30Mr  10Pr  10,PO,60,NONE,NONE,NONE,70955,False,16.98649841768659,False,True,60,True,usable,41–60,True,False,False,False
182754985-029055,FOR,2007,DIGITALP,1927,Mh  30Mr  20PO  20Bw  10He  10Bd  10,Mh,80,NONE,NONE,NONE,70956,False,12.074172754200092,False,True,80,True,usable,61–80,True,True,False,False
827989076,ISL,2007,DIGITALA,0,,,0,ISLD,NONE,NONE,70957,False,0.10711651761753381,False,False,0,False,not_FOR,Excluded / non-forest,False,False,False,False
182754985-119918,WAT,2007,DIGITALA,0,,,0,NONE,NONE,NONE,70958,False,5.482638496483929,False,False,0,False,not_FOR,Excluded / non-forest,False,False,False,False
182754985-030410,OMS,2007,DIGITALP,0,,,0,NONE,NONE,NONE,70959,False,7.622418410861289,False,False,0,False,not_FOR,Excluded / non-forest,False,False,False,False
182754985-119944,WAT,2007,DIGITALA,0,,,0,NONE,NONE,NONE,70960,False,4.0229133134798944,False,False,0,False,not_FOR,Excluded / non-forest,False,False,False,False
182754985-030089,OMS,2007,DIGITALP,0,,,0,NONE,NONE,NONE,70961,False,24.676177822310752,False,False,0,False,not_FOR,Excluded / non-forest,False,False,False,False
827989095,FOR,2007,DIGITALP,1907,Pw  30Bw  20Cw  20Mr  10Pt  10Pr  10,Pw,100,STEP,DAMG,NONE,70962,False,15.405708084440182,False,True,100,True,usable,81–100,True,True,True,True
182754985-028219,FOR,2007,DIGITALP,1947,Cw  50PO  10Bf  10Ab  10Sb  10Bw  10,Cw,60,NONE,NONE,NONE,70963,False,6.127946494629243,False,True,60,True,usable,41–60,True,False,False,False
182754985-027327,FOR,2007,DIGITALP,1927,Mh  20Mr  20Pw  20He  10PO  10Bw  10Or  10,Mh,80,NONE,NONE,NONE,70964,False,10.362786170499225,False,True,80,True,usable,61–80,True,True,False,False
182754985-120003,WAT,2007,DIGITALA,0,,,0,NONE,NONE,NONE,70965,False,1.5026857481714084,False,False,0,False,not_FOR,Excluded / non-forest,False,False,False,False
182754985-027683,FOR,2007,DIGITALP,1907,Mh  50Mr  20Bd  10PO  10Aw  10,Mh,100,NONE,NONE,NONE,70966,False,17.63996601767156,False,True,100,True,usable,81–100,True,True,True,True
182754985-120050,WAT,2007,DIGITALA,0,,,0,NONE,NONE,NONE,70967,False,7.955708307739884,False,False,0,False,not_FOR,Excluded / non-forest,False,False,False,False
182754985-027810,OMS,2007,DIGITALP,0,,,0,NONE,NONE,NONE,70968,False,8.539115786236549,False,False,0,False,not_FOR,Excluded / non-forest,False,False,False,False
182754990-024721,FOR,2007,DIGITALP,1927,Mh  30Mr  20Aw  20Bd  20PO  10,Mh,80,NONE,NONE,NONE,70969,False,19.45373233410296,False,True,80,True,usable,61–80,True,True,False,False
182754990-024724,FOR,2007,DIGITALP,1937,PO  40Bw  20Sw  10Bf  10Mh  10Mr  10,PO,70,NONE,NONE,NONE,70996,False,28.287126455135365,False,True,70,True,usable,61–80,True,False,False,False
182754990-025267,FOR,2007,DIGITALP,1937,PO  40Aw  20Mr  20Mh  10Bw  10,PO,70,NONE,NONE,NONE,70997,False,11.285320092588533,False,True,70,True,usable,61–80,True,False,False,False
182754990-025262,FOR,2007,PLOTVAR,1957,Or  50Mh  20Aw  20Pw  10,Or,50,NONE,NONE,NONE,70998,False,10.91284560898899,False,True,50,True,usable,41–60,False,False,False,False
182754995-025254,FOR,2007,DIGITALP,1937,Mr  20PO  20Bw  20Sw  10Aw  10Mh  10By  10,Mr,70,NONE,NONE,NONE,70999,False,21.82804090124782,False,True,70,True,usable,61–80,True,False,False,False
182754990-134353,UCL,2007,DIGITALP,0,,,0,NONE,NONE,NONE,71000,False,374.46244461155595,False,False,0,False,not_FOR,Excluded / non-forest,False,False,False,False
182754980-029451,FOR,2007,DIGITALP,1917,PO  80Sw  10Bw  10,PO,90,NONE,NONE,NONE,71005,False,44.59757865293185,False,True,90,True,usable,81–100,True,True,True,False
182754985-030106,FOR,2007,DIGITALP,1967,Bw  50PO  20Sw  20Bf  10,Bw,40,NONE,NONE,NONE,71006,False,34.74496791671559,False,True,40,True,usable,21–40,False,False,False,False
182754985-030117,FOR,2007,DIGITALP,1967,Bw  20PO  20Bf  20Ab  10Sw  10Sb  10Cw  10,Bw,40,NONE,NONE,NONE,71007,False,27.047424981478287,False,True,40,True,usable,21–40,False,False,False,False
182754985-028350,FOR,2007,DIGITALP,1927,Bd  20Mr  20Mh  20Or  10PO  10Aw  10Sw  10,Bd,80,NONE,NONE,NONE,71008,False,7.568862002349335,False,True,80,True,usable,61–80,True,True,False,False
182804980-031349,FOR,2007,DIGITALP,1917,PO  60Bw  20Sw  10Bf  10,PO,90,NONE,NONE,NONE,72913,False,0.002113017759423258,False,True,90,True,usable,81–100,True,True,True,False
182804980-031477,FOR,2007,DIGITALP,1967,PO  20Bw  20Sw  20Bf  20Sb  10Cw  10,PO,40,NONE,NONE,NONE,72916,False,0.2078831258836059,False,True,40,True,usable,21–40,False,False,False,False
182804980-031263,OMS,2007,DIGITALP,0,,,0,NONE,NONE,NONE,72918,False,0.3833354607688273,False,False,0,False,not_FOR,Excluded / non-forest,False,False,False,False
182804980-031343,FOR,2007,DIGITALP,1957,Ab  70Cw  20Bf  10,Ab,50,WETT,NONE,NONE,72919,False,1.7077913108524299,False,True,50,True,usable,41–60,False,False,False,False
182804980-031311,FOR,2007,DIGITALP,1967,Pr 100,Pr,40,NONE,NONE,NONE,72921,False,0.5760675259546432,False,True,40,True,usable,21–40,False,False,False,False
182804980-031298,OMS,2007,DIGITALP,0,,,0,NONE,NONE,NONE,72922,False,1.271520897520657,False,False,0,False,not_FOR,Excluded / non-forest,False,False,False,False
182804980-031597,FOR,2007,DIGITALP,1937,PO  50Bw  10Sw  10Bf  10Cw  10Mr  10,PO,70,NONE,NONE,NONE,72924,False,2.52667191904615,False,True,70,True,usable,61–80,True,False,False,False
182804980-031348,FOR,2007,DIGITALP,1927,PO  60Bw  10Sw  10Pr  10Bf  10,PO,80,NONE,NONE,NONE,72928,False,4.792718389703512,False,True,80,True,usable,61–80,True,True,False,False
182804980-031219,BSH,2007,DIGITALP,0,,,0,NONE,NONE,NONE,72929,False,1.4315516193808941,False,False,0,False,not_FOR,Excluded / non-forest,False,False,False,False
182804980-031220,FOR,2007,DIGITALP,1927,Mh  60Mr  20Bd  10Aw  10,Mh,80,NONE,NONE,NONE,72930,False,8.212758136245466,False,True,80,True,usable,61–80,True,True,False,False
182804980-031315,FOR,2007,DIGITALP,1937,Ab  70Cw  20Bf  10,Ab,70,WETT,NONE,NONE,72931,False,5.3283892585471815,False,True,70,True,usable,61–80,True,False,False,False
182804980-031314,OMS,2007,DIGITALP,0,,,0,NONE,NONE,NONE,72932,False,3.0544562214584303,False,False,0,False,not_FOR,Excluded / non-forest,False,False,False,False
828989016,WAT,2007,DIGITALA,0,,,0,NONE,NONE,NONE,72933,False,0.8386520665858361,False,False,0,False,not_FOR,Excluded / non-forest,False,False,False,False
182804980-031296,FOR,2007,DIGITALP,1957,Cw  50Bw  10Bf  10La  10Sb  10PO  10,Cw,50,NONE,NONE,NONE,72935,False,14.758568646005601,False,True,50,True,usable,41–60,False,False,False,False
182804980-031417,FOR,2007,DIGITALP,1927,Cw  50Bf  20Bw  10Sb  10La  10,Cw,80,NONE,NONE,NONE,72938,False,2.3734607696471466,False,True,80,True,usable,61–80,True,True,False,False
828989072,FOR,2007,DIGITALP,1977,Pw  90Bw  10,Pw,30,NONE,NONE,NONE,72940,False,1.163599943251129,False,True,30,True,usable,21–40,False,False,False,False
828989003,OMS,2007,DIGITALP,0,,,0,NONE,NONE,NONE,72946,False,0.1957036800117046,False,False,0,False,not_FOR,Excluded / non-forest,False,False,False,False
182804985-026788,OMS,2007,DIGITALP,0,,,0,NONE,NONE,NONE,72950,False,0.6542621721050147,False,False,0,False,not_FOR,Excluded / non-forest,False,False,False,False
182804980-031476,FOR,2007,DIGITALP,1987,PO  20Bw  20Bf  20Pr  20Sw  10Cw  10,PO,20,NONE,NONE,NONE,72956,False,0.5009896038868844,False,True,20,True,usable,1–20,False,False,False,False
182804980-031416,FOR,2007,DIGITALP,1917,Mh  70Mr  10Bd  10Aw  10,Mh,90,NONE,NONE,NONE,72957,False,7.547872740867479,False,True,90,True,usable,81–100,True,True,True,False
182804980-031308,GRS,2007,DIGITALP,0,,,0,NONE,NONE,NONE,72959,False,2.213425993856531,False,False,0,False,not_FOR,Excluded / non-forest,False,False,False,False
182804980-031522,FOR,2007,DIGITALP,1967,Cw  30Bf  20Sb  20La  10Ab  10Bw  10,Cw,40,NONE,NONE,NONE,72961,False,5.294643676826441,False,True,40,True,usable,21–40,False,False,False,False
182804980-031344,FOR,2007,DIGITALP,1977,Ab  60Bf  20Cw  10Sw  10,Ab,30,NONE,NONE,NONE,72963,False,6.222107466167296,False,True,30,True,usable,21–40,False,False,False,False
182804980-031319,OMS,2007,DIGITALP,0,,,0,NONE,NONE,NONE,72964,False,1.2542924305641938,False,False,0,False,not_FOR,Excluded / non-forest,False,False,False,False
182804980-031313,OMS,2007,DIGITALP,0,,,0,NONE,NONE,NONE,72967,False,1.4190417684584367,False,False,0,False,not_FOR,Excluded / non-forest,False,False,False,False
182804980-031323,BSH,2007,DIGITALP,0,,,0,NONE,NONE,NONE,72970,False,0.3073203008480184,False,False,0,False,not_FOR,Excluded / non-forest,False,False,False,False
182804980-031596,FOR,2007,DIGITALP,1967,PO  20Bw  20Sw  20Bf  10Bd  10Mh  10Mr  10,PO,40,NONE,NONE,NONE,72971,False,8.840654576415355,False,True,40,True,usable,21–40,False,False,False,False
182804980-031318,BSH,2007,DIGITALP,0,,,0,NONE,NONE,NONE,72974,False,0.4844850976963382,False,False,0,False,not_FOR,Excluded / non-forest,False,False,False,False
182804980-031474,FOR,2007,DIGITALP,1917,PO  70Bw  20Sw  10,PO,90,NONE,NONE,NONE,72975,False,5.706280670464609,False,True,90,True,usable,81–100,True,True,True,False
182804980-134017,UCL,2007,DIGITALP,0,,,0,NONE,NONE,NONE,72978,False,1.528543802691828,False,False,0,False,not_FOR,Excluded / non-forest,False,False,False,False
182804980-031537,FOR,2007,DIGITALP,1967,PO  20Bw  20Sw  20Bf  10Sb  10Cw  10Mr  10,PO,40,NONE,NONE,NONE,72982,False,16.20147074710399,False,True,40,True,usable,21–40,False,False,False,False
182804980-134019,UCL,2007,DIGITALP,0,,,0,NONE,NONE,NONE,72983,False,1.170199772090789,False,False,0,False,not_FOR,Excluded / non-forest,False,False,False,False
182804980-031302,BSH,2007,DIGITALP,0,,,0,NONE,NONE,NONE,72985,False,3.3313637120326747,False,False,0,False,not_FOR,Excluded / non-forest,False,False,False,False
182804980-031320,BSH,2007,DIGITALP,0,,,0,NONE,NONE,NONE,72987,False,2.654246428451006,False,False,0,False,not_FOR,Excluded / non-forest,False,False,False,False
182804980-031312,BSH,2007,DIGITALP,0,,,0,NONE,NONE,NONE,72988,False,1.463190774022465,False,False,0,False,not_FOR,Excluded / non-forest,False,False,False,False
182804980-031310,FOR,2007,DIGITALP,1967,PO  50Bw  20Cw  10Bf  10Sb  10,PO,40,NONE,NONE,NONE,72989,False,27.334061036573274,False,True,40,True,usable,21–40,False,False,False,False
182804980-031307,BSH,2007,DIGITALP,0,,,0,NONE,NONE,NONE,72996,False,4.143561427271908,False,False,0,False,not_FOR,Excluded / non-forest,False,False,False,False
182804980-031345,FOR,2007,DIGITALP,1907,Mh  40Mr  20PO  10Bd  10Aw  10By  10,Mh,100,NONE,NONE,NONE,72997,False,21.491414899380175,False,True,100,True,usable,81–100,True,True,True,True
182804980-031221,FOR,2007,DIGITALP,1927,Mh  50Mr  20PO  10Bd  10Aw  10,Mh,80,NONE,NONE,NONE,73001,False,8.695977256558267,False,True,80,True,usable,61–80,True,True,False,False
182804980-031267,FOR,2007,DIGITALP,1962,Pr 100,Pr,45,NONE,NONE,NONE,73002,False,0.05153166753747437,False,True,45,True,usable,41–60,False,False,False,False
182804980-031306,GRS,2007,DIGITALP,0,,,0,NONE,NONE,NONE,73008,False,2.2185731040307304,False,False,0,False,not_FOR,Excluded / non-forest,False,False,False,False
182804980-031268,FOR,2007,DIGITALP,1962,Pr 100,Pr,45,NONE,NONE,NONE,73011,False,1.0309574832095119,False,True,45,True,usable,41–60,False,False,False,False
182804980-031194,FOR,2007,DIGITALP,1937,PO  40Bw  20Sw  20Bf  10Sb  10,PO,70,NONE,NONE,NONE,73012,False,18.240042806475973,False,True,70,True,usable,61–80,True,False,False,False
182804980-031309,FOR,2007,DIGITALP,1957,PO  20Bw  20Mh  20Bf  10Sw  10Cw  10Mr  10,PO,50,NONE,NONE,NONE,73014,False,9.662217607753313,False,True,50,True,usable,41–60,False,False,False,False
182804980-031475,FOR,2007,DIGITALP,1987,PO  30Bw  30Pr  20Ab  10Sw  10,PO,20,NONE,NONE,NONE,73015,False,9.397472473061038,False,True,20,True,usable,1–20,False,False,False,False
182804980-119795,WAT,2007,DIGITALA,0,,,0,NONE,NONE,NONE,73016,False,4.35467727467688,False,False,0,False,not_FOR,Excluded / non-forest,False,False,False,False
182804980-031213,FOR,2007,DIGITALP,1947,Ab  70Cw  20Bf  10,Ab,60,WETT,NONE,NONE,73018,False,5.816248423084085,False,True,60,True,usable,41–60,True,False,False,False
182804980-031294,OMS,2007,DIGITALP,0,,,0,NONE,NONE,NONE,73019,False,14.598536906814182,False,False,0,False,not_FOR,Excluded / non-forest,False,False,False,False
182804980-031265,FOR,2007,DIGITALP,1962,Pr 100,Pr,45,NONE,NONE,NONE,73022,False,1.937562963971921,False,True,45,True,usable,41–60,False,False,False,False
182804980-031595,BSH,2007,DIGITALP,0,,,0,NONE,NONE,NONE,73023,False,1.398858137851106,False,False,0,False,not_FOR,Excluded / non-forest,False,False,False,False
182804980-026785,FOR,2007,DIGITALP,1927,PO  80Bw  10Sw  10,PO,80,NONE,NONE,NONE,73025,False,30.563175454783153,False,True,80,True,usable,61–80,True,True,False,False
182804980-031264,OMS,2007,DIGITALP,0,,,0,NONE,NONE,NONE,73026,False,2.870809934322332,False,False,0,False,not_FOR,Excluded / non-forest,False,False,False,False
182804980-031266,FOR,2007,DIGITALP,1962,Pr 100,Pr,45,NONE,NONE,NONE,73027,False,0.07041487938419631,False,True,45,True,usable,41–60,False,False,False,False
182804980-031413,FOR,2007,DIGITALP,1967,PO  30Bw  20Sw  20Bf  10Sb  10Cw  10,PO,40,NONE,NONE,NONE,73029,False,18.357739855083437,False,True,40,True,usable,21–40,False,False,False,False
182804980-031598,FOR,2007,DIGITALP,1887,Mh  90Sw  10,Mh,120,NONE,NONE,NONE,73030,False,0.4389152200960901,False,True,120,True,usable,101–150,True,True,True,True
182804980-031297,FOR,2007,DIGITALP,1927,PO  40Sw  20Bw  10Bf  10Mh  10Mr  10,PO,80,NONE,NONE,NONE,73031,False,12.071064932724475,False,True,80,True,usable,61–80,True,True,False,False
182804980-031201,FOR,2007,DIGITALP,1937,PO  40Bw  20Sw  20Bf  10Ab  10,PO,70,NONE,NONE,NONE,73032,False,9.472452427504145,False,True,70,True,usable,61–80,True,False,False,False
182804980-029790,FOR,2007,DIGITALP,1917,Mh  50Mr  10Bd  10Aw  10Sw  10Bw  10,Mh,90,NONE,NONE,NONE,73033,False,9.240477156743214,False,True,90,True,usable,81–100,True,True,True,False
182804980-031538,FOR,2007,DIGITALP,1947,Sw  30Bf  30PO  10Bw  10Cw  10Sb  10,Sw,60,NONE,NONE,NONE,73034,False,6.205263917616975,False,True,60,True,usable,41–60,True,False,False,False
182804980-027488,FOR,2007,DIGITALP,1977,Cw  50Ab  30Bw  10Bf  10,Cw,30,WETT,NONE,NONE,73038,False,3.463315524629098,False,True,30,True,usable,21–40,False,False,False,False
182804980-031414,FOR,2007,DIGITALP,1917,Mh  60Aw  20Bd  10Mr  10,Mh,90,NONE,NONE,NONE,73039,False,11.022180762206334,False,True,90,True,usable,81–100,True,True,True,False
182804980-029526,FOR,2007,DIGITALP,1907,Mh  20Mr  20PO  10Bd  10Aw  10By  10Ab  10Sw  10,Mh,100,NONE,NONE,NONE,73044,False,13.201607930245544,False,True,100,True,usable,81–100,True,True,True,True
182804980-030427,FOR,2007,DIGITALP,1967,PO  70Bw  20Bf  10,PO,40,NONE,NONE,NONE,73054,False,10.51614926236779,False,True,40,True,usable,21–40,False,False,False,False
182804980-027472,BSH,2007,DIGITALP,0,,,0,NONE,NONE,NONE,73058,False,1.1868751980459926,False,False,0,False,not_FOR,Excluded / non-forest,False,False,False,False
182804980-029200,FOR,2007,DIGITALP,1917,Mh  80Mr  10Bd  10,Mh,90,NONE,NONE,NONE,73059,False,16.318873073523484,False,True,90,True,usable,81–100,True,True,True,False
182804980-030418,FOR,2007,SUPINFO,1917,PO  80Sw  10Bw  10,PO,90,NONE,NONE,NONE,73060,False,11.199011970912336,False,True,90,True,usable,81–100,True,True,True,False
182804980-119826,WAT,2007,DIGITALA,0,,,0,NONE,NONE,NONE,73061,False,1.3469664269869763,False,False,0,False,not_FOR,Excluded / non-forest,False,False,False,False
182804980-029194,OMS,2007,DIGITALP,0,,,0,NONE,NONE,NONE,73062,False,4.347977229952016,False,False,0,False,not_FOR,Excluded / non-forest,False,False,False,False
182804980-026665,FOR,2007,DIGITALP,1967,Bf  30Cw  20Sw  20PO  20Bw  10,Bf,40,NONE,NONE,NONE,73063,False,12.330527847098281,False,True,40,True,usable,21–40,False,False,False,False
182804980-026998,OMS,2007,DIGITALP,0,,,0,NONE,NONE,NONE,73064,False,0.8946070990268646,False,False,0,False,not_FOR,Excluded / non-forest,False,False,False,False
182804980-030426,GRS,2007,DIGITALP,0,,,0,NONE,NONE,NONE,73065,False,2.3145362735524753,False,False,0,False,not_FOR,Excluded / non-forest,False,False,False,False
182804980-026664,FOR,2007,DIGITALP,1917,Mh  50Mr  10Bd  10Aw  10PO  10Bw  10,Mh,90,NONE,NONE,NONE,73067,False,16.891074886710175,False,True,90,True,usable,81–100,True,True,True,False
182804980-027944,FOR,2007,DIGITALP,1937,Ab  70Cw  10Pb  10Bf  10,Ab,70,WETT,NONE,NONE,73068,False,2.973091405362288,False,True,70,True,usable,61–80,True,False,False,False
182804980-030187,FOR,2007,DIGITALP,1937,PO  70Mr  10Bw  10Sw  10,PO,70,NONE,NONE,NONE,73069,False,18.605551874183476,False,True,70,True,usable,61–80,True,False,False,False
182804980-027945,FOR,2007,DIGITALP,1967,Ab  60Cw  20Bw  10Bf  10,Ab,40,WETT,NONE,NONE,73075,False,3.84441849878261,False,True,40,True,usable,21–40,False,False,False,False
182804980-030435,FOR,2007,DIGITALP,1917,PO  50Bf  20Bw  10Sw  10Sb  10,PO,90,NONE,NONE,NONE,73078,False,1.4592864271194377,False,True,90,True,usable,81–100,True,True,True,False
182804980-027273,FOR,2007,DIGITALP,1907,Mh  80Mr  10Bd  10,Mh,100,NONE,NONE,NONE,73079,False,28.86806678049743,False,True,100,True,usable,81–100,True,True,True,True
182804980-026676,FOR,2007,DIGITALP,1937,Mh  50Mr  10Bd  10Aw  10PO  10Bw  10,Mh,70,NONE,NONE,NONE,73080,False,8.593768748366418,False,True,70,True,usable,61–80,True,False,False,False
182804980-029199,FOR,2007,DIGITALP,1957,Ab  60Cw  20Pb  10Bf  10,Ab,50,WETT,NONE,NONE,73083,False,11.055137247915878,False,True,50,True,usable,41–60,False,False,False,False
182804980-027272,FOR,2007,DIGITALP,1937,Sw  20Bw  10Pw  10PO  10Bf  10He  10Mh  10Mr  10Bd  10,Sw,70,NONE,NONE,NONE,73084,False,6.043006573174605,False,True,70,True,usable,61–80,True,False,False,False
182804980-029198,FOR,2007,DIGITALP,1937,PO  50Sw  20Bf  20Bw  10,PO,70,NONE,NONE,NONE,73085,False,15.651837231525294,False,True,70,True,usable,61–80,True,False,False,False
182804980-026646,FOR,2007,DIGITALP,1989,Pr 100,Pr,18,NONE,NONE,NONE,73088,False,3.394599313831735,False,True,18,True,usable,1–20,False,False,False,False
182804980-029206,FOR,2007,DIGITALP,1937,PO  50Bw  20Mr  10Sw  10Ab  10,PO,70,NONE,NONE,NONE,73091,False,8.169940751904095,False,True,70,True,usable,61–80,True,False,False,False
828989002,WAT,2007,DIGITALA,0,,,0,NONE,NONE,NONE,73092,False,3.3062362144521185,False,False,0,False,not_FOR,Excluded / non-forest,False,False,False,False
182804980-030430,FOR,2007,DIGITALP,1937,PO  30Bw  20Sw  10Bf  10Mr  10Sb  10Cw  10,PO,70,NONE,NONE,NONE,73093,False,17.70101651550331,False,True,70,True,usable,61–80,True,False,False,False
182804980-134036,UCL,2007,DIGITALP,0,,,0,NONE,NONE,NONE,73095,False,6.610732032556493,False,False,0,False,not_FOR,Excluded / non-forest,False,False,False,False
182804980-030419,FOR,2007,SUPINFO,1917,PO  80Sw  10Bw  10,PO,90,NONE,NONE,NONE,73096,False,5.126061313089896,False,True,90,True,usable,81–100,True,True,True,False
182804980-026683,FOR,2007,DIGITALP,1917,Mh  60Mr  10Bd  10Aw  10Bw  10,Mh,90,NONE,NONE,NONE,73097,False,25.493589843811286,False,True,90,True,usable,81–100,True,True,True,False
182804980-029205,FOR,2007,DIGITALP,1927,Mr  30Bw  20PO  20Mh  20Sw  10,Mr,80,NONE,NONE,NONE,73099,False,6.603917425680992,False,True,80,True,usable,61–80,True,True,False,False
182804980-030421,FOR,2007,DIGITALP,1897,Mh  80Mr  10Bd  10,Mh,110,NONE,NONE,NONE,73104,False,5.870780890925092,False,True,110,True,usable,101–150,True,True,True,True
182804980-027501,OMS,2007,DIGITALP,0,,,0,NONE,NONE,NONE,73107,False,0.4662719787103195,False,False,0,False,not_FOR,Excluded / non-forest,False,False,False,False
182804980-026988,FOR,2007,DIGITALP,1967,Ab  80Cw  10Pb  10,Ab,40,WETT,NONE,NONE,73108,False,13.811849575395627,False,True,40,True,usable,21–40,False,False,False,False
182804980-030434,FOR,2007,DIGITALP,1947,Sw  20Bf  20Bw  20PO  20Mr  10Sb  10,Sw,60,NONE,NONE,NONE,73112,False,7.834839894703532,False,True,60,True,usable,41–60,True,False,False,False
182804980-027314,OMS,2007,DIGITALP,0,,,0,NONE,NONE,NONE,73113,False,0.9838873449192648,False,False,0,False,not_FOR,Excluded / non-forest,False,False,False,False
182804980-027318,OMS,2007,DIGITALP,0,,,0,NONE,NONE,NONE,73115,False,2.819598166959402,False,False,0,False,not_FOR,Excluded / non-forest,False,False,False,False
182804980-029196,FOR,2007,DIGITALP,1937,PO  50Mh  20Mr  20Bw  10,PO,70,NONE,NONE,NONE,73116,False,6.019477156466336,False,True,70,True,usable,61–80,True,False,False,False
182804980-029195,FOR,2007,DIGITALP,1927,PO  50Sw  20Bf  20Bw  10,PO,80,NONE,NONE,NONE,73117,False,5.399344813306878,False,True,80,True,usable,61–80,True,True,False,False
182804980-030425,FOR,2007,DIGITALP,1917,Mh  70Mr  10Bd  10Aw  10,Mh,90,NONE,NONE,NONE,73118,False,19.342511929864198,False,True,90,True,usable,81–100,True,True,True,False
182804980-029197,FOR,2007,DIGITALP,1947,Ab  50Cw  30Pb  10Bf  10,Ab,60,WETT,NONE,NONE,73119,False,2.9347549618755644,False,True,60,True,usable,41–60,True,False,False,False
828989024,WAT,2007,DIGITALA,0,,,0,NONE,NONE,NONE,73121,False,2.038017841149226,False,False,0,False,not_FOR,Excluded / non-forest,False,False,False,False
182804980-030432,FOR,2007,DIGITALP,1957,Ab  80Cw  10Pb  10,Ab,50,WETT,NONE,NONE,73123,False,3.6706820815779464,False,True,50,True,usable,41–60,False,False,False,False
182804980-030420,FOR,2007,DIGITALP,1907,Mh  50Mr  20Bd  10Aw  10Sw  10,Mh,100,NONE,NONE,NONE,73126,False,4.8822915657386154,False,True,100,True,usable,81–100,True,True,True,True
182804980-027515,OMS,2007,DIGITALP,0,,,0,NONE,NONE,NONE,73127,False,3.194914580153905,False,False,0,False,not_FOR,Excluded / non-forest,False,False,False,False
182804980-030189,FOR,2007,DIGITALP,1927,Mh  20Mr  20Sw  20PO  20Bd  10Cw  10,Mh,80,NONE,NONE,NONE,73128,False,20.12390283924103,False,True,80,True,usable,61–80,True,True,False,False
182804980-027508,OMS,2007,DIGITALP,0,,,0,NONE,NONE,NONE,73130,False,1.7358567800397229,False,False,0,False,not_FOR,Excluded / non-forest,False,False,False,False
182804980-030431,FOR,2007,DIGITALP,1947,Sw  30Bf  30Bw  20PO  10Sb  10,Sw,60,NONE,NONE,NONE,73132,False,10.211954749661961,False,True,60,True,usable,41–60,True,False,False,False
182804980-028741,FOR,2007,DIGITALP,1907,Mh  40Mr  20PO  10Bd  10Aw  10By  10,Mh,100,NONE,NONE,NONE,73133,False,10.904869192359884,False,True,100,True,usable,81–100,True,True,True,True
182804980-134047,UCL,2007,DIGITALP,0,,,0,NONE,NONE,NONE,73134,False,6.606488680498446,False,False,0,False,not_FOR,Excluded / non-forest,False,False,False,False
182804980-030433,FOR,2007,DIGITALP,1937,Ab  70Cw  10Pb  10Sw  10,Ab,70,WETT,NONE,NONE,73135,False,0.14502160776394976,False,True,70,True,usable,61–80,True,False,False,False
182804980-029218,BSH,2007,DIGITALP,0,,,0,NONE,NONE,NONE,73136,False,2.4015526400149434,False,False,0,False,not_FOR,Excluded / non-forest,False,False,False,False
182804980-134048,UCL,2007,DIGITALP,0,,,0,NONE,NONE,NONE,73137,False,7.314272769713997,False,False,0,False,not_FOR,Excluded / non-forest,False,False,False,False
182804980-026742,FOR,2007,DIGITALP,1989,Pr 100,Pr,18,NONE,NONE,NONE,73139,False,2.814013675587275,False,True,18,True,usable,1–20,False,False,False,False
828989023,WAT,2007,DIGITALA,0,,,0,NONE,NONE,NONE,73142,False,2.714249085874882,False,False,0,False,not_FOR,Excluded / non-forest,False,False,False,False
182804980-027353,FOR,2007,DIGITALP,1907,Mh  40Mr  20Bd  20Sw  10PO  10,Mh,100,NONE,NONE,NONE,73143,False,6.95852450321068,False,True,100,True,usable,81–100,True,True,True,True
182804980-029207,FOR,2007,DIGITALP,1897,Mh  80Mr  10Bd  10,Mh,110,NONE,NONE,NONE,73145,False,11.140959294570786,False,True,110,True,usable,101–150,True,True,True,True
182804980-029211,OMS,2007,DIGITALP,0,,,0,NONE,NONE,NONE,73146,False,5.73824408847962,False,False,0,False,not_FOR,Excluded / non-forest,False,False,False,False
182804980-026641,OMS,2007,DIGITALP,0,,,0,NONE,NONE,NONE,73147,False,0.609714213300975,False,False,0,False,not_FOR,Excluded / non-forest,False,False,False,False
182804980-134054,UCL,2007,DIGITALP,0,,,0,NONE,NONE,NONE,73148,False,0.533773579641368,False,False,0,False,not_FOR,Excluded / non-forest,False,False,False,False
182804980-119864,WAT,2007,DIGITALA,0,,,0,NONE,NONE,NONE,73149,False,2.088418336058926,False,False,0,False,not_FOR,Excluded / non-forest,False,False,False,False
182804980-134055,UCL,2007,DIGITALP,0,,,0,NONE,NONE,NONE,73150,False,3.390752885546712,False,False,0,False,not_FOR,Excluded / non-forest,False,False,False,False
182804980-027085,FOR,2007,DIGITALP,1917,Mh  70Mr  10Bd  10PO  10,Mh,90,NONE,NONE,NONE,73151,False,9.955478750172958,False,True,90,True,usable,81–100,True,True,True,False
182804980-029208,FOR,2007,DIGITALP,1927,Mh  50Mr  20Bd  10Sw  10PO  10,Mh,80,NONE,NONE,NONE,73153,False,7.668431201648735,False,True,80,True,usable,61–80,True,True,False,False
182804980-029191,FOR,2007,DIGITALP,1977,PO  30Bw  20Cw  20Ab  20Mr  10,PO,30,NONE,NONE,NONE,73156,False,9.934798809783553,False,True,30,True,usable,21–40,False,False,False,False
182804980-027578,FOR,2007,DIGITALP,1947,Sw  30Bf  20Bw  20Sb  10Mr  10PO  10,Sw,60,NONE,NONE,NONE,73157,False,10.24269722538186,False,True,60,True,usable,41–60,True,False,False,False
182804980-027606,FOR,2007,DIGITALP,1877,Mh  80Mr  10Bd  10,Mh,130,NONE,NONE,NONE,73158,False,7.001210611904552,False,True,130,True,usable,101–150,True,True,True,True
182804980-027344,FOR,2007,DIGITALP,1977,Ab  70La  20Cw  10,Ab,30,WETT,NONE,NONE,73159,False,5.741936287148785,False,True,30,True,usable,21–40,False,False,False,False
182804980-029189,FOR,2007,DIGITALP,1917,PO  30Mr  20Mh  10Bf  10Aw  10Cw  10Sw  10,PO,90,NONE,NONE,NONE,73162,False,8.960217719455269,False,True,90,True,usable,81–100,True,True,True,False
182804980-027253,BSH,2007,DIGITALP,0,,,0,NONE,NONE,NONE,73165,False,1.570329996069015,False,False,0,False,not_FOR,Excluded / non-forest,False,False,False,False
182804985-029190,FOR,2007,DIGITALP,1907,Mh  30Mr  20PO  10Bd  10Aw  10Sw  10By  10,Mh,100,NONE,NONE,NONE,73166,False,7.721223866105036,False,True,100,True,usable,81–100,True,True,True,True
182804980-027509,FOR,2007,DIGITALP,1947,Sw  20Bf  20Bw  20PO  10Mr  10Mh  10Pr  10,Sw,60,NONE,NONE,NONE,73168,False,15.609849050619331,False,True,60,True,usable,41–60,True,False,False,False
182804980-026645,FOR,2007,DIGITALP,1957,Ab  60Cw  20Pb  10Bf  10,Ab,50,WETT,NONE,NONE,73170,False,4.671495234411196,False,True,50,True,usable,41–60,False,False,False,False
182804980-030437,FOR,2007,DIGITALP,1937,PO  30Bf  30Sw  20Bw  20,PO,70,NONE,NONE,NONE,73171,False,2.5052103515228397,False,True,70,True,usable,61–80,True,False,False,False
828989022,WAT,2007,DIGITALA,0,,,0,NONE,NONE,NONE,73172,False,0.4459842137240986,False,False,0,False,not_FOR,Excluded / non-forest,False,False,False,False
182804980-027569,FOR,2007,DIGITALP,1927,Mh  60Mr  20Bd  10Sw  10,Mh,80,NONE,NONE,NONE,73175,False,13.270862078522963,False,True,80,True,usable,61–80,True,True,False,False
182804980-028740,FOR,2007,DIGITALP,1897,Mh  80Mr  10Bd  10,Mh,110,NONE,NONE,NONE,73177,False,49.56947936904847,False,True,110,True,usable,101–150,True,True,True,True
182804985-027343,FOR,2007,DIGITALP,1917,Mh  50Mr  20PO  10Bd  10Aw  10,Mh,90,NONE,NONE,NONE,73180,False,7.355807586070381,False,True,90,True,usable,81–100,True,True,True,False
182804985-027027,BSH,2007,DIGITALP,0,,,0,NONE,NONE,NONE,73181,False,8.434996551538925,False,False,0,False,not_FOR,Excluded / non-forest,False,False,False,False
182804985-030424,FOR,2007,DIGITALP,1967,Ab  40Bf  20Cw  10Bw  10Sw  10PO  10,Ab,40,WETT,NONE,NONE,73182,False,6.538918276481774,False,True,40,True,usable,21–40,False,False,False,False
182804980-027611,FOR,2007,DIGITALP,1957,Sw  20Bf  20Sb  20Bw  20Cw  10PO  10,Sw,50,NONE,NONE,NONE,73183,False,9.643388403129494,False,True,50,True,usable,41–60,False,False,False,False
828989021,WAT,2007,DIGITALA,0,,,0,NONE,NONE,NONE,73184,False,0.32233309044627,False,False,0,False,not_FOR,Excluded / non-forest,False,False,False,False
182804985-029204,OMS,2007,DIGITALP,0,,,0,NONE,NONE,NONE,73186,False,4.607299050374573,False,False,0,False,not_FOR,Excluded / non-forest,False,False,False,False
182804985-027581,OMS,2007,DIGITALP,0,,,0,NONE,NONE,NONE,73190,False,0.5815588553309226,False,False,0,False,not_FOR,Excluded / non-forest,False,False,False,False
182804985-030429,BSH,2007,DIGITALP,0,,,0,NONE,NONE,NONE,73193,False,3.2696303969408955,False,False,0,False,not_FOR,Excluded / non-forest,False,False,False,False
182804985-030428,OMS,2007,DIGITALP,0,,,0,NONE,NONE,NONE,73195,False,4.842270535876638,False,False,0,False,not_FOR,Excluded / non-forest,False,False,False,False
182804980-026893,FOR,2007,DIGITALP,1947,Bf  30Sw  20Bw  20PO  20Sb  10,Bf,60,NONE,NONE,NONE,73197,False,6.199745145783654,False,True,60,True,usable,41–60,True,False,False,False
182804985-027352,FOR,2007,DIGITALP,1937,Ab  70Cw  10Pb  10Bf  10,Ab,70,WETT,NONE,NONE,73198,False,1.9892358990001648,False,True,70,True,usable,61–80,True,False,False,False
182804985-028736,FOR,2007,DIGITALP,1917,Mh  30Mr  20PO  10Bd  10Aw  10Sw  10By  10,Mh,90,NONE,NONE,NONE,73199,False,8.500274627527125,False,True,90,True,usable,81–100,True,True,True,False
182804980-029217,FOR,2007,DIGITALP,1927,PO  40Bw  20Sw  20Bf  10Sb  10,PO,80,NONE,NONE,NONE,73200,False,32.05458613799774,False,True,80,True,usable,61–80,True,True,False,False
828989020,WAT,2007,DIGITALA,0,,,0,NONE,NONE,NONE,73201,False,0.18333362411195941,False,False,0,False,not_FOR,Excluded / non-forest,False,False,False,False
182804985-029192,FOR,2007,DIGITALP,1967,Bf  50Sw  30Bw  10PO  10,Bf,40,NONE,NONE,NONE,73203,False,12.050217927900109,False,True,40,True,usable,21–40,False,False,False,False
182804985-028042,FOR,2007,DIGITALP,1992,PO  50Bw  40Sw  10,PO,15,NONE,NONE,NONE,73207,False,2.2624419470201116,False,True,15,True,usable,1–20,False,False,False,False
182804985-029209,GRS,2007,DIGITALP,0,,,0,NONE,NONE,NONE,73208,False,16.660844304131626,False,False,0,False,not_FOR,Excluded / non-forest,False,False,False,False
182804980-028737,OMS,2007,DIGITALP,0,,,0,NONE,NONE,NONE,73209,False,14.361247774919203,False,False,0,False,not_FOR,Excluded / non-forest,False,False,False,False
828989025,WAT,2007,DIGITALA,0,,,0,NONE,NONE,NONE,73210,False,0.006680562108519077,False,False,0,False,not_FOR,Excluded / non-forest,False,False,False,False
182804985-029203,FOR,2007,DIGITALP,1947,Bf  20Bw  20Sw  20PO  20Cw  10Sb  10,Bf,60,NONE,NONE,NONE,73213,False,14.05764701898073,False,True,60,True,usable,41–60,True,False,False,False
182804985-028040,OMS,2007,DIGITALP,0,,,0,NONE,NONE,NONE,73214,False,1.056155499526253,False,False,0,False,not_FOR,Excluded / non-forest,False,False,False,False
182804985-027091,FOR,2007,DIGITALP,1957,Ab  70Cw  20Sb  10,Ab,50,WETT,NONE,NONE,73219,False,8.196773298228742,False,True,50,True,usable,41–60,False,False,False,False
182804985-027583,OMS,2007,DIGITALP,0,,,0,NONE,NONE,NONE,73220,False,5.974381621278626,False,False,0,False,not_FOR,Excluded / non-forest,False,False,False,False
182804985-030188,FOR,2007,DIGITALP,1957,Ab  30Cw  20Bf  20Bw  10Sb  10Sw  10,Ab,50,NONE,NONE,NONE,73223,False,13.516733553196781,False,True,50,True,usable,41–60,False,False,False,False
182804985-027011,FOR,2007,DIGITALP,1967,PO  50Bw  40Sw  10,PO,40,NONE,NONE,NONE,73226,False,10.906141094232845,False,True,40,True,usable,21–40,False,False,False,False
182804985-026818,FOR,2007,DIGITALP,1977,Cw  60Sb  30Bf  10,Cw,30,WETT,NONE,NONE,73230,False,11.618180245217804,False,True,30,True,usable,21–40,False,False,False,False
182804985-030423,FOR,2007,DIGITALP,1937,Sw  40Bf  20Bw  10PO  10Cw  10Sb  10,Sw,70,NONE,NONE,NONE,73236,False,5.217194225842625,False,True,70,True,usable,61–80,True,False,False,False
182804985-029216,GRS,2007,DIGITALP,0,,,0,NONE,NONE,NONE,73237,False,5.197451831494614,False,False,0,False,not_FOR,Excluded / non-forest,False,False,False,False
182804985-029202,FOR,2007,DIGITALP,1957,Cw  20Sw  20Bf  20Sb  20Ab  20,Cw,50,NONE,NONE,NONE,73239,False,5.870622001225098,False,True,50,True,usable,41–60,False,False,False,False
182804985-029215,FOR,2007,DIGITALP,1957,Sw  20Bf  20Sb  20Bw  20Cw  10PO  10,Sw,50,NONE,NONE,NONE,73240,False,23.01193492777328,False,True,50,True,usable,41–60,False,False,False,False
182804985-030422,GRS,2007,DIGITALP,0,,,0,NONE,NONE,NONE,73244,False,1.5968870229390542,False,False,0,False,not_FOR,Excluded / non-forest,False,False,False,False
182804985-029212,FOR,2007,DIGITALP,1937,PO  40Mh  20Mr  20Sw  10Bw  10,PO,70,NONE,NONE,NONE,73246,False,9.183696089158227,False,True,70,True,usable,61–80,True,False,False,False
182804985-026870,FOR,2007,DIGITALP,1957,Cw  20Sw  20Bf  20Sb  20La  10Ab  10,Cw,50,NONE,NONE,NONE,73250,False,14.781366386369921,False,True,50,True,usable,41–60,False,False,False,False
182804985-028041,FOR,2007,DIGITALP,1937,Bw  30PO  20Sw  20Mr  10Cw  10Bf  10,Bw,70,NONE,NONE,NONE,73252,False,8.70573515473801,False,True,70,True,usable,61–80,True,False,False,False
182804985-027617,OMS,2007,DIGITALP,0,,,0,NONE,NONE,NONE,73255,False,0.3025049074740671,False,False,0,False,not_FOR,Excluded / non-forest,False,False,False,False
182804985-026968,FOR,2007,DIGITALP,1927,PO  40Bw  20Sw  10Bf  10Mr  10Mh  10,PO,80,NONE,NONE,NONE,73256,False,24.083304556387525,False,True,80,True,usable,61–80,True,True,False,False
182804985-027275,FOR,2007,DIGITALP,1957,PO  30Bw  20Sw  20Bf  10Ab  10Cw  10,PO,50,NONE,NONE,NONE,73257,False,1.9918497346354638,False,True,50,True,usable,41–60,False,False,False,False
182804985-029213,FOR,2007,DIGITALP,1937,Sw  40Bf  20Bw  20PO  10Mr  10,Sw,70,NONE,NONE,NONE,73258,False,6.545699607422228,False,True,70,True,usable,61–80,True,False,False,False
182804985-027219,FOR,2007,DIGITALP,1967,PO  40Bw  20Bf  20Sw  10Ab  10,PO,40,NONE,NONE,NONE,73260,False,8.247368027529737,False,True,40,True,usable,21–40,False,False,False,False
182804985-029210,FOR,2007,DIGITALP,1957,Ab  40Bf  20Cw  10Bw  10Sb  10Sw  10,Ab,50,NONE,NONE,NONE,73261,False,13.274813556945096,False,True,50,True,usable,41–60,False,False,False,False
182804985-027917,OMS,2007,DIGITALP,0,,,0,NONE,NONE,NONE,73265,False,3.679595319123567,False,False,0,False,not_FOR,Excluded / non-forest,False,False,False,False
182804985-027252,FOR,2007,DIGITALP,1967,PO  30Bw  20Sw  20Bf  10Ab  10Cw  10,PO,40,NONE,NONE,NONE,73267,False,13.530415368803485,False,True,40,True,usable,21–40,False,False,False,False
182804985-137973,UCL,2007,DIGITALP,0,,,0,NONE,NONE,NONE,73268,False,22.37348151307299,False,False,0,False,not_FOR,Excluded / non-forest,False,False,False,False
182804985-029201,FOR,2007,DIGITALP,1947,Sw  50Bf  20Mr  10PO  10Bw  10,Sw,60,NONE,NONE,NONE,73269,False,15.04652429394747,False,True,60,True,usable,41–60,True,False,False,False
182804985-028526,OMS,2007,DIGITALP,0,,,0,NONE,NONE,NONE,73271,False,2.195492334559855,False,False,0,False,not_FOR,Excluded / non-forest,False,False,False,False
182804985-027610,FOR,2007,DIGITALP,1967,Ab  20Bw  20Sw  20Bf  10PO  10Cw  10Sb  10,Ab,40,NONE,NONE,NONE,73272,False,29.425143995973496,False,True,40,True,usable,21–40,False,False,False,False
182804985-027222,FOR,2007,DIGITALP,1927,PO  40Bw  20Sw  20Bf  10Sb  10,PO,80,NONE,NONE,NONE,73273,False,16.113559208760268,False,True,80,True,usable,61–80,True,True,False,False
182804985-026871,FOR,2007,DIGITALP,1927,Mh  40Mr  20Bd  10Aw  10Sw  10Bw  10,Mh,80,NONE,NONE,NONE,73274,False,13.4038053496397,False,True,80,True,usable,61–80,True,True,False,False
182804985-030132,FOR,2007,DIGITALP,1957,Bw  50Be  20Sw  10By  10Sb  10,Bw,50,NONE,NONE,NONE,73283,False,6.06501650964129,False,True,50,True,usable,41–60,False,False,False,False
182804985-027263,FOR,2007,DIGITALP,1927,Mr  30Mh  20PO  20Bd  10Bw  10Sw  10,Mr,80,NONE,NONE,NONE,73290,False,0.21746024643323575,False,True,80,True,usable,61–80,True,True,False,False
182804985-027916,FOR,2007,DIGITALP,1937,Cw  50Bw  10La  10Sw  10Bf  10Ab  10,Cw,70,NONE,NONE,NONE,73291,False,10.259196754095676,False,True,70,True,usable,61–80,True,False,False,False
182804985-028554,FOR,2007,DIGITALP,1947,Pr  20Sw  20Mr  20Bf  10Bw  10Mh  10Sb  10,Pr,60,NONE,NONE,NONE,73292,False,9.8780748277894,False,True,60,True,usable,41–60,True,False,False,False
182804985-134087,UCL,2007,DIGITALP,0,,,0,NONE,NONE,NONE,73293,False,4.244406336414571,False,False,0,False,not_FOR,Excluded / non-forest,False,False,False,False
182804985-134088,UCL,2007,DIGITALP,0,,,0,NONE,NONE,NONE,73294,False,14.18297058279906,False,False,0,False,not_FOR,Excluded / non-forest,False,False,False,False
182804985-029214,FOR,2007,DIGITALP,1947,Sw  30Cw  30Bf  20Sb  10Bw  10,Sw,60,NONE,NONE,NONE,73295,False,17.64963737408805,False,True,60,True,usable,41–60,True,False,False,False
182804985-028525,FOR,2007,DIGITALP,1957,Ab  80Cw  10Bf  10,Ab,50,WETT,NONE,NONE,73298,False,19.31243797401919,False,True,50,True,usable,41–60,False,False,False,False
182804985-028531,FOR,2007,DIGITALP,1937,Sw  30Bf  20Bw  20Pw  10Cw  10Mr  10,Sw,70,NONE,NONE,NONE,73300,False,34.37098470521296,False,True,70,True,usable,61–80,True,False,False,False
182804985-134089,UCL,2007,DIGITALP,0,,,0,NONE,NONE,NONE,73302,False,12.895246791636026,False,False,0,False,not_FOR,Excluded / non-forest,False,False,False,False
828989085,FOR,2007,DIGITALP,1957,Pw  50Bf  20Mh  10Bw  10Sw  10,Pw,50,NONE,NONE,NONE,73306,False,5.341793563963474,False,True,50,True,usable,41–60,False,False,False,False
182804985-028544,FOR,2007,DIGITALP,1927,Mh  60Mr  10Bd  10Aw  10Sw  10,Mh,80,NONE,NONE,NONE,73307,False,13.120872322307871,False,True,80,True,usable,61–80,True,True,False,False
182804985-028540,FOR,2007,DIGITALP,1947,Cw  50Bw  10La  10Sw  10Bf  10Sb  10,Cw,60,NONE,NONE,NONE,73308,False,7.146625916901579,False,True,60,True,usable,41–60,True,False,False,False
182804985-119947,WAT,2007,DIGITALA,0,,,0,NONE,NONE,NONE,73312,False,6.703915244666906,False,False,0,False,not_FOR,Excluded / non-forest,False,False,False,False
182804985-028524,OMS,2007,DIGITALP,0,,,0,NONE,NONE,NONE,73314,False,4.281052834357478,False,False,0,False,not_FOR,Excluded / non-forest,False,False,False,False
182804985-134095,UCL,2007,DIGITALP,0,,,0,NONE,NONE,NONE,73319,False,2.382784025245618,False,False,0,False,not_FOR,Excluded / non-forest,False,False,False,False
182804985-027752,FOR,2007,DIGITALP,1897,Mh  70Mr  20Bd  10,Mh,110,NONE,NONE,NONE,73322,False,5.401191003056802,False,True,110,True,usable,101–150,True,True,True,True
182804985-028528,FOR,2007,DIGITALP,1947,Cw  40Sw  20Bf  10Sb  10Bw  10Ab  10,Cw,60,WETT,NONE,NONE,73323,False,12.944350970817835,False,True,60,True,usable,41–60,True,False,False,False
182804985-028529,FOR,2007,DIGITALP,1937,PO  40Bw  30Sw  20Bf  10,PO,70,NONE,NONE,NONE,73324,False,9.13637093851465,False,True,70,True,usable,61–80,True,False,False,False
828989035,WAT,2007,DIGITALA,0,,,0,NONE,NONE,NONE,73325,False,1.1403724475813994,False,False,0,False,not_FOR,Excluded / non-forest,False,False,False,False
182804985-027676,BSH,2007,DIGITALP,0,,,0,NONE,NONE,NONE,73327,False,0.2344650393801673,False,False,0,False,not_FOR,Excluded / non-forest,False,False,False,False
182804985-027356,FOR,2007,DIGITALP,1937,Bw  20Bf  10Cw  10Pw  10Sw  10Mh  10Mr  10Pr  10PO  10,Bw,70,NONE,NONE,NONE,73328,False,22.04132965723742,False,True,70,True,usable,61–80,True,False,False,False
182804985-028542,FOR,2007,DIGITALP,1937,Mr  20Ab  20Bw  20Bf  10Sw  10Mh  10Cw  10,Mr,70,NONE,NONE,NONE,73329,False,11.811215834764086,False,True,70,True,usable,61–80,True,False,False,False
182804985-027357,OMS,2007,DIGITALP,0,,,0,NONE,NONE,NONE,73333,False,3.4086914700269983,False,False,0,False,not_FOR,Excluded / non-forest,False,False,False,False
182804985-028543,FOR,2007,DIGITALP,1927,Mh  40Mr  10Bd  10Aw  10Sw  10Bf  10Bw  10,Mh,80,NONE,NONE,NONE,73335,False,6.978392000946004,False,True,80,True,usable,61–80,True,True,False,False
182804985-027693,OMS,2007,DIGITALP,0,,,0,NONE,NONE,NONE,73339,False,0.8896209119625667,False,False,0,False,not_FOR,Excluded / non-forest,False,False,False,False
182804985-134099,UCL,2007,DIGITALP,0,,,0,NONE,NONE,NONE,73342,False,7.061461559159661,False,False,0,False,not_FOR,Excluded / non-forest,False,False,False,False
182804985-028530,FOR,2007,DIGITALP,1937,Bw  30PO  30Sw  20Bf  10Pr  10,Bw,70,NONE,NONE,NONE,73343,False,15.291992862657242,False,True,70,True,usable,61–80,True,False,False,False
182804985-027699,GRS,2007,DIGITALP,0,,,0,NONE,NONE,NONE,73345,False,11.134793904373492,False,False,0,False,not_FOR,Excluded / non-forest,False,False,False,False
182804985-028541,FOR,2007,DIGITALP,1907,Mh  60Mr  20Bd  10Aw  10,Mh,100,NONE,NONE,NONE,73347,False,14.441452751116419,False,True,100,True,usable,81–100,True,True,True,True
182804985-027923,FOR,2007,DIGITALP,1917,Mh  40Mr  20Bd  10Aw  10Bw  10Sw  10,Mh,90,NONE,NONE,NONE,73351,False,17.07993038807097,False,True,90,True,usable,81–100,True,True,True,False
182804985-119973,WAT,2007,DIGITALA,0,,,0,NONE,NONE,NONE,73352,False,1.0859944049142412,False,False,0,False,not_FOR,Excluded / non-forest,False,False,False,False
182804985-134103,UCL,2007,DIGITALP,0,,,0,NONE,NONE,NONE,73354,False,4.834706707215905,False,False,0,False,not_FOR,Excluded / non-forest,False,False,False,False
182804985-028527,FOR,2007,DIGITALP,1967,Pr 100,Pr,40,NONE,NONE,NONE,73360,False,3.222524016794226,False,True,40,True,usable,21–40,False,False,False,False
182804985-028553,FOR,2007,DIGITALP,1937,Mh  20Mr  20Bw  20Bd  10Sw  10PO  10Bf  10,Mh,70,NONE,NONE,NONE,73361,False,13.412347776445333,False,True,70,True,usable,61–80,True,False,False,False
182804985-027708,OMS,2007,DIGITALP,0,,,0,NONE,NONE,NONE,73362,False,27.84019074396466,False,False,0,False,not_FOR,Excluded / non-forest,False,False,False,False
182804985-027298,FOR,2007,DIGITALP,1947,Bw  20PO  20Cw  20Ab  20Bf  10Sw  10,Bw,60,NONE,NONE,NONE,73366,False,10.064231239489228,False,True,60,True,usable,41–60,True,False,False,False
182804985-027717,GRS,2007,DIGITALP,0,,,0,NONE,NONE,NONE,73368,False,1.2528251670758872,False,False,0,False,not_FOR,Excluded / non-forest,False,False,False,False
182804985-028552,FOR,2007,DIGITALP,1947,Mr  20Sw  20Bw  20Bf  10Mh  10Bd  10PO  10,Mr,60,NONE,NONE,NONE,73371,False,26.65065461695969,False,True,60,True,usable,41–60,True,False,False,False
182804985-027921,FOR,2007,DIGITALP,1937,Bw  20Bf  20Cw  20Pw  10Sw  10Mh  10Mr  10,Bw,70,NONE,NONE,NONE,73373,False,23.36933055936885,False,True,70,True,usable,61–80,True,False,False,False
182804985-028548,FOR,2007,DIGITALP,1947,Cw  40Bw  10La  10Sw  10Bf  10Ab  10Sb  10,Cw,60,WETT,NONE,NONE,73374,False,4.413488454047986,False,True,60,True,usable,41–60,True,False,False,False
182804985-027720,OMS,2007,DIGITALP,0,,,0,NONE,NONE,NONE,73375,False,0.4051874983295152,False,False,0,False,not_FOR,Excluded / non-forest,False,False,False,False
182804985-030074,FOR,2007,DIGITALP,1957,Sw  20Bw  20PO  20Bf  20Sb  10Pr  10,Sw,50,NONE,NONE,NONE,73376,False,20.248333608158667,False,True,50,True,usable,41–60,False,False,False,False
182804985-028266,FOR,2007,DIGITALP,1927,Mr  20PO  20Bw  20Mh  10Bd  10Sw  10He  10,Mr,80,NONE,NONE,NONE,73378,False,35.603195257979856,False,True,80,True,usable,61–80,True,True,False,False
182804985-026759,FOR,2007,DIGITALP,1947,Bw  30PO  20Cw  20Sw  10Bf  10Mr  10,Bw,60,NONE,NONE,NONE,73379,False,11.666082718069466,False,True,60,True,usable,41–60,True,False,False,False
182804985-027369,FOR,2007,DIGITALP,1937,Mh  30Mr  20Bw  20Sw  10Bd  10PO  10,Mh,70,NONE,NONE,NONE,73380,False,7.6729344832719955,False,True,70,True,usable,61–80,True,False,False,False
182804985-027922,FOR,2007,DIGITALP,1957,Cw  40Sb  20La  10Sw  10Bf  10Bw  10,Cw,50,WETT,NONE,NONE,73381,False,3.9479744372701804,False,True,50,True,usable,41–60,False,False,False,False
182804985-028532,FOR,2007,DIGITALP,1972,Pr 100,Pr,35,NONE,NONE,NONE,73383,False,1.0200023932938647,False,True,35,True,usable,21–40,False,False,False,False
182804985-027301,FOR,2007,DIGITALP,1927,Mh  20Mr  20Bw  10Bd  10Aw  10Sw  10Pw  10He  10,Mh,80,NONE,NONE,NONE,73387,False,3.1106281680067283,False,True,80,True,usable,61–80,True,True,False,False
182804985-027751,FOR,2007,DIGITALP,1937,Sw  30PO  20Bw  10Cw  10Pw  10He  10Bf  10,Sw,70,NONE,NONE,NONE,73390,False,7.544710224663454,False,True,70,True,usable,61–80,True,False,False,False
182804985-027300,FOR,2007,DIGITALP,1927,Mh  30Mr  20Bw  20Bd  10Aw  10Sw  10,Mh,80,NONE,NONE,NONE,73391,False,3.1386124731732963,False,True,80,True,usable,61–80,True,True,False,False
182804985-028551,FOR,2007,DIGITALP,1907,Mh  60Mr  20Bd  10Aw  10,Mh,100,NONE,NONE,NONE,73393,False,31.697935306294944,False,True,100,True,usable,81–100,True,True,True,True
182804985-027648,OMS,2007,DIGITALP,0,,,0,NONE,NONE,NONE,73398,False,0.6374895271017071,False,False,0,False,not_FOR,Excluded / non-forest,False,False,False,False
182804985-027665,FOR,2007,DIGITALP,1937,PO  20Bw  20Sw  20Mh  10Bf  10Mr  10He  10,PO,70,NONE,NONE,NONE,73399,False,10.6966292950499,False,True,70,True,usable,61–80,True,False,False,False
182804985-026931,OMS,2007,DIGITALP,0,,,0,NONE,NONE,NONE,73402,False,0.15353363241491952,False,False,0,False,not_FOR,Excluded / non-forest,False,False,False,False
182804985-120009,WAT,2007,DIGITALA,0,,,0,NONE,NONE,NONE,73405,False,10.316240178402023,False,False,0,False,not_FOR,Excluded / non-forest,False,False,False,False
182804985-028550,FOR,2007,DIGITALP,1907,Mh  50Mr  20Bd  10Aw  10He  10,Mh,100,NONE,NONE,NONE,73406,False,8.331714027321409,False,True,100,True,usable,81–100,True,True,True,True
182804985-028547,FOR,2007,DIGITALP,1897,Mh  70Mr  20Bd  10,Mh,110,NONE,NONE,NONE,73407,False,21.4730244391357,False,True,110,True,usable,101–150,True,True,True,True
182804985-028546,FOR,2007,DIGITALP,2003,Pr 100,Pr,4,NONE,NONE,NONE,73410,False,2.8252375945726538,False,True,4,True,usable,1–20,False,False,False,False
182804985-028533,FOR,2007,DIGITALP,1917,Mh  60Mr  20Bw  10Bd  10,Mh,90,NONE,NONE,NONE,73413,False,27.445024786032572,False,True,90,True,usable,81–100,True,True,True,False
182804985-027334,FOR,2007,DIGITALP,1927,Mr  20Bw  20Mh  20Sw  10Bd  10PO  10He  10,Mr,80,NONE,NONE,NONE,73414,False,5.515012368014248,False,True,80,True,usable,61–80,True,True,False,False
182804985-027650,FOR,2007,DIGITALP,1927,PO  30Bw  20Sw  20Cw  10Mr  10He  10,PO,80,NONE,NONE,NONE,73417,False,9.264258581019323,False,True,80,True,usable,61–80,True,True,False,False
182804985-028549,FOR,2007,DIGITALP,1917,Mh  30Mr  20Bd  10Aw  10Bf  10Bw  10PO  10,Mh,90,NONE,NONE,NONE,73421,False,11.840049117931862,False,True,90,True,usable,81–100,True,True,True,False
182804985-026969,FOR,2007,DIGITALP,1917,Mr  20PO  20Bw  20Mh  10Cw  10Sw  10He  10,Mr,90,NONE,NONE,NONE,73422,False,8.957005247843638,False,True,90,True,usable,81–100,True,True,True,False
182804985-120020,WAT,2007,DIGITALA,0,,,0,NONE,NONE,NONE,73423,False,1.5692443207530093,False,False,0,False,not_FOR,Excluded / non-forest,False,False,False,False
182804985-120023,WAT,2007,DIGITALA,0,,,0,NONE,NONE,NONE,73428,False,5.635714381162635,False,False,0,False,not_FOR,Excluded / non-forest,False,False,False,False
182804985-028545,FOR,2007,DIGITALP,1937,Bw  30Mr  10Bd  10Mh  10PO  10Sw  10Pr  10He  10,Bw,70,NONE,NONE,NONE,73429,False,8.801344719654828,False,True,70,True,usable,61–80,True,False,False,False
182804985-026933,OMS,2007,DIGITALP,0,,,0,NONE,NONE,NONE,73430,False,1.079770022370951,False,False,0,False,not_FOR,Excluded / non-forest,False,False,False,False
182804985-027779,OMS,2007,DIGITALP,0,,,0,NONE,NONE,NONE,73431,False,0.20350349440148166,False,False,0,False,not_FOR,Excluded / non-forest,False,False,False,False
182804985-027919,FOR,2007,DIGITALP,1932,Mh  20Mr  20Sw  20Bw  10He  10By  10PO  10,Mh,75,NONE,NONE,NONE,73433,False,9.648835093096404,False,True,75,True,usable,61–80,True,False,False,False
182804985-026927,OMS,2007,DIGITALP,0,,,0,NONE,NONE,NONE,73435,False,0.16070761838016534,False,False,0,False,not_FOR,Excluded / non-forest,False,False,False,False
182804985-027664,FOR,2007,DIGITALP,1927,Mr  30Mh  30Sw  20Bw  10PO  10,Mr,80,NONE,NONE,NONE,73437,False,10.194158921204373,False,True,80,True,usable,61–80,True,True,False,False
182804985-026835,FOR,2007,DIGITALP,1937,Bw  20PO  20Sw  20Cw  10He  10Pw  10Bf  10,Bw,70,NONE,NONE,NONE,73438,False,3.292751903965231,False,True,70,True,usable,61–80,True,False,False,False
182804985-027788,OMS,2007,DIGITALP,0,,,0,NONE,NONE,NONE,73442,False,0.6578421402140834,False,False,0,False,not_FOR,Excluded / non-forest,False,False,False,False
182804985-027789,OMS,2007,DIGITALP,0,,,0,NONE,NONE,NONE,73444,False,0.4356091291878153,False,False,0,False,not_FOR,Excluded / non-forest,False,False,False,False
182804985-028082,FOR,2007,DIGITALP,1937,Sw  20Mh  20Bw  20Mr  10Bf  10Pw  10By  10,Sw,70,NONE,NONE,NONE,73445,False,15.890216881009913,False,True,70,True,usable,61–80,True,False,False,False
182804985-134114,UCL,2007,DIGITALP,0,,,0,NONE,NONE,NONE,73447,False,3.539903155541617,False,False,0,False,not_FOR,Excluded / non-forest,False,False,False,False
182804985-028123,FOR,2007,DIGITALP,1937,Sw  40Mr  10Mh  10PO  10Bw  10Pr  10Cw  10,Sw,70,NONE,NONE,NONE,73448,False,2.3340363542854767,False,True,70,True,usable,61–80,True,False,False,False
182804985-027918,FOR,2007,DIGITALP,1937,Mr  20Bw  20Mh  10Sw  10Bf  10Bd  10PO  10He  10,Mr,70,NONE,NONE,NONE,73449,False,17.70476680195946,False,True,70,True,usable,61–80,True,False,False,False
182804985-120034,WAT,2007,DIGITALA,0,,,0,NONE,NONE,NONE,73452,False,6.270083618437117,False,False,0,False,not_FOR,Excluded / non-forest,False,False,False,False
182804985-027666,FOR,2007,DIGITALP,1947,Sw  30Bw  20PO  20Sb  20Bf  10,Sw,60,NONE,NONE,NONE,73454,False,15.966389302708759,False,True,60,True,usable,41–60,True,False,False,False
182804985-120036,WAT,2007,DIGITALA,0,,,0,NONE,NONE,NONE,73455,False,0.1349040005077686,False,False,0,False,not_FOR,Excluded / non-forest,False,False,False,False
182804985-027286,OMS,2007,DIGITALP,0,,,0,NONE,NONE,NONE,73458,False,0.25252691119767123,False,False,0,False,not_FOR,Excluded / non-forest,False,False,False,False
182804985-027920,FOR,2007,DIGITALP,1942,Mh  20Mr  20Bw  20Sw  10Bf  10Bd  10PO  10,Mh,65,NONE,NONE,NONE,73459,False,21.215711287803487,False,True,65,True,usable,61–80,True,False,False,False
182804985-028119,FOR,2007,DIGITALP,1927,Mr  30Mh  20PO  20Sw  10Bd  10Bw  10,Mr,80,NONE,NONE,NONE,73462,False,13.2078120119647,False,True,80,True,usable,61–80,True,True,False,False
182804985-027801,TMS,2007,DIGITALP,0,,,0,NONE,NONE,NONE,73464,False,0.3943799193791571,False,False,0,False,not_FOR,Excluded / non-forest,False,False,False,False
182804985-028121,FOR,2007,DIGITALP,1937,Sw  20Bw  20Bf  20Mr  20PO  10Mh  10,Sw,70,NONE,NONE,NONE,73465,False,6.569734877929784,False,True,70,True,usable,61–80,True,False,False,False
182854985-028536,FOR,2007,DIGITALP,1947,PO  20Bw  20Mr  20Bf  10Sw  10Mh  10Bd  10,PO,60,NONE,NONE,NONE,73468,False,3.4207021979843337,False,True,60,True,usable,41–60,True,False,False,False
182804985-028122,FOR,2007,DIGITALP,1947,Sw  20Cw  20Bw  20PO  10Mr  10Mh  10He  10,Sw,60,NONE,NONE,NONE,73469,False,4.980614451373131,False,True,60,True,usable,41–60,True,False,False,False
182804985-026849,OMS,2007,DIGITALP,0,,,0,NONE,NONE,NONE,73470,False,5.326643627607631,False,False,0,False,not_FOR,Excluded / non-forest,False,False,False,False
182804985-030144,FOR,2007,DIGITALP,1937,Sw  30Bf  20Bw  20Sb  10Cw  10He  10,Sw,70,NONE,NONE,NONE,73471,False,9.078212340499798,False,True,70,True,usable,61–80,True,False,False,False
182804985-134119,UCL,2007,DIGITALP,0,,,0,NONE,NONE,NONE,73472,False,8.40074058143968,False,False,0,False,not_FOR,Excluded / non-forest,False,False,False,False
828989004,OMS,2007,DIGITALP,0,,,0,NONE,NONE,NONE,73475,False,3.220829199403678,False,False,0,False,not_FOR,Excluded / non-forest,False,False,False,False
828989037,WAT,2007,DIGITALA,0,,,0,NONE,NONE,NONE,73476,False,1.8069561329169366,False,False,0,False,not_FOR,Excluded / non-forest,False,False,False,False
182804985-028120,FOR,2007,DIGITALP,1937,Sw  20Bw  20Mr  20Bf  20PO  10Mh  10,Sw,70,NONE,NONE,NONE,73478,False,9.489456077747509,False,True,70,True,usable,61–80,True,False,False,False
182804985-024157,FOR,2007,DIGITALP,2002,Pr 100,Pr,5,NONE,NONE,NONE,73479,False,2.536133616517597,False,True,5,True,usable,1–20,False,False,False,False
182804985-120053,WAT,2007,DIGITALA,0,,,0,NONE,NONE,NONE,73481,False,0.0391551163957504,False,False,0,False,not_FOR,Excluded / non-forest,False,False,False,False
182804985-026790,FOR,2007,DIGITALP,1927,Mh  20Bw  20Mr  20PO  20Sw  10By  10,Mh,80,NONE,NONE,NONE,73483,False,16.21236993507667,False,True,80,True,usable,61–80,True,True,False,False
828989036,OMS,2007,DIGITALP,0,,,0,NONE,NONE,NONE,73485,False,0.8441036940138461,False,False,0,False,not_FOR,Excluded / non-forest,False,False,False,False
182804985-026724,DAL,2007,DIGITALP,0,,,0,NONE,NONE,NONE,73488,False,2.8930645673884543,False,False,0,False,not_FOR,Excluded / non-forest,False,False,False,False
182804985-028081,FOR,2007,DIGITALP,1937,PO  40Bw  30Sw  10Bf  10Pr  10,PO,70,NONE,NONE,NONE,73490,False,16.17024505284676,False,True,70,True,usable,61–80,True,False,False,False
182804985-138907,UCL,2007,DIGITALP,0,,,0,NONE,NONE,NONE,73491,False,9.471581658478518,False,False,0,False,not_FOR,Excluded / non-forest,False,False,False,False
182804985-027687,FOR,2007,DIGITALP,1937,Sw  20Bw  20Bf  20Mr  10PO  10Mh  10By  10,Sw,70,NONE,NONE,NONE,73492,False,37.108773801626036,False,True,70,True,usable,61–80,True,False,False,False
182804985-027291,OMS,2007,DIGITALP,0,,,0,NONE,NONE,NONE,73493,False,1.7279130268505916,False,False,0,False,not_FOR,Excluded / non-forest,False,False,False,False
182804985-026789,FOR,2007,DIGITALP,1927,Mh  20Bw  20Mr  20Sw  10PO  10By  10He  10,Mh,80,NONE,NONE,NONE,73495,False,10.909712579576325,False,True,80,True,usable,61–80,True,True,False,False
182804985-028347,FOR,2007,DIGITALP,1927,PO  20Bw  20Mh  20Mr  10He  10Bf  10Sw  10,PO,80,NONE,NONE,NONE,73496,False,9.89314281684667,False,True,80,True,usable,61–80,True,True,False,False
828989046,WAT,2007,DIGITALA,0,,,0,NONE,NONE,NONE,73497,False,0.4887469661844141,False,False,0,False,not_FOR,Excluded / non-forest,False,False,False,False
182804985-138505,UCL,2007,DIGITALP,0,,,0,NONE,NONE,NONE,73501,False,1.4993727700558954,False,False,0,False,not_FOR,Excluded / non-forest,False,False,False,False
182804985-027169,OMS,2007,DIGITALP,0,,,0,NONE,NONE,NONE,73503,False,1.7145337857197949,False,False,0,False,not_FOR,Excluded / non-forest,False,False,False,False
182804985-028079,FOR,2007,DIGITALP,2002,Pr 100,Pr,5,NONE,NONE,NONE,73504,False,7.1921724699452865,False,True,5,True,usable,1–20,False,False,False,False
828989043,WAT,2007,DIGITALA,0,,,0,NONE,NONE,NONE,73505,False,0.3693428755814065,False,False,0,False,not_FOR,Excluded / non-forest,False,False,False,False
182804985-027737,FOR,2007,DIGITALP,1937,PO  20Bw  20Sw  20Bf  20Mr  10He  10,PO,70,NONE,NONE,NONE,73506,False,6.420122107897355,False,True,70,True,usable,61–80,True,False,False,False
182804985-028348,FOR,2007,DIGITALP,1999,Pr 100,Pr,8,NONE,NONE,NONE,73507,False,1.4839733111710118,False,True,8,True,usable,1–20,False,False,False,False
828989040,WAT,2007,DIGITALA,0,,,0,NONE,NONE,NONE,73508,False,0.15993009045318485,False,False,0,False,not_FOR,Excluded / non-forest,False,False,False,False
182804985-028080,GRS,2007,DIGITALP,0,,,0,NONE,NONE,NONE,73511,False,2.7168883617217565,False,False,0,False,not_FOR,Excluded / non-forest,False,False,False,False
182804985-027775,FOR,2007,DIGITALP,1927,Mh  20Mr  20Sw  10Bd  10PO  10Bw  10He  10By  10,Mh,80,NONE,NONE,NONE,73513,False,29.92517245924031,False,True,80,True,usable,61–80,True,True,False,False
182804985-022717,OMS,2007,DIGITALP,0,,,0,NONE,NONE,NONE,73517,False,3.413768204816545,False,False,0,False,not_FOR,Excluded / non-forest,False,False,False,False
828989093,FOR,2007,DIGITALP,1907,Pw  80Pr  20,Pw,100,NONE,NONE,NONE,73518,False,8.762971458353409,False,True,100,True,usable,81–100,True,True,True,True
828989041,WAT,2007,DIGITALA,0,,,0,NONE,NONE,NONE,73519,False,0.25428063821987573,False,False,0,False,not_FOR,Excluded / non-forest,False,False,False,False
182804985-028289,FOR,2007,DIGITALP,1937,PO  50Bw  20Bf  10Mr  10Sw  10,PO,70,NONE,NONE,NONE,73520,False,13.76803530202256,False,True,70,True,usable,61–80,True,False,False,False
828989039,WAT,2007,DIGITALA,0,,,0,NONE,NONE,NONE,73521,False,0.8359430227357209,False,False,0,False,not_FOR,Excluded / non-forest,False,False,False,False
182804985-027774,GRS,2007,DIGITALP,0,,,0,NONE,NONE,NONE,73523,False,2.7040194386259384,False,False,0,False,not_FOR,Excluded / non-forest,False,False,False,False
182804985-022773,OMS,2007,DIGITALP,0,,,0,NONE,NONE,NONE,73526,False,0.7965581663831406,False,False,0,False,not_FOR,Excluded / non-forest,False,False,False,False
182804985-138910,UCL,2007,DIGITALP,0,,,0,NONE,NONE,NONE,73527,False,6.048636316530886,False,False,0,False,not_FOR,Excluded / non-forest,False,False,False,False
182804985-024158,DAL,2007,DIGITALP,0,,,0,NONE,NONE,NONE,73528,False,17.132021592457736,False,False,0,False,not_FOR,Excluded / non-forest,False,False,False,False
182804985-023039,FOR,2007,DIGITALP,1937,Bw  40Mh  20Sw  10Bf  10Bd  10Mr  10,Bw,70,NONE,NONE,NONE,73529,False,3.110582957187652,False,True,70,True,usable,61–80,True,False,False,False
182804985-026053,FOR,2007,DIGITALP,1957,Cw  30Sw  30Bw  20Ab  10He  10,Cw,50,NONE,NONE,NONE,73531,False,15.761400510651281,False,True,50,True,usable,41–60,False,False,False,False
182804985-023060,FOR,2007,DIGITALP,1999,Pr 100,Pr,8,NONE,NONE,NONE,73537,False,1.4011938456801756,False,True,8,True,usable,1–20,False,False,False,False
182804985-022936,GRS,2007,DIGITALP,0,,,0,NONE,NONE,NONE,73538,False,1.9435298635884763,False,False,0,False,not_FOR,Excluded / non-forest,False,False,False,False
182804985-026054,FOR,2007,DIGITALP,1937,Cw  30Sw  20Bw  20Mr  10He  10Bf  10,Cw,70,NONE,NONE,NONE,73540,False,10.497100595916326,False,True,70,True,usable,61–80,True,False,False,False
182804985-022823,FOR,2007,DIGITALP,1947,Cw  60Bw  10PO  10Sb  10Bf  10,Cw,60,NONE,NONE,NONE,73541,False,11.792911231569304,False,True,60,True,usable,41–60,True,False,False,False
182804985-022937,FOR,2007,DIGITALP,1937,Bw  20Sw  20PO  20Bf  10Cw  10Mr  10Cb  10,Bw,70,NONE,NONE,NONE,73542,False,9.47562862004179,False,True,70,True,usable,61–80,True,False,False,False
828989095,FOR,2007,DIGITALP,1937,Pt  60Sw  20Pw  10Bw  10,Pt,70,NONE,NONE,NONE,73543,False,6.350625472482329,False,True,70,True,usable,61–80,True,False,False,False
182804985-022742,FOR,2007,DIGITALP,1937,PO  40Bw  30Sw  20Bf  10,PO,70,NONE,NONE,NONE,73546,False,16.07211901523898,False,True,70,True,usable,61–80,True,False,False,False
182804985-026051,TMS,2007,DIGITALP,0,,,0,NONE,NONE,NONE,73547,False,0.7314859832926917,False,False,0,False,not_FOR,Excluded / non-forest,False,False,False,False
182804985-022755,FOR,2007,DIGITALP,1917,Mh  40Mr  30Sw  10Bw  10PO  10,Mh,90,NONE,NONE,NONE,73550,False,24.348698614866457,False,True,90,True,usable,81–100,True,True,True,False
182804985-024384,FOR,2007,DIGITALP,1937,Sw  30Bw  20PO  20Bf  20Mr  10,Sw,70,NONE,NONE,NONE,73553,False,58.566499678951395,False,True,70,True,usable,61–80,True,False,False,False
182804985-134129,UCL,2007,DIGITALP,0,,,0,NONE,NONE,NONE,73556,False,4.268914113193423,False,False,0,False,not_FOR,Excluded / non-forest,False,False,False,False
182804985-024650,FOR,2007,DIGITALP,1947,Bf  30Sw  20Bw  20Sb  10He  10PO  10,Bf,60,NONE,NONE,NONE,73557,False,16.60887547574581,False,True,60,True,usable,41–60,True,False,False,False
182804985-023355,GRS,2007,DIGITALP,0,,,0,NONE,NONE,NONE,73558,False,8.592384340346856,False,False,0,False,not_FOR,Excluded / non-forest,False,False,False,False
828989098,FOR,2007,DIGITALP,1937,Pw  60Sw  20Pr  10Bw  10,Pw,70,NONE,NONE,NONE,73560,False,7.18861185923105,False,True,70,True,usable,61–80,True,False,False,False
182804985-024636,FOR,2007,DIGITALP,1917,Mh  50Mr  20Bd  10Aw  10PO  10,Mh,90,NONE,NONE,NONE,73561,False,15.38119690499888,False,True,90,True,usable,81–100,True,True,True,False
182804985-023040,DAL,2007,DIGITALP,0,,,0,NONE,NONE,NONE,73567,False,19.954258202465862,False,False,0,False,not_FOR,Excluded / non-forest,False,False,False,False
182804985-026050,FOR,2007,DIGITALP,1977,Bw  30PO  20Sw  20Bf  20He  10,Bw,30,NONE,NONE,NONE,73569,False,7.437483759450679,False,True,30,True,usable,21–40,False,False,False,False
182804985-023188,FOR,2007,DIGITALP,2006,Cw  60Sb  20Bf  10Sw  10,Cw,1,NONE,NONE,NONE,73570,False,1.2199730419814425,False,True,1,True,usable,1–20,False,False,False,False
182804985-026037,FOR,2007,DIGITALP,1937,Cw  60Bf  20Sb  10Sw  10,Cw,70,NONE,NONE,NONE,73573,False,6.234424413502717,False,True,70,True,usable,61–80,True,False,False,False
182804985-024649,FOR,2007,DIGITALP,1917,Mh  50Mr  30Bd  10Aw  10,Mh,90,NONE,NONE,NONE,73574,False,14.611456255030813,False,True,90,True,usable,81–100,True,True,True,False
182804985-022754,GRS,2007,DIGITALP,0,,,0,NONE,NONE,NONE,73578,False,3.9161655540411435,False,False,0,False,not_FOR,Excluded / non-forest,False,False,False,False
182804985-023006,FOR,2007,DIGITALP,1917,Ab  90Sw  10,Ab,90,NONE,NONE,NONE,73579,False,5.338226899238814,False,True,90,True,usable,81–100,True,True,True,False
182804985-023189,FOR,2007,DIGITALP,1947,Ab  50Cw  20Sb  10Sw  10La  10,Ab,60,NONE,NONE,NONE,73580,False,11.514095788265447,False,True,60,True,usable,41–60,True,False,False,False
182804985-134130,UCL,2007,DIGITALP,0,,,0,NONE,NONE,NONE,73583,False,1.965964473170592,False,False,0,False,not_FOR,Excluded / non-forest,False,False,False,False
182804985-023049,FOR,2007,DIGITALP,1937,PO  30Bw  20Bf  20Sw  20He  10,PO,70,NONE,NONE,NONE,73584,False,11.284576438157856,False,True,70,True,usable,61–80,True,False,False,False
182804985-024295,OMS,2007,DIGITALP,0,,,0,NONE,NONE,NONE,73585,False,1.5478908331571108,False,False,0,False,not_FOR,Excluded / non-forest,False,False,False,False
182804985-026036,FOR,2007,DIGITALP,1937,Cw  60Bf  20Sb  10Sw  10,Cw,70,NONE,NONE,NONE,73588,False,2.046110758847525,False,True,70,True,usable,61–80,True,False,False,False
182804985-026038,OMS,2007,DIGITALP,0,,,0,NONE,NONE,NONE,73589,False,0.14227690334779944,False,False,0,False,not_FOR,Excluded / non-forest,False,False,False,False
182804985-022939,FOR,2007,DIGITALP,1937,Cw  30Sw  20Ab  20Bw  10Bf  10La  10,Cw,70,NONE,NONE,NONE,73590,False,3.495815313564011,False,True,70,True,usable,61–80,True,False,False,False
182804985-023054,FOR,2007,DIGITALP,1927,Sw  20Mr  20Bw  10By  10He  10Mh  10Bf  10PO  10,Sw,80,NONE,NONE,NONE,73593,False,13.677951957518442,False,True,80,True,usable,61–80,True,True,False,False
182804985-022938,OMS,2007,DIGITALP,0,,,0,NONE,NONE,NONE,73594,False,4.961312002203277,False,False,0,False,not_FOR,Excluded / non-forest,False,False,False,False
182804985-023345,FOR,2007,DIGITALP,1937,PO  20Bw  20Sw  20Ab  10Pw  10Cw  10Bf  10,PO,70,NONE,NONE,NONE,73595,False,9.408380559547107,False,True,70,True,usable,61–80,True,False,False,False
182804985-023168,FOR,2007,DIGITALP,1937,Bw  20Sw  20Mr  20Pw  10Cw  10Bf  10PO  10,Bw,70,NONE,NONE,NONE,73597,False,2.9644350300186497,False,True,70,True,usable,61–80,True,False,False,False
182804985-023319,FOR,2007,DIGITALP,2006,Cw  60Bf  20Sb  10Sw  10,Cw,1,NONE,NONE,NONE,73598,False,0.9908891130349224,False,True,1,True,usable,1–20,False,False,False,False
182804985-134131,UCL,2007,DIGITALP,0,,,0,NONE,NONE,NONE,73600,False,1.0720008834712111,False,False,0,False,not_FOR,Excluded / non-forest,False,False,False,False
182804985-024651,FOR,2007,DIGITALP,1927,PO  30Bw  20Sw  20Pw  10Cw  10Bf  10,PO,80,NONE,NONE,NONE,73601,False,10.269409799976703,False,True,80,True,usable,61–80,True,True,False,False
182804985-026055,FOR,2007,DIGITALP,1927,Ab  70Cw  20Sw  10,Ab,80,WETT,NONE,NONE,73602,False,3.5386111683969546,False,True,80,True,usable,61–80,True,True,False,False
182804985-022942,FOR,2007,DIGITALP,2006,Cw  60Sb  20Bf  10Sw  10,Cw,1,NONE,NONE,NONE,73603,False,1.9730866345280773,False,True,1,True,usable,1–20,False,False,False,False
182804985-026039,OMS,2007,DIGITALP,0,,,0,NONE,NONE,NONE,73606,False,0.20531080236363342,False,False,0,False,not_FOR,Excluded / non-forest,False,False,False,False
182804985-026040,OMS,2007,DIGITALP,0,,,0,NONE,NONE,NONE,73607,False,0.419367038318902,False,False,0,False,not_FOR,Excluded / non-forest,False,False,False,False
182804985-026057,FOR,2007,DIGITALP,1937,Bf  40Sw  30Sb  10Bw  10He  10,Bf,70,NONE,NONE,NONE,73610,False,2.436800888139455,False,True,70,True,usable,61–80,True,False,False,False
182804985-134133,UCL,2007,DIGITALP,0,,,0,NONE,NONE,NONE,73611,False,2.606736356232775,False,False,0,False,not_FOR,Excluded / non-forest,False,False,False,False
182804985-134134,UCL,2007,DIGITALP,0,,,0,NONE,NONE,NONE,73615,False,1.7047895730043157,False,False,0,False,not_FOR,Excluded / non-forest,False,False,False,False
182804985-022941,FOR,2007,DIGITALP,1937,Bw  20Sw  20Bf  20Mh  10PO  10Mr  10Cw  10,Bw,70,NONE,NONE,NONE,73616,False,12.714062979001353,False,True,70,True,usable,61–80,True,False,False,False
182854985-024635,FOR,2007,DIGITALP,1947,PO  20Bw  20Sw  20Bf  10He  10Pw  10Mr  10,PO,60,NONE,NONE,NONE,73617,False,4.3389960350896475,False,True,60,True,usable,41–60,True,False,False,False
182804985-023055,FOR,2007,DIGITALP,1937,Bf  40Sw  30Sb  10Bw  10He  10,Bf,70,NONE,NONE,NONE,73620,False,3.419737502424514,False,True,70,True,usable,61–80,True,False,False,False
182804985-134137,UCL,2007,DIGITALP,0,,,0,NONE,NONE,NONE,73624,False,1.5077942969059137,False,False,0,False,not_FOR,Excluded / non-forest,False,False,False,False
182804990-026044,OMS,2007,DIGITALP,0,,,0,NONE,NONE,NONE,74704,False,0.21077140983762138,False,False,0,False,not_FOR,Excluded / non-forest,False,False,False,False
182804990-026043,OMS,2007,DIGITALP,0,,,0,NONE,NONE,NONE,74705,False,0.14533866343464136,False,False,0,False,not_FOR,Excluded / non-forest,False,False,False,False
182804990-026042,OMS,2007,DIGITALP,0,,,0,NONE,NONE,NONE,74706,False,0.7746608550344402,False,False,0,False,not_FOR,Excluded / non-forest,False,False,False,False
182804990-024548,FOR,2007,DIGITALP,1937,Sw  40Bf  20Cw  20PO  10Bw  10,Sw,70,NONE,NONE,NONE,74707,False,3.1669095094822746,False,True,70,True,usable,61–80,True,False,False,False
182804990-026045,OMS,2007,DIGITALP,0,,,0,NONE,NONE,NONE,74708,False,0.2556372812895962,False,False,0,False,not_FOR,Excluded / non-forest,False,False,False,False
182804990-026048,OMS,2007,DIGITALP,0,,,0,NONE,NONE,NONE,74709,False,0.2954071856893954,False,False,0,False,not_FOR,Excluded / non-forest,False,False,False,False
182804990-022572,OMS,2007,DIGITALP,0,,,0,NONE,NONE,NONE,74710,False,1.1140926545543688,False,False,0,False,not_FOR,Excluded / non-forest,False,False,False,False
182804990-023434,FOR,2007,DIGITALP,1967,Ab  60Cw  20Sw  10La  10,Ab,40,NONE,NONE,NONE,74711,False,2.0352796975222134,False,True,40,True,usable,21–40,False,False,False,False
182804990-023193,OMS,2007,DIGITALP,0,,,0,NONE,NONE,NONE,74713,False,0.36906431469157996,False,False,0,False,not_FOR,Excluded / non-forest,False,False,False,False
182804990-024549,FOR,2007,DIGITALP,1907,Mh  70Mr  20Bd  10,Mh,100,NONE,NONE,NONE,74714,False,9.283086468597984,False,True,100,True,usable,81–100,True,True,True,True
182804990-134146,UCL,2007,DIGITALP,0,,,0,NONE,NONE,NONE,74715,False,3.238776540019926,False,False,0,False,not_FOR,Excluded / non-forest,False,False,False,False
182804990-023169,FOR,2007,DIGITALP,1937,Bw  30Bf  20Sw  20PO  10Ab  10Cw  10,Bw,70,NONE,NONE,NONE,74716,False,6.180976363388078,False,True,70,True,usable,61–80,True,False,False,False
182804990-024646,FOR,2007,DIGITALP,1937,Sw  30Bf  20Bw  20PO  10He  10Pw  10,Sw,70,NONE,NONE,NONE,74717,False,4.785053718248978,False,True,70,True,usable,61–80,True,False,False,False
182804990-024558,OMS,2007,DIGITALP,0,,,0,NONE,NONE,NONE,74718,False,6.8940073066780245,False,False,0,False,not_FOR,Excluded / non-forest,False,False,False,False
182804990-024645,BSH,2007,DIGITALP,0,,,0,NONE,NONE,NONE,74719,False,1.729509425763466,False,False,0,False,not_FOR,Excluded / non-forest,False,False,False,False
182804990-024711,FOR,2007,DIGITALP,1927,Sw  20Bf  20He  10PO  10Bw  10Mh  10Mr  10Pt  10,Sw,80,NONE,NONE,NONE,74720,False,8.793004396385639,False,True,80,True,usable,61–80,True,True,False,False
182804990-023364,OMS,2007,DIGITALP,0,,,0,NONE,NONE,NONE,74721,False,1.1082861337722967,False,False,0,False,not_FOR,Excluded / non-forest,False,False,False,False
182804990-024550,FOR,2007,DIGITALP,1917,PO  40Bw  20Bf  20Sw  10Pw  10,PO,90,NONE,NONE,NONE,74722,False,17.978138190584577,False,True,90,True,usable,81–100,True,True,True,False
182804990-024689,FOR,2007,DIGITALP,1927,Sw  40Bf  20Sb  10Cw  10Bw  10Pw  10,Sw,80,NONE,NONE,NONE,74723,False,7.962123461871157,False,True,80,True,usable,61–80,True,True,False,False
182804990-024701,FOR,2007,DIGITALP,1917,Cw  30Sw  30Sb  20Bf  20,Cw,90,NONE,NONE,NONE,74724,False,5.123269614021756,False,True,90,True,usable,81–100,True,True,True,False
182804990-026046,FOR,2007,DIGITALP,1887,Cw  40Sb  30Bf  20La  10,Cw,120,WETT,NONE,NONE,74725,False,2.782875935788527,False,True,120,True,usable,101–150,True,True,True,True
182804990-024687,BSH,2007,DIGITALP,0,,,0,NONE,NONE,NONE,74727,False,4.616661363895975,False,False,0,False,not_FOR,Excluded / non-forest,False,False,False,False
182804990-024556,GRS,2007,DIGITALP,0,,,0,NONE,NONE,NONE,74728,False,3.8098019268223964,False,False,0,False,not_FOR,Excluded / non-forest,False,False,False,False
182804990-024647,FOR,2007,DIGITALP,1977,Bf  40Sw  30Bw  20He  10,Bf,30,NONE,NONE,NONE,74729,False,6.162330548638292,False,True,30,True,usable,21–40,False,False,False,False
182804990-024703,DAL,2007,DIGITALP,0,,,0,NONE,NONE,NONE,74731,False,7.814950775736141,False,False,0,False,not_FOR,Excluded / non-forest,False,False,False,False
182804990-024704,FOR,2007,DIGITALP,1987,Pr 100,Pr,20,NONE,NONE,NONE,74733,False,8.648777530863159,False,True,20,True,usable,1–20,False,False,False,False
182804990-024643,FOR,2007,DIGITALP,1927,Bw  30Bf  20PO  20Sw  20Ab  10,Bw,80,NONE,NONE,NONE,74736,False,0.8307101580209021,False,True,80,True,usable,61–80,True,True,False,False
182804990-024555,FOR,2007,DIGITALP,1897,Mh  70Mr  10PO  10Bd  10,Mh,110,NONE,NONE,NONE,74737,False,6.217000678451725,False,True,110,True,usable,101–150,True,True,True,True
182804990-026047,FOR,2007,DIGITALP,1887,Cw  40Sb  30Bf  20La  10,Cw,120,WETT,NONE,NONE,74739,False,1.350308758536049,False,True,120,True,usable,101–150,True,True,True,True
182804990-024644,FOR,2007,DIGITALP,1937,PO  30Bf  20Sw  20Bw  20He  10,PO,70,NONE,NONE,NONE,74741,False,8.20981802848896,False,True,70,True,usable,61–80,True,False,False,False
182804990-026049,OMS,2007,DIGITALP,0,,,0,NONE,NONE,NONE,74742,False,0.745527872087236,False,False,0,False,not_FOR,Excluded / non-forest,False,False,False,False
182804990-023525,GRS,2007,DIGITALP,0,,,0,NONE,NONE,NONE,74743,False,3.515688972133149,False,False,0,False,not_FOR,Excluded / non-forest,False,False,False,False
182804990-024702,FOR,2007,DIGITALP,1937,Sw  30PO  20Bw  20Pw  10Bf  10Mr  10,Sw,70,NONE,NONE,NONE,74744,False,6.1410391712659305,False,True,70,True,usable,61–80,True,False,False,False
182804990-024642,FOR,2007,DIGITALP,1927,Mr  20Bw  20PO  10Mh  10Sw  10Cw  10Be  10Bf  10,Mr,80,NONE,NONE,NONE,74747,False,4.681886569951063,False,True,80,True,usable,61–80,True,True,False,False
182804990-026465,FOR,2007,DIGITALP,1937,PO  30Bw  20Sw  20Cw  10Sb  10Bf  10,PO,70,NONE,NONE,NONE,74748,False,10.910343950650143,False,True,70,True,usable,61–80,True,False,False,False
182804990-023361,FOR,2007,DIGITALP,1957,Sw  40Bf  40Bw  10He  10,Sw,50,NONE,NONE,NONE,74752,False,9.919486749604978,False,True,50,True,usable,41–60,False,False,False,False
182804990-024688,FOR,2007,DIGITALP,1957,Cw  60Sb  20Bf  10Ab  10,Cw,50,WETT,NONE,NONE,74753,False,6.410167179231834,False,True,50,True,usable,41–60,False,False,False,False
182804990-024557,FOR,2007,DIGITALP,1967,Bw  30Mr  20PO  20Bf  10Sw  10He  10,Bw,40,NONE,NONE,NONE,74755,False,15.542916589134327,False,True,40,True,usable,21–40,False,False,False,False
828999005,OMS,2007,DIGITALP,0,,,0,NONE,NONE,NONE,74762,False,9.271452110737641,False,False,0,False,not_FOR,Excluded / non-forest,False,False,False,False
182804990-024297,FOR,2007,DIGITALP,1957,Bw  20PO  20Bf  20Sw  20Ab  10Cw  10,Bw,50,NONE,NONE,NONE,74764,False,63.511780713974964,False,True,50,True,usable,41–60,False,False,False,False
182804990-024311,GRS,2007,DIGITALP,0,,,0,NONE,NONE,NONE,74766,False,5.020209412290732,False,False,0,False,not_FOR,Excluded / non-forest,False,False,False,False
828999044,FOR,2007,DIGITALP,1947,Bf  50Pw  30Pl  10Sw  10,Bf,60,NONE,NONE,NONE,74767,False,4.921760927595007,False,True,60,True,usable,41–60,True,False,False,False
182804990-024243,FOR,2007,DIGITALP,1887,Cw  60Bf  20Sb  20,Cw,120,WETT,NONE,NONE,74768,False,41.49564943315754,False,True,120,True,usable,101–150,True,True,True,True
182804990-023452,OMS,2007,DIGITALP,0,,,0,NONE,NONE,NONE,74770,False,3.362903856055764,False,False,0,False,not_FOR,Excluded / non-forest,False,False,False,False
182804990-024690,FOR,2007,DIGITALP,1927,Cw  60Sb  20Bf  10Ab  10,Cw,80,WETT,NONE,NONE,74771,False,26.889772182168528,False,True,80,True,usable,61–80,True,True,False,False
828999046,FOR,2007,DIGITALP,1937,Sw  30Pw  20Pl  20Bw  10Cw  10Bf  10,Sw,70,NONE,NONE,NONE,74772,False,10.400876017141414,False,True,70,True,usable,61–80,True,False,False,False
182804990-024254,FOR,2007,DIGITALP,1997,Pr 100,Pr,10,NONE,NONE,NONE,74773,False,4.866971468149214,False,True,10,True,usable,1–20,False,False,False,False
182804990-024239,FOR,2007,DIGITALP,1917,PO  80Bw  10Sw  10,PO,90,NONE,NONE,NONE,74774,False,5.11486746721035,False,True,90,True,usable,81–100,True,True,True,False
182804990-026466,FOR,2007,DIGITALP,1937,Bw  30PO  20Sw  10Bf  10Mh  10Pw  10Mr  10,Bw,70,NONE,NONE,NONE,74776,False,22.653352223715412,False,True,70,True,usable,61–80,True,False,False,False
182804990-024309,FOR,2007,DIGITALP,1972,Pr  90Sw  10,Pr,35,NONE,NONE,NONE,74777,False,13.666713218058547,False,True,35,True,usable,21–40,False,False,False,False
182804990-024250,FOR,2007,DIGITALP,1989,Pr 100,Pr,18,NONE,NONE,NONE,74778,False,1.634868712454253,False,True,18,True,usable,1–20,False,False,False,False
182804990-023526,FOR,2007,DIGITALP,1917,Mh  30Mr  20PO  20Aw  10Sw  10Bd  10,Mh,90,NONE,NONE,NONE,74780,False,13.63610409006957,False,True,90,True,usable,81–100,True,True,True,False
182804990-024308,GRS,2007,DIGITALP,0,,,0,NONE,NONE,NONE,74782,False,4.630340139140078,False,False,0,False,not_FOR,Excluded / non-forest,False,False,False,False
182804990-134172,UCL,2007,DIGITALP,0,,,0,NONE,NONE,NONE,74786,False,2.7114963881373475,False,False,0,False,not_FOR,Excluded / non-forest,False,False,False,False
182804990-024310,FOR,2007,DIGITALP,1937,Bw  30PO  20Sw  20Bf  10Mh  10Pr  10,Bw,70,NONE,NONE,NONE,74789,False,17.275677771285586,False,True,70,True,usable,61–80,True,False,False,False
182804990-024303,FOR,2007,DIGITALP,1897,Mh  90PO  10,Mh,110,NONE,NONE,NONE,74790,False,3.6815958216347235,False,True,110,True,usable,101–150,True,True,True,True
182804990-023209,OMS,2007,DIGITALP,0,,,0,NONE,NONE,NONE,74793,False,2.782649339775344,False,False,0,False,not_FOR,Excluded / non-forest,False,False,False,False
182804990-023362,FOR,2007,DIGITALP,1947,PO  50Bw  20Pw  20Sw  10,PO,60,NONE,NONE,NONE,74795,False,11.273093658900407,False,True,60,True,usable,41–60,True,False,False,False
182804990-023331,BSH,2007,DIGITALP,0,,,0,NONE,NONE,NONE,74796,False,9.314211294778396,False,False,0,False,not_FOR,Excluded / non-forest,False,False,False,False
182804990-024238,DAL,2007,DIGITALP,0,,,0,NONE,NONE,NONE,74797,False,16.38879206396329,False,False,0,False,not_FOR,Excluded / non-forest,False,False,False,False
182804990-025948,FOR,2007,DIGITALP,1967,Bw  30Mr  20PO  20Bf  10Sw  10He  10,Bw,40,NONE,NONE,NONE,74799,False,1.9337245776402152,False,True,40,True,usable,21–40,False,False,False,False
182804990-024306,FOR,2007,DIGITALP,1917,Sw  30Mh  20PO  10Bw  10Mr  10By  10Bf  10,Sw,90,NONE,NONE,NONE,74800,False,10.473465350997825,False,True,90,True,usable,81–100,True,True,True,False
182804990-024234,FOR,2007,DIGITALP,1937,Cw  40Bf  20Bw  10Sb  10La  10PO  10,Cw,70,NONE,NONE,NONE,74801,False,2.2956171224446353,False,True,70,True,usable,61–80,True,False,False,False
182804990-024305,FOR,2007,DIGITALP,1937,Bf  20Sw  10By  10PO  10Bw  10Mr  10Ms  10Aw  10Cb  10,Bf,70,NONE,NONE,NONE,74802,False,3.5166479313889156,False,True,70,True,usable,61–80,True,False,False,False
182804990-024237,FOR,2007,DIGITALP,1917,PO  20Mh  20Mr  20Pw  10Bw  10Sw  10By  10,PO,90,NONE,NONE,NONE,74803,False,7.820132848382331,False,True,90,True,usable,81–100,True,True,True,False
182804990-025954,FOR,2007,DIGITALP,1937,Ab  30Cw  30Sb  20Bw  10Sw  10,Ab,70,WETT,NONE,NONE,74806,False,6.347890602974822,False,True,70,True,usable,61–80,True,False,False,False
182804990-024255,FOR,2007,DIGITALP,1967,Pr 100,Pr,40,NONE,NONE,NONE,74807,False,2.6923705155470534,False,True,40,True,usable,21–40,False,False,False,False
828999050,FOR,2007,DIGITALP,1957,Pw  60Pl  20Pr  10Bw  10,Pw,50,NONE,NONE,NONE,74808,False,24.281630069566233,False,True,50,True,usable,41–60,False,False,False,False
182804990-025959,FOR,2007,DIGITALP,1887,Cw  40Sb  30Bf  20La  10,Cw,120,WETT,NONE,NONE,74809,False,5.405426570934118,False,True,120,True,usable,101–150,True,True,True,True
182804990-023505,FOR,2007,DIGITALP,1917,PO  30Mr  20Ms  10Cw  10Sw  10Ew  10Bf  10,PO,90,NONE,NONE,NONE,74810,False,4.685857311040724,False,True,90,True,usable,81–100,True,True,True,False
182804990-024256,FOR,2007,DIGITALP,1927,Mh  40Mr  20Bw  10Bd  10PO  10Cb  10,Mh,80,NONE,NONE,NONE,74813,False,14.554627736098395,False,True,80,True,usable,61–80,True,True,False,False
828999051,FOR,2007,DIGITALP,1907,Pw  70Bw  20Pl  10,Pw,100,NONE,NONE,NONE,74814,False,14.91226333470497,False,True,100,True,usable,81–100,True,True,True,True
182804990-024246,FOR,2007,DIGITALP,2003,Pr  50Bw  50,Pr,4,NONE,NONE,NONE,74815,False,1.8015292411047161,False,True,4,True,usable,1–20,False,False,False,False
182804990-134181,UCL,2007,DIGITALP,0,,,0,NONE,NONE,NONE,74818,False,5.560525002477968,False,False,0,False,not_FOR,Excluded / non-forest,False,False,False,False
182804990-024302,FOR,2007,DIGITALP,1989,Pr  80Sw  10Bw  10,Pr,18,NONE,NONE,NONE,74821,False,22.36497101536115,False,True,18,True,usable,1–20,False,False,False,False
828999052,FOR,2007,DIGITALP,1917,Pw  30Pt  20Bw  20Bf  10Sw  10Mr  10,Pw,90,NONE,NONE,NONE,74822,False,6.898802005724226,False,True,90,True,usable,81–100,True,True,True,False
182804990-024301,BSH,2007,DIGITALP,0,,,0,NONE,NONE,NONE,74823,False,2.934701992261732,False,False,0,False,not_FOR,Excluded / non-forest,False,False,False,False
182804990-024307,FOR,2007,DIGITALP,1927,Ms  20Mr  10Pb  10Cw  10Sw  10Ew  10Bf  10By  10Cb  10,Ms,80,NONE,NONE,NONE,74824,False,10.801894413950098,False,True,80,True,usable,61–80,True,True,False,False
182804990-023298,FOR,2007,DIGITALP,1987,Bw  50PO  30Bf  10Sw  10,Bw,20,NONE,NONE,NONE,74825,False,16.519886636555242,False,True,20,True,usable,1–20,False,False,False,False
182804990-024304,FOR,2007,DIGITALP,1927,Ms  30Mr  10Pb  10Cw  10Sw  10Ew  10Bf  10By  10,Ms,80,NONE,NONE,NONE,74826,False,5.0926028007774224,False,True,80,True,usable,61–80,True,True,False,False
182804990-025952,FOR,2007,DIGITALP,1947,Bw  20He  20PO  20Pr  10Mr  10Sw  10Bd  10,Bw,60,NONE,NONE,NONE,74828,False,7.053195511344033,False,True,60,True,usable,41–60,True,False,False,False
182804990-023296,FOR,2007,DIGITALP,1927,Ab  90Cw  10,Ab,80,NONE,NONE,NONE,74830,False,6.797889210396616,False,True,80,True,usable,61–80,True,True,False,False
182804990-134182,UCL,2007,DIGITALP,0,,,0,NONE,NONE,NONE,74831,False,3.6618360188209276,False,False,0,False,not_FOR,Excluded / non-forest,False,False,False,False
182854990-024236,FOR,2007,DIGITALP,1937,PO  20Mr  20Mh  10Pw  10Bw  10Sw  10By  10Aw  10,PO,70,NONE,NONE,NONE,74835,False,5.397870575445606,False,True,70,True,usable,61–80,True,False,False,False
182804990-024247,FOR,2007,DIGITALP,1952,Pr  70Pj  30,Pr,55,NONE,NONE,NONE,74836,False,5.30095298462012,False,True,55,True,usable,41–60,False,False,False,False
182804990-023454,FOR,2007,DIGITALP,1947,Bw  30PO  20Mr  10By  10Sw  10Ms  10Ab  10,Bw,60,NONE,NONE,NONE,74837,False,8.877562239301515,False,True,60,True,usable,41–60,True,False,False,False
182804990-023588,FOR,2007,DIGITALP,1967,Ab  90Cw  10,Ab,40,WETT,NONE,NONE,74839,False,9.252869210554092,False,True,40,True,usable,21–40,False,False,False,False
182804990-024245,FOR,2007,DIGITALP,1947,Bf  50Sw  40Bw  10,Bf,60,NONE,NONE,NONE,74841,False,13.065516134856182,False,True,60,True,usable,41–60,True,False,False,False
182804990-023297,FOR,2007,DIGITALP,1937,Ms  20PO  20Bw  10Bf  10Ab  10Sw  10By  10Aw  10,Ms,70,NONE,NONE,NONE,74844,False,3.6999687163247463,False,True,70,True,usable,61–80,True,False,False,False
182804990-023661,FOR,2007,DIGITALP,1927,Ms  30PO  20Bw  10Bf  10Ab  10Sw  10By  10,Ms,80,NONE,NONE,NONE,74845,False,8.033764607139751,False,True,80,True,usable,61–80,True,True,False,False
182804990-024298,FOR,2007,DIGITALP,1937,PO  70Bw  20Bf  10,PO,70,NONE,NONE,NONE,74848,False,2.6911357861171474,False,True,70,True,usable,61–80,True,False,False,False
182804990-024248,FOR,2007,DIGITALP,1947,Bf  20Bw  20Cw  20Sb  10PO  10Pw  10Sw  10,Bf,60,NONE,NONE,NONE,74850,False,11.463644970459809,False,True,60,True,usable,41–60,True,False,False,False
182804990-024240,FOR,2007,PLOTVAR,1886,Cw  70Bf  10Sw  10Sb  10,Cw,121,NONE,NONE,NONE,74851,False,37.935917327964106,False,True,121,True,usable,101–150,True,True,True,True
182804990-024257,FOR,2007,DIGITALP,1927,PO  40Bw  20Pw  10Sw  10Mr  10He  10,PO,80,NONE,NONE,NONE,74853,False,21.950718419520282,False,True,80,True,usable,61–80,True,True,False,False
182804990-023427,FOR,2007,DIGITALP,1937,Bw  20PO  20Pr  20By  10Sw  10Pw  10He  10,Bw,70,NONE,NONE,NONE,74855,False,6.999890091819536,False,True,70,True,usable,61–80,True,False,False,False
182804990-023589,FOR,2007,DIGITALP,1927,Bf  20Sw  20PO  20Mr  10By  10Cw  10Bw  10,Bf,80,NONE,NONE,NONE,74856,False,4.328663254917852,False,True,80,True,usable,61–80,True,True,False,False
182804990-024270,FOR,2007,DIGITALP,1917,Ms  20PO  20Bw  10Bf  10Ab  10Sw  10By  10Pb  10,Ms,90,NONE,NONE,NONE,74859,False,9.785579987406335,False,True,90,True,usable,81–100,True,True,True,False
182804990-024299,GRS,2007,DIGITALP,0,,,0,NONE,NONE,NONE,74860,False,11.681697417774295,False,False,0,False,not_FOR,Excluded / non-forest,False,False,False,False
182804990-025960,FOR,2007,DIGITALP,1887,Cw  40Sb  30Bf  20La  10,Cw,120,WETT,NONE,NONE,74863,False,7.737911109480164,False,True,120,True,usable,101–150,True,True,True,True
182804990-024251,FOR,2007,DIGITALP,1917,Mh  80Mr  10Be  10,Mh,90,NONE,NONE,NONE,74864,False,8.639518456651285,False,True,90,True,usable,81–100,True,True,True,False
182804990-024258,FOR,2007,DIGITALP,1927,PO  20Bw  20Mr  20Sw  10Pw  10He  10Mh  10,PO,80,NONE,NONE,NONE,74865,False,25.873089567607117,False,True,80,True,usable,61–80,True,True,False,False
182804990-025958,OMS,2007,DIGITALP,0,,,0,NONE,NONE,NONE,74869,False,1.4242552850591466,False,False,0,False,not_FOR,Excluded / non-forest,False,False,False,False
182804990-024242,FOR,2007,DIGITALP,1987,Pr 100,Pr,20,NONE,NONE,NONE,74870,False,3.166347109445931,False,True,20,True,usable,1–20,False,False,False,False
182804990-023590,FOR,2007,DIGITALP,1907,Ms  50Ew  10Ab  10Sw  10By  10Pb  10,Ms,100,NONE,NONE,NONE,74871,False,12.796176752403767,False,True,100,True,usable,81–100,True,True,True,True
182804990-023437,FOR,2007,DIGITALP,1937,Sw  20PO  20Bw  20Mr  10He  10Bf  10Pw  10,Sw,70,NONE,NONE,NONE,74875,False,12.237046615067694,False,True,70,True,usable,61–80,True,False,False,False
182804995-025757,FOR,2007,DIGITALP,1927,Ab  20Cw  20Pb  10Bw  10By  10Bf  10Ms  10Pr  10,Ab,80,NONE,NONE,NONE,74876,False,6.361467078393103,False,True,80,True,usable,61–80,True,True,False,False
828999081,FOR,2007,DIGITALP,1937,Pw  90Pr  10,Pw,70,NONE,NONE,NONE,74878,False,36.858868077043546,False,True,70,True,usable,61–80,True,False,False,False
182804995-025749,FOR,2007,DIGITALP,1927,PO  60Pw  10Sw  10Bw  10Mr  10,PO,80,NONE,NONE,NONE,74880,False,10.707884910638423,False,True,80,True,usable,61–80,True,True,False,False
182804995-025338,FOR,2007,DIGITALP,1937,Mr  20PO  20Bw  20Sw  10Bd  10Pw  10Bf  10,Mr,70,NONE,NONE,NONE,74882,False,48.25335332435503,False,True,70,True,usable,61–80,True,False,False,False
182804995-024097,FOR,2007,DIGITALP,1927,Bd  20Aw  20Mh  20Mr  20PO  10Bw  10,Bd,80,NONE,NONE,NONE,74884,False,9.444933015759133,False,True,80,True,usable,61–80,True,True,False,False
182804995-120428,WAT,2007,DIGITALA,0,,,0,NONE,NONE,NONE,74885,False,1.8891857801648333,False,False,0,False,not_FOR,Excluded / non-forest,False,False,False,False
182804995-014755,FOR,2007,DIGITALP,1937,PO  60Pw  20Bw  10Sw  10,PO,70,NONE,NONE,NONE,74888,False,57.53197674163176,False,True,70,True,usable,61–80,True,False,False,False
828999037,WAT,2007,DIGITALA,0,,,0,NONE,NONE,NONE,74889,False,0.36675613249489586,False,False,0,False,not_FOR,Excluded / non-forest,False,False,False,False
182804995-014682,TMS,2007,DIGITALP,0,,,0,NONE,NONE,NONE,74890,False,16.818474741316464,False,False,0,False,not_FOR,Excluded / non-forest,False,False,False,False
182804995-014739,FOR,2007,DIGITALP,1907,PO  50Bw  20Bf  20Sw  10,PO,100,NONE,NONE,NONE,74891,False,6.939295961496526,False,True,100,True,usable,81–100,True,True,True,True
182804995-014740,OMS,2007,DIGITALP,0,,,0,NONE,NONE,NONE,74892,False,1.339265219320456,False,False,0,False,not_FOR,Excluded / non-forest,False,False,False,False
182804995-014756,FOR,2007,DIGITALP,1937,Pr  20Pw  20Bw  20PO  20Sw  10Bf  10,Pr,70,NONE,NONE,NONE,74893,False,17.64575273437504,False,True,70,True,usable,61–80,True,False,False,False
182804995-022009,DAL,2007,DIGITALP,0,,,0,NONE,NONE,NONE,74896,False,30.14540390005897,False,False,0,False,not_FOR,Excluded / non-forest,False,False,False,False
182804995-014757,FOR,2007,DIGITALP,1967,Ab  70La  10Cw  10Pb  10,Ab,40,WETT,NONE,NONE,74897,False,3.9819677540944607,False,True,40,True,usable,21–40,False,False,False,False
182804995-015953,FOR,2007,DIGITALP,1927,PO  80Pr  10Bw  10,PO,80,NONE,NONE,NONE,74898,False,25.58406452906991,False,True,80,True,usable,61–80,True,True,False,False
828999002,DAL,2007,DIGITALP,0,,,0,NONE,NONE,NONE,74900,False,11.57036944896113,False,False,0,False,not_FOR,Excluded / non-forest,False,False,False,False
182854995-014945,FOR,2007,DIGITALP,1947,Ab  50Cw  40Bf  10,Ab,60,WETT,NONE,NONE,74903,False,7.325143197678405,False,True,60,True,usable,41–60,True,False,False,False
182804995-015749,FOR,2007,DIGITALP,1947,PO  60Bw  30Mr  10,PO,60,NONE,NONE,NONE,74905,False,14.544140632417257,False,True,60,True,usable,41–60,True,False,False,False
182804995-015750,FOR,2007,DIGITALP,1967,Cw  50Ab  30Sb  10Pb  10,Cw,40,WETT,NONE,NONE,74907,False,12.152637362022459,False,True,40,True,usable,21–40,False,False,False,False
182804990-025953,FOR,2007,PLOTVAR,1871,Cw 100,Cw,136,NONE,NONE,NONE,74908,False,26.465811123748864,False,True,136,True,usable,101–150,True,True,True,True
182804990-023901,FOR,2007,DIGITALP,1947,Sw  30PO  20Bw  20Bf  20Ab  10,Sw,60,NONE,NONE,NONE,74909,False,31.31702867836344,False,True,60,True,usable,41–60,True,False,False,False
182804990-024265,BSH,2007,DIGITALP,0,,,0,NONE,NONE,NONE,74912,False,4.322283158366828,False,False,0,False,not_FOR,Excluded / non-forest,False,False,False,False
182804990-023592,FOR,2007,DIGITALP,1937,Sw  30Bw  20Mr  20PO  20Bf  10,Sw,70,NONE,NONE,NONE,74913,False,3.0384095764331134,False,True,70,True,usable,61–80,True,False,False,False
182804990-025957,BSH,2007,DIGITALP,0,,,0,NONE,NONE,NONE,74919,False,0.23661409274622602,False,False,0,False,not_FOR,Excluded / non-forest,False,False,False,False
182804990-024300,FOR,2007,DIGITALP,1937,PO  30Bw  20Mr  20Mh  10Sw  10Bf  10,PO,70,NONE,NONE,NONE,74922,False,16.72975357080071,False,True,70,True,usable,61–80,True,False,False,False
182804990-024244,FOR,2007,DIGITALP,1947,Bf  30Sb  20Bw  20Sw  20La  10,Bf,60,NONE,NONE,NONE,74923,False,10.356525194087709,False,True,60,True,usable,41–60,True,False,False,False
182804990-023438,FOR,2007,DIGITALP,1937,Sw  30PO  20Bf  10Mr  10He  10Bw  10Pw  10,Sw,70,NONE,NONE,NONE,74925,False,6.649448827263384,False,True,70,True,usable,61–80,True,False,False,False
182804990-024269,FOR,2007,DIGITALP,1947,Bw  20Ab  20Cw  20Sw  10La  10Sb  10Bf  10,Bw,60,WETT,NONE,NONE,74928,False,7.854373359925659,False,True,60,True,usable,41–60,True,False,False,False
182804990-024263,FOR,2007,DIGITALP,1927,Bw  30PO  30Sw  10Pw  10Mr  10Bf  10,Bw,80,NONE,NONE,NONE,74929,False,18.946581407599403,False,True,80,True,usable,61–80,True,True,False,False
182804990-023455,FOR,2007,DIGITALP,1967,Pr 100,Pr,40,NONE,NONE,NONE,74931,False,1.5563192323244548,False,True,40,True,usable,21–40,False,False,False,False
182804990-024241,FOR,2007,DIGITALP,1947,Bf  40Sb  40La  10Bw  10,Bf,60,NONE,NONE,NONE,74935,False,15.656863230842697,False,True,60,True,usable,41–60,True,False,False,False
182804990-024264,OMS,2007,DIGITALP,0,,,0,NONE,NONE,NONE,74936,False,1.1055587536585951,False,False,0,False,not_FOR,Excluded / non-forest,False,False,False,False
182804990-134197,UCL,2007,DIGITALP,0,,,0,NONE,NONE,NONE,74938,False,5.617176486724851,False,False,0,False,not_FOR,Excluded / non-forest,False,False,False,False
182804990-023658,DAL,2007,DIGITALP,0,,,0,NONE,NONE,NONE,74939,False,9.48485864448272,False,False,0,False,not_FOR,Excluded / non-forest,False,False,False,False
182804990-025351,FOR,2007,DIGITALP,1937,Ab  80Cw  10Pb  10,Ab,70,NONE,NONE,NONE,74943,False,18.878076889085985,False,True,70,True,usable,61–80,True,False,False,False
182804990-022576,FOR,2007,DIGITALP,1927,PO  20Sw  20Mh  20Mr  10Pw  10He  10Bw  10,PO,80,NONE,NONE,NONE,74944,False,11.960512486530295,False,True,80,True,usable,61–80,True,True,False,False
182804990-024267,FOR,2007,DIGITALP,1927,Ms  30Bw  10Sw  10Pb  10Mr  10Ab  10By  10Ew  10,Ms,80,NONE,NONE,NONE,74945,False,25.03378794752661,False,True,80,True,usable,61–80,True,True,False,False
182804990-024262,FOR,2007,DIGITALP,1927,Bw  30PO  30Sw  10Pw  10Mr  10Bf  10,Bw,80,NONE,NONE,NONE,74946,False,19.33322345542814,False,True,80,True,usable,61–80,True,True,False,False
182804990-023660,FOR,2007,DIGITALP,1947,Bw  40PO  30Mr  10Bf  10Sw  10,Bw,60,NONE,NONE,NONE,74950,False,20.132099180843923,False,True,60,True,usable,41–60,True,False,False,False
182804990-023428,BSH,2007,DIGITALP,0,,,0,NONE,NONE,NONE,74952,False,17.30204631002087,False,False,0,False,not_FOR,Excluded / non-forest,False,False,False,False
182804990-024268,FOR,2007,DIGITALP,1927,Cw  80Sb  10Ab  10,Cw,80,WETT,NONE,NONE,74955,False,23.104352269451212,False,True,80,True,usable,61–80,True,True,False,False
182804990-022695,FOR,2007,DIGITALP,1937,Bw  30Sw  20PO  20Mr  10Bf  10He  10,Bw,70,NONE,NONE,NONE,74956,False,9.838267507436743,False,True,70,True,usable,61–80,True,False,False,False
182804990-138513,UCL,2007,DIGITALP,0,,,0,NONE,NONE,NONE,74958,False,4.886057635980965,False,False,0,False,not_FOR,Excluded / non-forest,False,False,False,False
182804990-023659,FOR,2007,DIGITALP,1947,Bw  50PO  40Sw  10,Bw,60,NONE,NONE,NONE,74963,False,20.093464085629407,False,True,60,True,usable,41–60,True,False,False,False
182804990-022577,FOR,2007,DIGITALP,1937,PO  20Sw  20Bw  20Mr  10Bd  10He  10Mh  10,PO,70,NONE,NONE,NONE,74966,False,8.7445777754715,False,True,70,True,usable,61–80,True,False,False,False
182804990-025951,FOR,2007,DIGITALP,1917,Ms  30Bw  10Sw  10Pb  10Mr  10Ab  10By  10Ew  10,Ms,90,NONE,NONE,NONE,74968,False,27.39806354909956,False,True,90,True,usable,81–100,True,True,True,False
182804990-023656,FOR,2007,DIGITALP,1982,Pr 100,Pr,25,NONE,NONE,NONE,74969,False,6.823384876027414,False,True,25,True,usable,21–40,False,False,False,False
182804990-023611,FOR,2007,DIGITALP,1937,Bw  30Sw  20PO  20Pw  10Mr  10Bf  10,Bw,70,NONE,NONE,NONE,74970,False,22.72443037026946,False,True,70,True,usable,61–80,True,False,False,False
182804990-023655,FOR,2007,DIGITALP,1987,Sw 100,Sw,20,NONE,NONE,NONE,74972,False,4.728653089630893,False,True,20,True,usable,1–20,False,False,False,False
182804990-024266,FOR,2007,DIGITALP,1917,Ms  30Bw  10Sw  10Pb  10Mr  10Ab  10By  10Ew  10,Ms,90,NONE,NONE,NONE,74973,False,18.29993481732817,False,True,90,True,usable,81–100,True,True,True,False
828999010,WAT,2007,DIGITALA,0,,,0,NONE,NONE,NONE,74974,False,0.6942954585345049,False,False,0,False,not_FOR,Excluded / non-forest,False,False,False,False
182804990-134211,UCL,2007,DIGITALP,0,,,0,NONE,NONE,NONE,74976,False,4.514406602910848,False,False,0,False,not_FOR,Excluded / non-forest,False,False,False,False
182804990-024259,FOR,2007,DIGITALP,1927,Bw  30PO  30Sw  10Pw  10Mr  10Cb  10,Bw,80,NONE,NONE,NONE,74977,False,11.602736109916544,False,True,80,True,usable,61–80,True,True,False,False
182804990-025314,FOR,2007,DIGITALP,1957,Bf  30Sw  30Bw  20PO  10Ab  10,Bf,50,NONE,NONE,NONE,74978,False,2.5094238057194542,False,True,50,True,usable,41–60,False,False,False,False
182804990-120260,WAT,2007,DIGITALA,0,,,0,NONE,NONE,NONE,74979,False,2.0936963747105177,False,False,0,False,not_FOR,Excluded / non-forest,False,False,False,False
828999013,OMS,2007,DIGITALP,0,,,0,NONE,NONE,NONE,74980,False,1.6601382343848563,False,False,0,False,not_FOR,Excluded / non-forest,False,False,False,False
182804990-025350,FOR,2007,DIGITALP,1972,Pr 100,Pr,35,NONE,NONE,NONE,74981,False,4.7397241824677465,False,True,35,True,usable,21–40,False,False,False,False
828999063,FOR,2007,DIGITALP,1927,Pw  60Bw  20Sw  20,Pw,80,NONE,NONE,NONE,74984,False,3.4724942453684613,False,True,80,True,usable,61–80,True,True,False,False
182804990-025317,FOR,2007,DIGITALP,1937,Sw  30Bf  20Pr  10Bw  10PO  10He  10Mr  10,Sw,70,NONE,NONE,NONE,74985,False,4.10964798479063,False,True,70,True,usable,61–80,True,False,False,False
182804990-024261,FOR,2007,DIGITALP,1927,Mr  30Mh  20Sw  10PO  10Cb  10Bd  10Aw  10,Mr,80,NONE,NONE,NONE,74987,False,20.09595319932951,False,True,80,True,usable,61–80,True,True,False,False
182804990-134215,UCL,2007,DIGITALP,0,,,0,NONE,NONE,NONE,74989,False,1.3482844938003185,False,False,0,False,not_FOR,Excluded / non-forest,False,False,False,False
182804990-023594,FOR,2007,DIGITALP,1937,Ab  70Bw  10Pb  10Ms  10,Ab,70,WETT,NONE,NONE,74992,False,13.553650040483516,False,True,70,True,usable,61–80,True,False,False,False
182804990-138928,UCL,2007,DIGITALP,0,,,0,NONE,NONE,NONE,74993,False,6.4074826496917,False,False,0,False,not_FOR,Excluded / non-forest,False,False,False,False
182804990-025353,FOR,2007,DIGITALP,1927,PO  30Mr  20Bw  20Mh  10Bf  10Sw  10,PO,80,NONE,NONE,NONE,74996,False,23.806400703037998,False,True,80,True,usable,61–80,True,True,False,False
182854990-025380,OMS,2007,DIGITALP,0,,,0,NONE,NONE,NONE,74998,False,0.2316159065267163,False,False,0,False,not_FOR,Excluded / non-forest,False,False,False,False
182804990-024260,DAL,2007,DIGITALP,0,,,0,NONE,NONE,NONE,75000,False,31.470484888968482,False,False,0,False,not_FOR,Excluded / non-forest,False,False,False,False
182804990-023657,FOR,2007,DIGITALP,1947,Bw  40PO  40Mr  10Pr  10,Bw,60,NONE,NONE,NONE,75004,False,18.13330270937439,False,True,60,True,usable,41–60,True,False,False,False
182804990-025378,OMS,2007,DIGITALP,0,,,0,NONE,NONE,NONE,75006,False,0.7748084105614431,False,False,0,False,not_FOR,Excluded / non-forest,False,False,False,False
182804990-025373,FOR,2007,DIGITALP,1947,Bw  30PO  20Mr  10By  10Bf  10Sw  10Aw  10,Bw,60,NONE,NONE,NONE,75009,False,6.373385507926035,False,True,60,True,usable,41–60,True,False,False,False
182804990-134219,UCL,2007,DIGITALP,0,,,0,NONE,NONE,NONE,75011,False,1.259947670682643,False,False,0,False,not_FOR,Excluded / non-forest,False,False,False,False
182804990-025375,FOR,2007,DIGITALP,1937,Bw  30PO  20Mr  10Pw  10Bf  10Sw  10Bd  10,Bw,70,NONE,NONE,NONE,75012,False,14.553308716551602,False,True,70,True,usable,61–80,True,False,False,False
182804990-025315,FOR,2007,DIGITALP,1982,Pr  80Sw  10PO  10,Pr,25,NONE,NONE,NONE,75014,False,5.013062692641845,False,True,25,True,usable,21–40,False,False,False,False
182804990-023509,BSH,2007,DIGITALP,0,,,0,NONE,NONE,NONE,75015,False,6.279783663607634,False,False,0,False,not_FOR,Excluded / non-forest,False,False,False,False
182804990-023593,FOR,2007,DIGITALP,1907,Ms  60Ew  10Pb  10Bf  10Sw  10,Ms,100,NONE,NONE,NONE,75016,False,17.14039760713942,False,True,100,True,usable,81–100,True,True,True,True
182804990-134221,UCL,2007,DIGITALP,0,,,0,NONE,NONE,NONE,75017,False,4.743713678687891,False,False,0,False,not_FOR,Excluded / non-forest,False,False,False,False
182804990-025377,OMS,2007,DIGITALP,0,,,0,NONE,NONE,NONE,75018,False,0.35958576924368857,False,False,0,False,not_FOR,Excluded / non-forest,False,False,False,False
182804990-025376,FOR,2007,DIGITALP,1917,Ms  30Pb  20Pw  10Bf  10Sw  10Aw  10Mr  10,Ms,90,NONE,NONE,NONE,75019,False,16.198869025746678,False,True,90,True,usable,81–100,True,True,True,False
182804990-025379,OMS,2007,DIGITALP,0,,,0,NONE,NONE,NONE,75020,False,0.2645850656512656,False,False,0,False,not_FOR,Excluded / non-forest,False,False,False,False
182804990-023631,FOR,2007,DIGITALP,1982,Pr  80Sw  10PO  10,Pr,25,NONE,NONE,NONE,75024,False,11.441068631897194,False,True,25,True,usable,21–40,False,False,False,False
182804990-025316,FOR,2007,DIGITALP,1947,PO  30Sw  10Bf  10Aw  10Bd  10Bw  10Mh  10Mr  10,PO,60,NONE,NONE,NONE,75026,False,19.266887076758692,False,True,60,True,usable,41–60,True,False,False,False
182804990-023629,DAL,2007,DIGITALP,0,,,0,NONE,NONE,NONE,75027,False,9.736542465791377,False,False,0,False,not_FOR,Excluded / non-forest,False,False,False,False
182804990-134226,UCL,2007,DIGITALP,0,,,0,NONE,NONE,NONE,75031,False,11.467836013935507,False,False,0,False,not_FOR,Excluded / non-forest,False,False,False,False
182854990-025381,FOR,2007,DIGITALP,1927,Ab  30Ms  30Pb  20Ew  10Sw  10,Ab,80,NONE,NONE,NONE,75032,False,0.4249611821397556,False,True,80,True,usable,61–80,True,True,False,False
182804990-134230,UCL,2007,DIGITALP,0,,,0,NONE,NONE,NONE,75035,False,1.9720390421309666,False,False,0,False,not_FOR,Excluded / non-forest,False,False,False,False
828999009,WAT,2007,DIGITALA,0,,,0,NONE,NONE,NONE,75037,False,0.7065133510963838,False,False,0,False,not_FOR,Excluded / non-forest,False,False,False,False
182804990-025355,FOR,2007,DIGITALP,1937,Bw  20PO  20Bf  20Sw  10Cw  10Sb  10Ab  10,Bw,70,NONE,NONE,NONE,75039,False,12.751341642750745,False,True,70,True,usable,61–80,True,False,False,False
182804990-023895,DAL,2007,DIGITALP,0,,,0,NONE,NONE,NONE,75040,False,5.660708227610073,False,False,0,False,not_FOR,Excluded / non-forest,False,False,False,False
182804990-025349,FOR,2007,DIGITALP,1937,Mh  30PO  20Mr  20Sw  10Bw  10Bd  10,Mh,70,NONE,NONE,NONE,75041,False,13.503443228597876,False,True,70,True,usable,61–80,True,False,False,False
182804990-023897,DAL,2007,DIGITALP,0,,,0,NONE,NONE,NONE,75044,False,6.193896436379655,False,False,0,False,not_FOR,Excluded / non-forest,False,False,False,False
182804990-025360,FOR,2007,DIGITALP,1917,PO  40Bw  20Mr  10Sw  10Bd  10Pw  10,PO,90,NONE,NONE,NONE,75046,False,19.00657597350328,False,True,90,True,usable,81–100,True,True,True,False
182804990-025356,FOR,2007,DIGITALP,1982,Pr 100,Pr,25,NONE,NONE,NONE,75047,False,5.678855970060243,False,True,25,True,usable,21–40,False,False,False,False
828999066,FOR,2007,DIGITALP,1887,Pw  40Or  20Mr  10Bf  10Pl  10Bw  10,Pw,120,NONE,NONE,NONE,75048,False,2.2720277199690235,False,True,120,True,usable,101–150,True,True,True,True
182804990-023628,OMS,2007,DIGITALP,0,,,0,NONE,NONE,NONE,75050,False,8.051039993741572,False,False,0,False,not_FOR,Excluded / non-forest,False,False,False,False
182804990-025318,FOR,2007,DIGITALP,1937,PO  40Bw  20Bf  20Cw  10Mr  10,PO,70,NONE,NONE,NONE,75053,False,13.157658336879487,False,True,70,True,usable,61–80,True,False,False,False
182804990-023693,OMS,2007,DIGITALP,0,,,0,NONE,NONE,NONE,75055,False,7.716422220928594,False,False,0,False,not_FOR,Excluded / non-forest,False,False,False,False
182804990-025336,FOR,2007,DIGITALP,1937,Cw  40Bw  20Bf  10PO  10Sb  10Sw  10,Cw,70,NONE,NONE,NONE,75056,False,16.966673044483475,False,True,70,True,usable,61–80,True,False,False,False
182804990-025371,FOR,2007,DIGITALP,1917,Or  60Sw  10Bw  10Mh  10Be  10,Or,90,NONE,NONE,NONE,75060,False,23.086034036338923,False,True,90,True,usable,81–100,True,True,True,False
182804990-025358,FOR,2007,DIGITALP,1927,Bw  20Bf  20Pw  20Sw  10PO  10Bd  10Aw  10,Bw,80,NONE,NONE,NONE,75065,False,31.85220554347363,False,True,80,True,usable,61–80,True,True,False,False
182804990-025320,FOR,2007,DIGITALP,1927,PO  20Bd  20Bw  10Sw  10Aw  10Mh  10Mr  10Pw  10,PO,80,NONE,NONE,NONE,75068,False,16.82148968758422,False,True,80,True,usable,61–80,True,True,False,False
182804990-025357,FOR,2007,DIGITALP,1927,Bw  20PO  20Mr  20Pr  10Bf  10Sw  10Bd  10,Bw,80,NONE,NONE,NONE,75069,False,49.974291571858686,False,True,80,True,usable,61–80,True,True,False,False
182804990-025348,FOR,2007,DIGITALP,1937,PO  50Bw  20Bf  20Sw  10,PO,70,NONE,NONE,NONE,75070,False,17.280528352133096,False,True,70,True,usable,61–80,True,False,False,False
182804990-025332,FOR,2007,DIGITALP,1937,PO  20Bw  20Mr  20Sw  10Aw  10Bd  10Mh  10,PO,70,NONE,NONE,NONE,75072,False,32.69440097659771,False,True,70,True,usable,61–80,True,False,False,False
828999015,ISL,2007,DIGITALA,0,,,0,ISLD,NONE,NONE,75074,False,0.2614355788566399,False,False,0,False,not_FOR,Excluded / non-forest,False,False,False,False
182804990-025372,FOR,2007,DIGITALP,1927,Bw  20PO  20Mr  10Pw  10Bf  10Sw  10By  10Ms  10,Bw,80,NONE,NONE,NONE,75077,False,14.151628537917388,False,True,80,True,usable,61–80,True,True,False,False
182804990-120314,WAT,2007,DIGITALA,0,,,0,NONE,NONE,NONE,75078,False,6.287293851431341,False,False,0,False,not_FOR,Excluded / non-forest,False,False,False,False
182804990-025370,FOR,2007,DIGITALP,1927,Or  20Mh  20Bw  10Sw  10Be  10Mr  10Bd  10PO  10,Or,80,NONE,NONE,NONE,75081,False,36.899118508606755,False,True,80,True,usable,61–80,True,True,False,False
182854990-025388,FOR,2007,DIGITALP,1927,PO  60Bw  10Pw  10Sw  10Mr  10,PO,80,NONE,NONE,NONE,75085,False,4.453456652159034,False,True,80,True,usable,61–80,True,True,False,False
182804990-025333,OMS,2007,DIGITALP,0,,,0,NONE,NONE,NONE,75086,False,1.0980533606212595,False,False,0,False,not_FOR,Excluded / non-forest,False,False,False,False
182804990-025347,FOR,2007,DIGITALP,1947,PO  40Bw  20Bf  20Sw  20,PO,60,NONE,NONE,NONE,75095,False,26.49620062570268,False,True,60,True,usable,41–60,True,False,False,False
182804990-120321,WAT,2007,DIGITALA,0,,,0,NONE,NONE,NONE,75096,False,3.266922721988547,False,False,0,False,not_FOR,Excluded / non-forest,False,False,False,False
182804990-023627,DAL,2007,DIGITALP,0,,,0,NONE,NONE,NONE,75097,False,29.5734982063246,False,False,0,False,not_FOR,Excluded / non-forest,False,False,False,False
182804990-025335,FOR,2007,DIGITALP,1937,PO  40Bw  20Pw  10Sw  10Mr  10By  10,PO,70,NONE,NONE,NONE,75099,False,20.37357425908611,False,True,70,True,usable,61–80,True,False,False,False
182804995-025331,FOR,2007,DIGITALP,1927,PO  40Bw  30Pw  10Sw  10Mr  10,PO,80,NONE,NONE,NONE,75102,False,14.101776872863102,False,True,80,True,usable,61–80,True,True,False,False
182804995-134249,UCL,2007,DIGITALP,0,,,0,NONE,NONE,NONE,75103,False,4.672204898919294,False,False,0,False,not_FOR,Excluded / non-forest,False,False,False,False
182804990-022869,OMS,2007,DIGITALP,0,,,0,NONE,NONE,NONE,75104,False,1.796683220763662,False,False,0,False,not_FOR,Excluded / non-forest,False,False,False,False
182804990-025359,FOR,2007,DIGITALP,1937,PO  40Bw  20Bf  20Mr  10Sw  10,PO,70,NONE,NONE,NONE,75105,False,30.30355186588126,False,True,70,True,usable,61–80,True,False,False,False
182804995-025330,FOR,2007,DIGITALP,1927,Mh  30Mr  10PO  10Sw  10Bd  10Bw  10Aw  10Or  10,Mh,80,NONE,NONE,NONE,75106,False,12.67514013339107,False,True,80,True,usable,61–80,True,True,False,False
182804995-120334,WAT,2007,DIGITALA,0,,,0,NONE,NONE,NONE,75110,False,0.48388626119722267,False,False,0,False,not_FOR,Excluded / non-forest,False,False,False,False
182804990-023689,OMS,2007,DIGITALP,0,,,0,NONE,NONE,NONE,75111,False,7.876969488964554,False,False,0,False,not_FOR,Excluded / non-forest,False,False,False,False
182804995-023731,OMS,2007,DIGITALP,0,,,0,NONE,NONE,NONE,75113,False,0.3884127351804724,False,False,0,False,not_FOR,Excluded / non-forest,False,False,False,False
182804995-022647,OMS,2007,DIGITALP,0,,,0,NONE,NONE,NONE,75118,False,0.1534256425626545,False,False,0,False,not_FOR,Excluded / non-forest,False,False,False,False
182804995-023894,FOR,2007,DIGITALP,1967,Cw  40Sb  20Bf  10Ab  10Pb  10La  10,Cw,40,WETT,NONE,NONE,75120,False,3.219047506113082,False,True,40,True,usable,21–40,False,False,False,False
182804995-023632,DAL,2007,DIGITALP,0,,,0,NONE,NONE,NONE,75121,False,3.093917039508212,False,False,0,False,not_FOR,Excluded / non-forest,False,False,False,False
182804995-120342,WAT,2007,DIGITALA,0,,,0,NONE,NONE,NONE,75122,False,2.4206458147233776,False,False,0,False,not_FOR,Excluded / non-forest,False,False,False,False
182804990-026584,FOR,2007,DIGITALP,1947,PO  30Bw  20Sw  20Bf  10Pw  10He  10,PO,60,NONE,NONE,NONE,75123,False,24.19359922961249,False,True,60,True,usable,41–60,True,False,False,False
182804995-023382,DAL,2007,DIGITALP,0,,,0,NONE,NONE,NONE,75124,False,15.100967772030444,False,False,0,False,not_FOR,Excluded / non-forest,False,False,False,False
182804995-025345,FOR,2007,DIGITALP,1927,Mh  30Mr  20Bw  10Aw  10Sw  10PO  10Pw  10,Mh,80,NONE,NONE,NONE,75125,False,21.987425325888474,False,True,80,True,usable,61–80,True,True,False,False
182804995-023626,DAL,2007,DIGITALP,0,,,0,NONE,NONE,NONE,75127,False,7.466577492694718,False,False,0,False,not_FOR,Excluded / non-forest,False,False,False,False
182804995-120348,WAT,2007,DIGITALA,0,,,0,NONE,NONE,NONE,75128,False,0.733239686233614,False,False,0,False,not_FOR,Excluded / non-forest,False,False,False,False
182804995-025369,FOR,2007,DIGITALP,1927,PO  60Bw  20Pw  10Bf  10,PO,80,NONE,NONE,NONE,75129,False,21.501374086389767,False,True,80,True,usable,61–80,True,True,False,False
182804995-026468,OMS,2007,DIGITALP,0,,,0,NONE,NONE,NONE,75130,False,10.09439088675587,False,False,0,False,not_FOR,Excluded / non-forest,False,False,False,False
182804995-025346,FOR,2007,DIGITALP,1947,Bf  20Sw  20Cw  20Bw  10Pw  10He  10PO  10,Bf,60,NONE,NONE,NONE,75132,False,16.931109494413988,False,True,60,True,usable,41–60,True,False,False,False
182804990-025386,FOR,2007,DIGITALP,1927,Pr  40Ms  10PO  10Sw  10Pw  10By  10Aw  10,Pr,80,NONE,NONE,NONE,75133,False,14.512997677268192,False,True,80,True,usable,61–80,True,True,False,False
182804995-023277,OMS,2007,DIGITALP,0,,,0,NONE,NONE,NONE,75136,False,3.192116777306595,False,False,0,False,not_FOR,Excluded / non-forest,False,False,False,False
828999069,FOR,2007,DIGITALP,1947,Bf  40Pl  20Bw  20Pw  10Sw  10,Bf,60,NONE,NONE,NONE,75137,False,17.819070296341344,False,True,60,True,usable,41–60,True,False,False,False
182804995-025327,FOR,2007,DIGITALP,1917,Mh  60Mr  20Aw  10Bd  10,Mh,90,NONE,NONE,NONE,75138,False,15.382889086634089,False,True,90,True,usable,81–100,True,True,True,False
182804995-025339,FOR,2007,DIGITALP,1927,Mr  30PO  20Mh  20Sw  10Bd  10Aw  10,Mr,80,NONE,NONE,NONE,75139,False,6.734191968417526,False,True,80,True,usable,61–80,True,True,False,False
182804995-025344,OMS,2007,DIGITALP,0,,,0,NONE,NONE,NONE,75142,False,1.6633380654409229,False,False,0,False,not_FOR,Excluded / non-forest,False,False,False,False
828999070,FOR,2007,DIGITALP,1897,Pw  60Pl  10Mr  10Bw  10Or  10,Pw,110,NONE,NONE,NONE,75145,False,25.228121471391812,False,True,110,True,usable,101–150,True,True,True,True
182804995-023625,DAL,2007,DIGITALP,0,,,0,NONE,NONE,NONE,75146,False,6.8464243520918435,False,False,0,False,not_FOR,Excluded / non-forest,False,False,False,False
182854995-025392,FOR,2007,DIGITALP,1937,Bw  20Bd  20Pw  10Sw  10He  10PO  10Or  10Aw  10,Bw,70,NONE,NONE,NONE,75149,False,0.006403300925726669,False,True,70,True,usable,61–80,True,False,False,False
182804995-023383,DAL,2007,DIGITALP,0,,,0,NONE,NONE,NONE,75151,False,3.9574706707359977,False,False,0,False,not_FOR,Excluded / non-forest,False,False,False,False
182804995-025337,FOR,2007,DIGITALP,1917,Mh  30Aw  20Mr  20Bd  20PO  10,Mh,90,NONE,NONE,NONE,75152,False,16.828597537423057,False,True,90,True,usable,81–100,True,True,True,False
828999072,FOR,2007,DIGITALP,1927,Pw  60Pl  30Bw  10,Pw,80,NONE,NONE,NONE,75155,False,11.232378603685708,False,True,80,True,usable,61–80,True,True,False,False
182804995-022731,OMS,2007,DIGITALP,0,,,0,NONE,NONE,NONE,75156,False,2.5268827248714065,False,False,0,False,not_FOR,Excluded / non-forest,False,False,False,False
182804995-025368,FOR,2007,DIGITALP,1937,PO  30Bw  20Bd  20Pw  10Pr  10Sw  10,PO,70,NONE,NONE,NONE,75157,False,16.600277538832977,False,True,70,True,usable,61–80,True,False,False,False
182804995-025340,FOR,2007,DIGITALP,1927,Mh  40Mr  30PO  10Bd  10Aw  10,Mh,80,NONE,NONE,NONE,75159,False,21.86513799123976,False,True,80,True,usable,61–80,True,True,False,False
182804995-023751,FOR,2007,DIGITALP,1987,Pb  30Bw  20Ab  20Mr  10Ms  10PO  10,Pb,20,WETT,NONE,NONE,75160,False,4.745089643621394,False,True,20,True,usable,1–20,False,False,False,False
182804995-025324,FOR,2007,DIGITALP,1917,Bd  20Aw  20Mr  20PO  10Mh  10Bw  10Pw  10,Bd,90,NONE,NONE,NONE,75161,False,36.07269749094262,False,True,90,True,usable,81–100,True,True,True,False
182804990-025385,FOR,2007,DIGITALP,1927,PO  60Bw  20Pw  10Sw  10,PO,80,NONE,NONE,NONE,75164,False,40.08946744909864,False,True,80,True,usable,61–80,True,True,False,False
182854995-025390,FOR,2007,DIGITALP,1937,PO  30Bw  30Pw  30Sw  10,PO,70,NONE,NONE,NONE,75165,False,2.909038801619214,False,True,70,True,usable,61–80,True,False,False,False
182804995-023284,OMS,2007,DIGITALP,0,,,0,NONE,NONE,NONE,75171,False,1.4356866251102114,False,False,0,False,not_FOR,Excluded / non-forest,False,False,False,False
828999038,OMS,2007,DIGITALP,0,,,0,NONE,NONE,NONE,75172,False,3.714618289982887,False,False,0,False,not_FOR,Excluded / non-forest,False,False,False,False
182804995-025323,FOR,2007,DIGITALP,1907,Bd  20Aw  20Mr  20PO  20Mh  10Bw  10,Bd,100,NONE,NONE,NONE,75174,False,13.652933281523676,False,True,100,True,usable,81–100,True,True,True,True
828999073,FOR,2007,DIGITALP,1897,Pw  40Pl  20Bw  20Or  10Bf  10,Pw,110,NONE,NONE,NONE,75175,False,25.784615413037933,False,True,110,True,usable,101–150,True,True,True,True
182804995-023898,FOR,2007,DIGITALP,1907,Ms  60Pb  10Ew  10Sw  10By  10,Ms,100,NONE,NONE,NONE,75177,False,9.007516301904717,False,True,100,True,usable,81–100,True,True,True,True
182804995-025321,FOR,2007,DIGITALP,1927,PO  20Bd  20Bw  10Sw  10Aw  10Mh  10Mr  10Pw  10,PO,80,NONE,NONE,NONE,75180,False,6.8649617151060855,False,True,80,True,usable,61–80,True,True,False,False
182804995-025362,OMS,2007,DIGITALP,0,,,0,NONE,NONE,NONE,75182,False,7.682340873788052,False,False,0,False,not_FOR,Excluded / non-forest,False,False,False,False
182804995-025361,TMS,2007,DIGITALP,0,,,0,NONE,NONE,NONE,75183,False,18.452488786225526,False,False,0,False,not_FOR,Excluded / non-forest,False,False,False,False
828999075,FOR,2007,DIGITALP,1937,Pw  60Pr  20Pl  10Bw  10,Pw,70,NONE,NONE,NONE,75185,False,25.208329315196284,False,True,70,True,usable,61–80,True,False,False,False
182804995-023283,DAL,2007,DIGITALP,0,,,0,NONE,NONE,NONE,75186,False,2.538469233843708,False,False,0,False,not_FOR,Excluded / non-forest,False,False,False,False
182804995-023755,OMS,2007,DIGITALP,0,,,0,NONE,NONE,NONE,75191,False,5.314270530891247,False,False,0,False,not_FOR,Excluded / non-forest,False,False,False,False
828999035,WAT,2007,DIGITALA,0,,,0,NONE,NONE,NONE,75192,False,1.1317075835983552,False,False,0,False,not_FOR,Excluded / non-forest,False,False,False,False
182804995-023285,FOR,2007,DIGITALP,1907,Ms  50Ew  20Sw  10Pb  10By  10,Ms,100,NONE,NONE,NONE,75193,False,20.731880823203536,False,True,100,True,usable,81–100,True,True,True,True
182804995-025341,FOR,2007,DIGITALP,1917,Bd  20Aw  20Mr  20Mh  20PO  10Sw  10,Bd,90,NONE,NONE,NONE,75195,False,18.849643412479367,False,True,90,True,usable,81–100,True,True,True,False
182804995-025384,FOR,2007,DIGITALP,1937,Bw  30PO  20Sw  20By  10Pw  10Bf  10,Bw,70,NONE,NONE,NONE,75196,False,11.628832590682014,False,True,70,True,usable,61–80,True,False,False,False
828999076,FOR,2007,DIGITALP,1887,Pw  60Bw  20Pl  10Cw  10,Pw,120,NONE,NONE,NONE,75199,False,42.25921372144686,False,True,120,True,usable,101–150,True,True,True,True
182804995-025322,FOR,2007,DIGITALP,1907,Bd  20Mh  20Aw  20Mr  20Or  10Bw  10,Bd,100,NONE,NONE,NONE,75201,False,22.12056652169999,False,True,100,True,usable,81–100,True,True,True,True
182804995-023899,FOR,2007,DIGITALP,1917,Bd  20Aw  20Mh  20Mr  20Pw  10Sw  10,Bd,90,NONE,NONE,NONE,75203,False,21.534670197071133,False,True,90,True,usable,81–100,True,True,True,False
182804995-022970,OMS,2007,DIGITALP,0,,,0,NONE,NONE,NONE,75204,False,0.6839605382466588,False,False,0,False,not_FOR,Excluded / non-forest,False,False,False,False
182804995-025363,FOR,2007,DIGITALP,1937,Pr  60He  20Sw  10Pw  10,Pr,70,NONE,NONE,NONE,75205,False,17.97212939333395,False,True,70,True,usable,61–80,True,False,False,False
828999017,WAT,2007,DIGITALA,0,,,0,NONE,NONE,NONE,75206,False,0.41137099568966695,False,False,0,False,not_FOR,Excluded / non-forest,False,False,False,False
182804995-026637,FOR,2007,DIGITALP,1927,Pr  50Pw  30He  20,Pr,80,NONE,NONE,NONE,75207,False,10.083426477444203,False,True,80,True,usable,61–80,True,True,False,False
182804995-025382,FOR,2007,DIGITALP,1937,PO  40Bw  20He  20Be  10Pr  10,PO,70,STEP,NONE,NONE,75208,False,7.255291581544431,False,True,70,True,usable,61–80,True,False,False,False
182804995-025365,FOR,2007,DIGITALP,1927,PO  50Pw  20He  20Sw  10,PO,80,NONE,NONE,NONE,75212,False,9.635834338781017,False,True,80,True,usable,61–80,True,True,False,False
182804995-025342,FOR,2007,DIGITALP,1917,Mr  30Aw  20Bd  20Mh  10PO  10Cb  10,Mr,90,NONE,NONE,NONE,75214,False,25.496774948107884,False,True,90,True,usable,81–100,True,True,True,False
182804995-024008,OMS,2007,DIGITALP,0,,,0,NONE,NONE,NONE,75216,False,4.177364219343337,False,False,0,False,not_FOR,Excluded / non-forest,False,False,False,False
182854995-023905,OMS,2007,DIGITALP,0,,,0,NONE,NONE,NONE,75217,False,3.502567766148004,False,False,0,False,not_FOR,Excluded / non-forest,False,False,False,False
182804995-022815,FOR,2007,DIGITALP,1937,PO  80Bw  10Pw  10,PO,70,NONE,NONE,NONE,75220,False,10.6167153631053,False,True,70,True,usable,61–80,True,False,False,False
182804995-026638,FOR,2007,DIGITALP,1937,Or  50Mh  10Bd  10Iw  10PO  10Be  10,Or,70,NONE,NONE,NONE,75221,False,8.03589450827641,False,True,70,True,usable,61–80,True,False,False,False
182804995-025745,FOR,2007,DIGITALP,1937,PO  60Pr  20Bw  10Sw  10,PO,70,NONE,NONE,NONE,75222,False,30.884149879264047,False,True,70,True,usable,61–80,True,False,False,False
182804995-025760,FOR,2007,DIGITALP,1917,Mr  30Bd  20Mh  20Aw  10PO  10Bw  10,Mr,90,NONE,NONE,NONE,75223,False,13.71916538264399,False,True,90,True,usable,81–100,True,True,True,False
182804995-025754,FOR,2007,DIGITALP,1927,Pr  40PO  20Sw  10Pw  10He  10Bw  10,Pr,80,NONE,NONE,NONE,75225,False,10.926726139275054,False,True,80,True,usable,61–80,True,True,False,False
182804995-024009,OMS,2007,DIGITALP,0,,,0,NONE,NONE,NONE,75227,False,5.3591389219376415,False,False,0,False,not_FOR,Excluded / non-forest,False,False,False,False
182804995-025755,FOR,2007,DIGITALP,1917,Ms  40Ew  20Sw  10Pb  10By  10Ab  10,Ms,90,NONE,NONE,NONE,75231,False,6.507706094523554,False,True,90,True,usable,81–100,True,True,True,False
182804995-120434,WAT,2007,DIGITALA,0,,,0,NONE,NONE,NONE,75232,False,0.7971381033122049,False,False,0,False,not_FOR,Excluded / non-forest,False,False,False,False
182804995-024095,DAL,2007,DIGITALP,0,,,0,NONE,NONE,NONE,75235,False,38.418865851667526,False,False,0,False,not_FOR,Excluded / non-forest,False,False,False,False
182804995-025747,FOR,2007,DIGITALP,1937,PO  80Bw  20,PO,70,NONE,NONE,NONE,75236,False,4.947978394236085,False,True,70,True,usable,61–80,True,False,False,False
182804995-017482,FOR,2007,DIGITALP,1887,Ms  80Aw  10Ew  10,Ms,120,NONE,NONE,NONE,75239,False,1.9863626057792105,False,True,120,True,usable,101–150,True,True,True,True
182804995-134300,UCL,2007,DIGITALP,0,,,0,NONE,NONE,NONE,75241,False,2.8307035725511005,False,False,0,False,not_FOR,Excluded / non-forest,False,False,False,False
182804995-024093,DAL,2007,DIGITALP,0,,,0,NONE,NONE,NONE,75243,False,2.9063144849203,False,False,0,False,not_FOR,Excluded / non-forest,False,False,False,False
182804995-025746,FOR,2007,DIGITALP,1937,PO  80Bw  10Pw  10,PO,70,NONE,NONE,NONE,75244,False,9.88747656645385,False,True,70,True,usable,61–80,True,False,False,False
182854995-025396,FOR,2007,DIGITALP,1927,PO  60He  10Sw  10Mr  10Bw  10,PO,80,NONE,NONE,NONE,75245,False,0.010974532324776355,False,True,80,True,usable,61–80,True,True,False,False
182804995-025758,FOR,2007,DIGITALP,1967,PO  40Bw  40Mr  10Bd  10,PO,40,NONE,NONE,NONE,75249,False,12.47544091963446,False,True,40,True,usable,21–40,False,False,False,False
182804995-025756,FOR,2007,DIGITALP,1917,Mr  30Aw  20Mh  20Bd  20By  10,Mr,90,NONE,NONE,NONE,75256,False,14.66092377228892,False,True,90,True,usable,81–100,True,True,True,False
182804995-024096,OMS,2007,DIGITALP,0,,,0,NONE,NONE,NONE,75257,False,11.303351010111843,False,False,0,False,not_FOR,Excluded / non-forest,False,False,False,False
182804995-015864,FOR,2007,DIGITALP,1927,Bf  20Sw  20Cw  20PO  10Bw  10Sb  10Mr  10,Bf,80,NONE,NONE,NONE,75260,False,8.031246286757394,False,True,80,True,usable,61–80,True,True,False,False
182804995-023776,OMS,2007,DIGITALP,0,,,0,NONE,NONE,NONE,75265,False,0.6675791724064511,False,False,0,False,not_FOR,Excluded / non-forest,False,False,False,False
182804995-025761,FOR,2007,DIGITALP,1997,PO  40Bw  30Mr  20Mh  10,PO,10,NONE,NONE,NONE,75267,False,6.701445083613643,False,True,10,True,usable,1–20,False,False,False,False
182804995-120453,WAT,2007,DIGITALA,0,,,0,NONE,NONE,NONE,75268,False,0.07430578899221177,False,False,0,False,not_FOR,Excluded / non-forest,False,False,False,False
182804995-025750,FOR,2007,DIGITALP,1927,PO  50Pw  20He  20Sw  10,PO,80,NONE,NONE,NONE,75269,False,17.251269164546482,False,True,80,True,usable,61–80,True,True,False,False
182804995-025748,FOR,2007,DIGITALP,1937,Bw  20Cw  20Bf  20PO  10Pw  10Sb  10La  10,Bw,70,NONE,NONE,NONE,75271,False,13.424052182060992,False,True,70,True,usable,61–80,True,False,False,False
182804995-025752,FOR,2007,DIGITALP,1927,PO  50Pw  20Bw  20Sw  10,PO,80,NONE,NONE,NONE,75272,False,8.414903175117233,False,True,80,True,usable,61–80,True,True,False,False
182854995-025744,FOR,2007,DIGITALP,1967,Cw  30Bf  20Sb  20Ab  20La  10,Cw,40,WETT,NONE,NONE,75275,False,9.49025347668878,False,True,40,True,usable,21–40,False,False,False,False
182804995-025753,FOR,2007,DIGITALP,1917,Ms  40PO  10Ew  10Sw  10By  10Pb  10Ab  10,Ms,90,NONE,NONE,NONE,75279,False,5.194599891893885,False,True,90,True,usable,81–100,True,True,True,False
182804995-014343,BSH,2007,DIGITALP,0,,,0,NONE,NONE,NONE,75281,False,1.7120070137850758,False,False,0,False,not_FOR,Excluded / non-forest,False,False,False,False
182804995-017483,FOR,2007,DIGITALP,1917,Ms  40Ew  10Cw  10Sw  10Mr  10By  10Pb  10,Ms,90,NONE,NONE,NONE,75282,False,5.295908715340157,False,True,90,True,usable,81–100,True,True,True,False
182804995-025759,FOR,2007,DIGITALP,1927,Mr  30Mh  20Aw  10Bd  10By  10He  10PO  10,Mr,80,NONE,NONE,NONE,75283,False,5.925083707883189,False,True,80,True,usable,61–80,True,True,False,False
828999034,WAT,2007,DIGITALA,0,,,0,NONE,NONE,NONE,75284,False,0.8556974238651043,False,False,0,False,not_FOR,Excluded / non-forest,False,False,False,False
182804995-025383,FOR,2007,DIGITALP,1937,PO  80Bw  10Pw  10,PO,70,NONE,NONE,NONE,75286,False,44.37949617523485,False,True,70,True,usable,61–80,True,False,False,False
182804995-014738,FOR,2007,DIGITALP,1897,Or  80Mh  10Iw  10,Or,110,NONE,NONE,NONE,75287,False,7.717920865117786,False,True,110,True,usable,101–150,True,True,True,True
182804995-014737,FOR,2007,DIGITALP,1937,Mr  20Bw  20PO  20Mh  10Sw  10Bd  10Aw  10,Mr,70,NONE,NONE,NONE,75288,False,3.8269337200757234,False,True,70,True,usable,61–80,True,False,False,False
182804995-014683,FOR,2007,DIGITALP,1977,Ab  80Pb  10Cw  10,Ab,30,WETT,NONE,NONE,75289,False,8.890326472329498,False,True,30,True,usable,21–40,False,False,False,False
182804995-134323,UCL,2007,DIGITALP,0,,,0,NONE,NONE,NONE,75295,False,5.049100455439162,False,False,0,False,not_FOR,Excluded / non-forest,False,False,False,False
182804995-120480,WAT,2007,DIGITALA,0,,,0,NONE,NONE,NONE,75297,False,3.4585420979580856,False,False,0,False,not_FOR,Excluded / non-forest,False,False,False,False
182804995-014741,FOR,2007,DIGITALP,1917,Aw  20Bd  20Mh  20Mr  20Be  10Cb  10,Aw,90,NONE,NONE,NONE,75299,False,29.824041586305988,False,True,90,True,usable,81–100,True,True,True,False
182804995-013845,OMS,2007,DIGITALP,0,,,0,NONE,NONE,NONE,75300,False,3.2071128249107033,False,False,0,False,not_FOR,Excluded / non-forest,False,False,False,False
182804995-014754,OMS,2007,DIGITALP,0,,,0,NONE,NONE,NONE,75302,False,14.12395512960761,False,False,0,False,not_FOR,Excluded / non-forest,False,False,False,False
828999003,GRS,2007,DIGITALP,0,,,0,NONE,NONE,NONE,75304,False,2.3305759616248802,False,False,0,False,not_FOR,Excluded / non-forest,False,False,False,False
182804995-014681,FOR,2007,DIGITALP,1987,Ab  40Cw  40Bf  10Pb  10,Ab,20,WETT,NONE,NONE,75310,False,13.074498705239398,False,True,20,True,usable,1–20,False,False,False,False
182804995-015747,FOR,2007,DIGITALP,1987,Bw  20PO  20Mr  20Mh  20Bd  10Be  10,Bw,20,NONE,NONE,NONE,75315,False,11.463427694668301,False,True,20,True,usable,1–20,False,False,False,False
182804995-015746,FOR,2007,DIGITALP,1897,Mr  30Cw  10PO  10Bf  10Mh  10By  10Sw  10Bw  10,Mr,110,NONE,NONE,NONE,75321,False,8.554149822711317,False,True,110,True,usable,101–150,True,True,True,True
182854995-014760,OMS,2007,DIGITALP,0,,,0,NONE,NONE,NONE,75325,False,24.21329622279205,False,False,0,False,not_FOR,Excluded / non-forest,False,False,False,False
182804995-014686,FOR,2007,DIGITALP,1927,Mr  30Sw  10PO  10Bw  10Pw  10Mh  10Bd  10Cb  10,Mr,80,NONE,NONE,NONE,75327,False,69.83835888520277,False,True,80,True,usable,61–80,True,True,False,False
828999086,FOR,2007,DIGITALP,1927,Pr  40Pw  20Pl  10Bf  10Sw  10Ab  10,Pr,80,DAMG,NONE,NONE,75332,False,14.03277845492266,False,True,80,True,usable,61–80,True,True,False,False
182804995-015748,FOR,2007,DIGITALP,1967,Bw  30PO  20Mr  20Mh  10Bf  10Cb  10,Bw,40,NONE,NONE,NONE,75335,False,7.367855838688725,False,True,40,True,usable,21–40,False,False,False,False
182804995-134342,UCL,2007,DIGITALP,0,,,0,NONE,NONE,NONE,75336,False,7.444684527166926,False,False,0,False,not_FOR,Excluded / non-forest,False,False,False,False
182804995-017484,FOR,2007,DIGITALP,1907,Ms  40Ew  10Cw  10Sw  10Mr  10By  10Pb  10,Ms,100,NONE,NONE,NONE,75340,False,9.76192068957344,False,True,100,True,usable,81–100,True,True,True,True
182804995-015751,FOR,2007,DIGITALP,1967,Ab  80Cw  10Bf  10,Ab,40,NONE,NONE,NONE,75341,False,24.7845803896061,False,True,40,True,usable,21–40,False,False,False,False
182804995-017485,FOR,2007,DIGITALP,1887,Ms  60Ab  20Pb  10Ew  10,Ms,120,NONE,NONE,NONE,75342,False,6.278230436542632,False,True,120,True,usable,101–150,True,True,True,True
182804990-023187,DAL,2007,DIGITALP,0,,,0,NONE,NONE,NONE,75344,False,9.720750461172125,False,False,0,False,not_FOR,Excluded / non-forest,False,False,False,False
182804985-024686,DAL,2007,DIGITALP,0,,,0,NONE,NONE,NONE,75345,False,47.833209812694285,False,False,0,False,not_FOR,Excluded / non-forest,False,False,False,False
182804990-024612,FOR,2007,DIGITALP,1887,Mh  60Mr  20By  10Bw  10,Mh,120,NONE,NONE,NONE,75347,False,3.3651749710929764,False,True,120,True,usable,101–150,True,True,True,True
182804985-022940,FOR,2007,DIGITALP,1917,Ab  90Sw  10,Ab,90,NONE,NONE,NONE,75348,False,9.074882015043054,False,True,90,True,usable,81–100,True,True,True,False
182804990-024609,FOR,2007,DIGITALP,1917,Cw  50Sb  40Bf  10,Cw,90,WETT,NONE,NONE,75349,False,15.951828267523538,False,True,90,True,usable,81–100,True,True,True,False
182804985-024296,FOR,2007,DIGITALP,1927,Cw  60Bw  10Sb  10PO  10Bf  10,Cw,80,NONE,NONE,NONE,75354,False,8.294838684268177,False,True,80,True,usable,61–80,True,True,False,False
182804990-023120,FOR,2007,DIGITALP,1937,Ab  70Sb  10Bw  10Cw  10,Ab,70,WETT,NONE,NONE,75355,False,6.768021243124131,False,True,70,True,usable,61–80,True,False,False,False
182804985-026618,FOR,2007,DIGITALP,1937,Bf  50Sb  20Sw  10Bw  10Pr  10,Bf,70,NONE,NONE,NONE,75356,False,10.905873101998248,False,True,70,True,usable,61–80,True,False,False,False
182804990-024705,FOR,2007,DIGITALP,1937,Bw  30PO  20Mr  20Bf  20Sw  10,Bw,70,NONE,NONE,NONE,75357,False,5.132350313502318,False,True,70,True,usable,61–80,True,False,False,False
182804985-023443,FOR,2007,DIGITALP,1937,Cw  60Bf  20Sb  10Sw  10,Cw,70,NONE,NONE,NONE,75358,False,25.922116104373014,False,True,70,True,usable,61–80,True,False,False,False
182804985-024551,FOR,2007,DIGITALP,1937,PO  30Bw  20Mr  20Pw  10Bf  10Sw  10,PO,70,NONE,NONE,NONE,75359,False,34.18041274927961,False,True,70,True,usable,61–80,True,False,False,False
182804985-023050,FOR,2007,DIGITALP,1937,Sw  40Bf  30PO  10Bw  10Mr  10,Sw,70,NONE,NONE,NONE,75361,False,26.385327118098147,False,True,70,True,usable,61–80,True,False,False,False
182804990-024706,FOR,2007,DIGITALP,1947,Bw  20Cw  20Bf  20PO  10Mr  10Sw  10Ab  10,Bw,60,NONE,NONE,NONE,75362,False,15.454795090732883,False,True,60,True,usable,41–60,True,False,False,False
182804985-023239,FOR,2007,DIGITALP,1947,Cw  60Sb  10Sw  10La  10Bf  10,Cw,60,NONE,NONE,NONE,75364,False,24.162317145807158,False,True,60,True,usable,41–60,True,False,False,False
182804985-023367,FOR,2007,DIGITALP,1957,Cw  30Bf  20Sb  20Ab  10Sw  10La  10,Cw,50,NONE,NONE,NONE,75368,False,8.83734431045806,False,True,50,True,usable,41–60,False,False,False,False
182854990-026495,FOR,2007,DIGITALP,1957,Sw  30Bf  30Bw  20PO  10Sb  10,Sw,50,NONE,NONE,NONE,75370,False,1.3452352255529068,False,True,50,True,usable,41–60,False,False,False,False
182804990-024608,FOR,2007,DIGITALP,1967,PO  40Bw  30Bf  10Sb  10Sw  10,PO,40,WETT,NONE,NONE,75372,False,8.302742146741954,False,True,40,True,usable,21–40,False,False,False,False
182804985-023119,GRS,2007,DIGITALP,0,,,0,NONE,NONE,NONE,75375,False,2.6621858034106354,False,False,0,False,not_FOR,Excluded / non-forest,False,False,False,False
182804990-026056,GRS,2007,DIGITALP,0,,,0,NONE,NONE,NONE,75376,False,2.274459491642297,False,False,0,False,not_FOR,Excluded / non-forest,False,False,False,False
182804990-023433,OMS,2007,DIGITALP,0,,,0,NONE,NONE,NONE,75377,False,1.455286150125738,False,False,0,False,not_FOR,Excluded / non-forest,False,False,False,False
182804990-026041,OMS,2007,DIGITALP,0,,,0,NONE,NONE,NONE,75378,False,0.6929710721872225,False,False,0,False,not_FOR,Excluded / non-forest,False,False,False,False
182804985-138512,UCL,2007,DIGITALP,0,,,0,NONE,NONE,NONE,75381,False,32.44111013089403,False,False,0,False,not_FOR,Excluded / non-forest,False,False,False,False
182804985-134139,UCL,2007,DIGITALP,0,,,0,NONE,NONE,NONE,75382,False,0.7492856444813055,False,False,0,False,not_FOR,Excluded / non-forest,False,False,False,False
182804985-134143,UCL,2007,DIGITALP,0,,,0,NONE,NONE,NONE,75383,False,7.52971056224582,False,False,0,False,not_FOR,Excluded / non-forest,False,False,False,False
182804990-120116,WAT,2007,DIGITALA,0,,,0,NONE,NONE,NONE,75386,False,0.626669290198827,False,False,0,False,not_FOR,Excluded / non-forest,False,False,False,False
182804995-120535,WAT,2007,DIGITALA,0,,,0,NONE,NONE,NONE,76913,False,0.42623526486503677,False,False,0,False,not_FOR,Excluded / non-forest,False,False,False,False
182804995-014742,BSH,2007,DIGITALP,0,,,0,NONE,NONE,NONE,76928,False,37.40254178716198,False,False,0,False,not_FOR,Excluded / non-forest,False,False,False,False
182804995-017240,FOR,2007,DIGITALP,1927,Mh  60Mr  20Bd  10PO  10,Mh,80,NONE,NONE,NONE,76929,False,12.105389115505307,False,True,80,True,usable,61–80,True,True,False,False
182804995-134349,UCL,2007,DIGITALP,0,,,0,NONE,NONE,NONE,76930,False,1.2505731509023406,False,False,0,False,not_FOR,Excluded / non-forest,False,False,False,False
182804995-017259,FOR,2007,DIGITALP,1927,Mh  40Mr  30Bd  10PO  10By  10,Mh,80,NONE,NONE,NONE,76939,False,11.462274651545709,False,True,80,True,usable,61–80,True,True,False,False
182804995-017239,FOR,2007,DIGITALP,1917,Mh  70Mr  10Bd  10PO  10,Mh,90,NONE,NONE,NONE,76940,False,13.586848804191726,False,True,90,True,usable,81–100,True,True,True,False
182804995-017258,FOR,2007,DIGITALP,1927,Mr  30Sw  20Bf  10PO  10Bw  10He  10Mh  10,Mr,80,NONE,NONE,NONE,76943,False,16.943114870284308,False,True,80,True,usable,61–80,True,True,False,False
182804995-017226,FOR,2007,DIGITALP,1917,Mh  60Mr  20Aw  10Bd  10,Mh,90,NONE,NONE,NONE,76945,False,34.366969822958936,False,True,90,True,usable,81–100,True,True,True,False
182804995-014942,FOR,2007,DIGITALP,1957,Ab  60Cw  30Bf  10,Ab,50,WETT,NONE,NONE,76946,False,18.825487090960447,False,True,50,True,usable,41–60,False,False,False,False
182754990-024715,FOR,2007,DIGITALP,2006,Mr  20Bw  20Mh  20Bd  20PO  10Aw  10,Mr,1,NONE,NONE,NONE,76979,False,2.898150610543272,False,True,1,True,usable,1–20,False,False,False,False
182754990-134140,UCL,2007,DIGITALP,0,,,0,NONE,NONE,NONE,76980,False,2.275446951921694,False,False,0,False,not_FOR,Excluded / non-forest,False,False,False,False
182754990-120125,WAT,2007,DIGITALA,0,,,0,NONE,NONE,NONE,76981,False,11.572999331561888,False,False,0,False,not_FOR,Excluded / non-forest,False,False,False,False
182754990-024024,FOR,2007,DIGITALP,1927,Mh  30Mr  20PO  20Aw  10Bd  10Bw  10,Mh,80,NONE,NONE,NONE,76982,False,8.404789261506487,False,True,80,True,usable,61–80,True,True,False,False
182754990-120136,WAT,2007,DIGITALA,0,,,0,NONE,NONE,NONE,76983,False,0.4955702608102727,False,False,0,False,not_FOR,Excluded / non-forest,False,False,False,False
182754990-024025,FOR,2007,DIGITALP,1937,Mh  60Mr  20Bd  10Aw  10,Mh,70,NONE,NONE,NONE,76984,False,8.127213866228374,False,True,70,True,usable,61–80,True,False,False,False
182754990-024130,FOR,2007,DIGITALP,1917,Mh  50Mr  20Bd  10Aw  10Be  10,Mh,90,NONE,NONE,NONE,76985,False,11.67922582911879,False,True,90,True,usable,81–100,True,True,True,False
182754990-024129,FOR,2007,DIGITALP,1917,Mh  30Mr  20Bd  10Aw  10PO  10Sw  10Bw  10,Mh,90,NONE,NONE,NONE,76986,False,18.796628213060178,False,True,90,True,usable,81–100,True,True,True,False
182754990-026526,FOR,2007,DIGITALP,1957,Bw  30PO  30Mr  10Mh  10Sw  10Bf  10,Bw,50,NONE,NONE,NONE,76987,False,71.3767437091514,False,True,50,True,usable,41–60,False,False,False,False
182754990-023794,FOR,2007,DIGITALP,1917,PO  30Sw  30Bw  20Mh  10Mr  10,PO,90,NONE,NONE,NONE,76988,False,7.3531952316830544,False,True,90,True,usable,81–100,True,True,True,False
182754990-024336,OMS,2007,DIGITALP,0,,,0,NONE,NONE,NONE,76989,False,2.352694134080646,False,False,0,False,not_FOR,Excluded / non-forest,False,False,False,False
182754990-134155,UCL,2007,DIGITALP,0,,,0,NONE,NONE,NONE,76990,False,2.359079561169458,False,False,0,False,not_FOR,Excluded / non-forest,False,False,False,False
182754990-024344,OMS,2007,DIGITALP,0,,,0,NONE,NONE,NONE,76991,False,3.6241111165864663,False,False,0,False,not_FOR,Excluded / non-forest,False,False,False,False
182754990-024341,FOR,2007,DIGITALP,1937,Bw  30PO  30Sw  20Mr  10Bf  10,Bw,70,NONE,NONE,NONE,76992,False,11.327283335415132,False,True,70,True,usable,61–80,True,False,False,False
182754990-024339,FOR,2007,DIGITALP,1947,Bw  20Ab  20Bf  20Sb  20Sw  10Pb  10,Bw,60,NONE,NONE,NONE,76993,False,11.282740038962041,False,True,60,True,usable,41–60,True,False,False,False
182754990-024337,FOR,2007,DIGITALP,1947,Bw  30Bf  20PO  20Mh  10Sw  10Mr  10,Bw,60,NONE,NONE,NONE,76994,False,8.755363115324096,False,True,60,True,usable,41–60,True,False,False,False
182754990-022597,FOR,2007,DIGITALP,1927,Bw  30Mh  30Mr  10PO  10Sw  10Bf  10,Bw,80,NONE,NONE,NONE,76995,False,12.357505428314347,False,True,80,True,usable,61–80,True,True,False,False
182754990-138509,UCL,2007,DIGITALP,0,,,0,NONE,NONE,NONE,76996,False,3.1508635570906858,False,False,0,False,not_FOR,Excluded / non-forest,False,False,False,False
827999053,WAT,2007,DIGITALA,0,,,0,NONE,NONE,NONE,76997,False,0.8077532587444132,False,False,0,False,not_FOR,Excluded / non-forest,False,False,False,False
182754990-023528,FOR,2007,DIGITALP,1957,Bw  30PO  30Sw  20Bf  10Mr  10,Bw,50,NONE,NONE,NONE,76998,False,17.65377353434521,False,True,50,True,usable,41–60,False,False,False,False
182754990-134167,UCL,2007,DIGITALP,0,,,0,NONE,NONE,NONE,76999,False,4.456525037905696,False,False,0,False,not_FOR,Excluded / non-forest,False,False,False,False
182754990-024334,FOR,2007,DIGITALP,1937,PO  40Bw  20Mr  10Sw  10Bd  10Aw  10,PO,70,NONE,NONE,NONE,77000,False,7.310617010470526,False,True,70,True,usable,61–80,True,False,False,False
182754990-024333,FOR,2007,DIGITALP,1937,PO  50Bw  30Mr  10Mh  10,PO,70,NONE,NONE,NONE,77001,False,17.784515378804105,False,True,70,True,usable,61–80,True,False,False,False
182754990-024328,FOR,2007,DIGITALP,1937,PO  30Bw  20Mh  20Mr  20Sw  10,PO,70,NONE,NONE,NONE,77002,False,11.703211756827024,False,True,70,True,usable,61–80,True,False,False,False
182754990-024342,FOR,2007,DIGITALP,1927,Mh  80PO  10Mr  10,Mh,80,NONE,NONE,NONE,77003,False,8.889012789725738,False,True,80,True,usable,61–80,True,True,False,False
182754990-024331,FOR,2007,DIGITALP,1917,Mh  50Mr  20Bw  10Bd  10PO  10,Mh,90,NONE,NONE,NONE,77004,False,15.488394100020093,False,True,90,True,usable,81–100,True,True,True,False
182754990-024327,FOR,2007,DIGITALP,1937,Sw  40Bf  20Ms  10PO  10Bw  10Mr  10,Sw,70,NONE,NONE,NONE,77005,False,9.13165265198881,False,True,70,True,usable,61–80,True,False,False,False
182754990-024329,FOR,2007,DIGITALP,1937,PO  30Bw  20Sw  20Bf  20By  10,PO,70,NONE,NONE,NONE,77006,False,17.410738480778186,False,True,70,True,usable,61–80,True,False,False,False
182754990-024332,FOR,2007,DIGITALP,1937,PO  80Bw  10Pr  10,PO,70,NONE,NONE,NONE,77007,False,13.270428431053881,False,True,70,True,usable,61–80,True,False,False,False
182754990-025945,FOR,2007,DIGITALP,1937,PO  90Bw  10,PO,70,NONE,NONE,NONE,77008,False,6.164344694865433,False,True,70,True,usable,61–80,True,False,False,False
182754990-024330,FOR,2007,DIGITALP,1937,PO  70Bw  10Pw  10Mr  10,PO,70,NONE,NONE,NONE,77009,False,5.0298488371599825,False,True,70,True,usable,61–80,True,False,False,False
182754990-024323,BSH,2007,DIGITALP,0,,,0,NONE,NONE,NONE,77010,False,2.169311472634658,False,False,0,False,not_FOR,Excluded / non-forest,False,False,False,False
827999080,FOR,2007,DIGITALP,1957,Pw  60Sw  10Pt  10Bw  10Bf  10,Pw,50,NONE,NONE,NONE,77011,False,9.36552946695904,False,True,50,True,usable,41–60,False,False,False,False
182754990-022554,FOR,2007,DIGITALP,1927,Mr  20Sw  20Cb  10Bd  10Mh  10Pw  10PO  10Bw  10,Mr,80,NONE,NONE,NONE,77012,False,7.623886190800969,False,True,80,True,usable,61–80,True,True,False,False
182754990-023134,FOR,2007,DIGITALP,1917,PO  40Mh  30Mr  20Bw  10,PO,90,NONE,NONE,NONE,77013,False,12.31898525529076,False,True,90,True,usable,81–100,True,True,True,False
182754990-120213,WAT,2007,DIGITALA,0,,,0,NONE,NONE,NONE,77014,False,1.030705605221905,False,False,0,False,not_FOR,Excluded / non-forest,False,False,False,False
182754990-022604,OMS,2007,DIGITALP,0,,,0,NONE,NONE,NONE,77015,False,2.7855363921744223,False,False,0,False,not_FOR,Excluded / non-forest,False,False,False,False
827999066,OMS,2007,DIGITALP,0,,,0,NONE,NONE,NONE,77016,False,3.4582989347136115,False,False,0,False,not_FOR,Excluded / non-forest,False,False,False,False
827999012,WAT,2007,DIGITALA,0,,,0,NONE,NONE,NONE,77017,False,0.82984125031445,False,False,0,False,not_FOR,Excluded / non-forest,False,False,False,False
182754990-024315,FOR,2007,DIGITALP,1927,Or  50Bd  10Mr  10Be  10Mh  10Iw  10,Or,80,NONE,NONE,NONE,77018,False,6.121795135399557,False,True,80,True,usable,61–80,True,True,False,False
182754990-120223,WAT,2007,DIGITALA,0,,,0,NONE,NONE,NONE,77019,False,1.721773724832895,False,False,0,False,not_FOR,Excluded / non-forest,False,False,False,False
182754990-023483,FOR,2007,DIGITALP,1917,Mh  30Mr  20Bd  20PO  10Aw  10Be  10,Mh,90,NONE,NONE,NONE,77020,False,13.803536005787423,False,True,90,True,usable,81–100,True,True,True,False
182754990-025946,OMS,2007,DIGITALP,0,,,0,NONE,NONE,NONE,77021,False,1.6949155856451208,False,False,0,False,not_FOR,Excluded / non-forest,False,False,False,False
182754990-023444,FOR,2007,DIGITALP,1917,Mr  30Mh  30Bd  20PO  10Aw  10,Mr,90,NONE,NONE,NONE,77022,False,27.98409694980309,False,True,90,True,usable,81–100,True,True,True,False
182754990-120242,WAT,2007,DIGITALA,0,,,0,NONE,NONE,NONE,77023,False,2.5247764387143,False,False,0,False,not_FOR,Excluded / non-forest,False,False,False,False
182754990-026477,FOR,2007,DIGITALP,1927,PO  30Sw  20Mr  10Pw  10He  10Bw  10Mh  10,PO,80,NONE,NONE,NONE,77024,False,28.673985787915207,False,True,80,True,usable,61–80,True,True,False,False
182754990-120250,WAT,2007,DIGITALA,0,,,0,NONE,NONE,NONE,77025,False,0.2367063275238105,False,False,0,False,not_FOR,Excluded / non-forest,False,False,False,False
182754990-023135,FOR,2007,DIGITALP,1937,PO  70Bw  20Mr  10,PO,70,NONE,NONE,NONE,77026,False,35.440791460502965,False,True,70,True,usable,61–80,True,False,False,False
182754990-024320,FOR,2007,DIGITALP,1917,Mh  20PO  20Mr  20Or  20Bd  10Pw  10,Mh,90,NONE,NONE,NONE,77027,False,7.316853934427248,False,True,90,True,usable,81–100,True,True,True,False
182754990-023133,FOR,2007,DIGITALP,1917,Mh  40PO  20Mr  20Bw  10Bd  10,Mh,90,NONE,NONE,NONE,77028,False,10.832084803647948,False,True,90,True,usable,81–100,True,True,True,False
182754990-025279,FOR,2007,DIGITALP,1957,Bw  50Cw  10Mh  10Mr  10Sw  10PO  10,Bw,50,NONE,NONE,NONE,77029,False,1.8583698034288934,False,True,50,True,usable,41–60,False,False,False,False
827999068,WAT,2007,DIGITALA,0,,,0,NONE,NONE,NONE,77030,False,0.865153517985791,False,False,0,False,not_FOR,Excluded / non-forest,False,False,False,False
182754990-023141,OMS,2007,DIGITALP,0,,,0,NONE,NONE,NONE,77031,False,1.4241627804454324,False,False,0,False,not_FOR,Excluded / non-forest,False,False,False,False
182754990-023439,FOR,2007,DIGITALP,1917,Mh  50Mr  20Aw  10Bd  10PO  10,Mh,90,NONE,NONE,NONE,77032,False,16.483887904927872,False,True,90,True,usable,81–100,True,True,True,False
182754990-022669,FOR,2007,DIGITALP,1917,Or  30Bd  20Mh  20PO  10Aw  10Mr  10,Or,90,NONE,NONE,NONE,77033,False,33.4635591518464,False,True,90,True,usable,81–100,True,True,True,False
182754990-120267,WAT,2007,DIGITALA,0,,,0,NONE,NONE,NONE,77034,False,3.7578021206507337,False,False,0,False,not_FOR,Excluded / non-forest,False,False,False,False
182754990-025297,FOR,2007,DIGITALP,1917,Or  60Bd  10Iw  10Mh  10Pw  10,Or,90,NONE,NONE,NONE,77035,False,35.10422089708474,False,True,90,True,usable,81–100,True,True,True,False
182754990-134224,UCL,2007,DIGITALP,0,,,0,NONE,NONE,NONE,77036,False,1.2030032610873314,False,False,0,False,not_FOR,Excluded / non-forest,False,False,False,False
182754990-120279,WAT,2007,DIGITALA,0,,,0,NONE,NONE,NONE,77037,False,4.49051391301827,False,False,0,False,not_FOR,Excluded / non-forest,False,False,False,False
182754990-023699,FOR,2007,DIGITALP,1927,Ab  60La  10PO  10Bw  10Cw  10,Ab,80,WETT,NONE,NONE,77038,False,2.757699088380039,False,True,80,True,usable,61–80,True,True,False,False
182754990-025275,FOR,2007,DIGITALP,1937,Mr  20Mh  20Or  20Bd  10Aw  10Iw  10PO  10,Mr,70,NONE,NONE,NONE,77039,False,3.6419954054296753,False,True,70,True,usable,61–80,True,False,False,False
182754990-025294,FOR,2007,DIGITALP,1927,Or  30PO  20Aw  10Bd  10Mh  10Bw  10Mr  10,Or,80,NONE,NONE,NONE,77040,False,15.106075399010289,False,True,80,True,usable,61–80,True,True,False,False
182754990-023684,OMS,2007,DIGITALP,0,,,0,NONE,NONE,NONE,77041,False,0.1780492293235024,False,False,0,False,not_FOR,Excluded / non-forest,False,False,False,False
182754990-026582,FOR,2007,DIGITALP,1927,Mr  30PO  20Aw  10Bd  10Mh  10Bw  10Sw  10,Mr,80,NONE,NONE,NONE,77042,False,21.5585423499319,False,True,80,True,usable,61–80,True,True,False,False
182754990-025311,FOR,2007,DIGITALP,1927,PO  60Mr  20Bw  10Pw  10,PO,80,NONE,NONE,NONE,77043,False,14.726013835885912,False,True,80,True,usable,61–80,True,True,False,False
827999081,FOR,2007,DIGITALP,1972,Pr  50Pw  30Bw  10Pt  10,Pr,35,NONE,NONE,NONE,77044,False,1.5375811464560503,False,True,35,True,usable,21–40,False,False,False,False
827999047,WAT,2007,DIGITALA,0,,,0,NONE,NONE,NONE,77045,False,1.705892860993727,False,False,0,False,not_FOR,Excluded / non-forest,False,False,False,False
182754990-023234,OMS,2007,DIGITALP,0,,,0,NONE,NONE,NONE,77046,False,0.7011100822522162,False,False,0,False,not_FOR,Excluded / non-forest,False,False,False,False
827999008,OMS,2007,DIGITALP,0,,,0,NONE,NONE,NONE,77047,False,1.9593149577813849,False,False,0,False,not_FOR,Excluded / non-forest,False,False,False,False
182754990-023698,FOR,2007,DIGITALP,1917,Mh  60Bd  10Aw  10Mr  10PO  10,Mh,90,NONE,NONE,NONE,77048,False,20.675331418426207,False,True,90,True,usable,81–100,True,True,True,False
182754990-025298,FOR,2007,DIGITALP,1917,Mh  70Mr  10Bd  10Aw  10,Mh,90,NONE,NONE,NONE,77049,False,12.942312390880582,False,True,90,True,usable,81–100,True,True,True,False
182754990-025292,FOR,2007,DIGITALP,1917,Mh  40Or  20Aw  10Mr  10PO  10Bd  10,Mh,90,NONE,NONE,NONE,77050,False,15.576112111989103,False,True,90,True,usable,81–100,True,True,True,False
182754990-138931,UCL,2007,DIGITALP,0,,,0,NONE,NONE,NONE,77051,False,3.4491383692753415,False,False,0,False,not_FOR,Excluded / non-forest,False,False,False,False
182754990-025296,FOR,2007,DIGITALP,1927,Mr  30PO  20Aw  10Bd  10Mh  10Bw  10By  10,Mr,80,NONE,NONE,NONE,77052,False,32.227592090643995,False,True,80,True,usable,61–80,True,True,False,False
182754990-025299,FOR,2007,DIGITALP,1927,Mh  20Mr  20Bd  20Aw  10He  10Bw  10Sw  10,Mh,80,NONE,NONE,NONE,77053,False,9.415734655213223,False,True,80,True,usable,61–80,True,True,False,False
182754990-134239,UCL,2007,DIGITALP,0,,,0,NONE,NONE,NONE,77054,False,8.956420393436188,False,False,0,False,not_FOR,Excluded / non-forest,False,False,False,False
182754990-023152,BSH,2007,DIGITALP,0,,,0,NONE,NONE,NONE,77055,False,1.173607328235888,False,False,0,False,not_FOR,Excluded / non-forest,False,False,False,False
182754990-025293,FOR,2007,DIGITALP,1937,Cw  40Mr  20Bw  10Bf  10Sw  10PO  10,Cw,70,NONE,NONE,NONE,77056,False,6.158341742197215,False,True,70,True,usable,61–80,True,False,False,False
182754990-137979,UCL,2007,DIGITALP,0,,,0,NONE,NONE,NONE,77057,False,3.1038335131512715,False,False,0,False,not_FOR,Excluded / non-forest,False,False,False,False
182754990-134247,UCL,2007,DIGITALP,0,,,0,NONE,NONE,NONE,77058,False,1.9673935163270921,False,False,0,False,not_FOR,Excluded / non-forest,False,False,False,False
182754995-120318,WAT,2007,DIGITALA,0,,,0,NONE,NONE,NONE,77059,False,0.9992227370762601,False,False,0,False,not_FOR,Excluded / non-forest,False,False,False,False
182754990-025300,FOR,2007,DIGITALP,1967,Bw  50PO  20Mr  10Bf  10Sw  10,Bw,40,NONE,NONE,NONE,77060,False,10.077348532951632,False,True,40,True,usable,21–40,False,False,False,False
182754990-025328,FOR,2007,DIGITALP,1927,PO  40Bw  20Bf  10Sw  10Pr  10Mr  10,PO,80,NONE,NONE,NONE,77061,False,9.634494156015489,False,True,80,True,usable,61–80,True,True,False,False
182754995-025302,BSH,2007,DIGITALP,0,,,0,NONE,NONE,NONE,77062,False,1.6505472977050435,False,False,0,False,not_FOR,Excluded / non-forest,False,False,False,False
182754990-025291,FOR,2007,DIGITALP,1957,PO  30Bd  20Bw  20Mh  20Mr  10,PO,50,NONE,NONE,NONE,77063,False,28.830205977362983,False,True,50,True,usable,41–60,False,False,False,False
182754995-120325,WAT,2007,DIGITALA,0,,,0,NONE,NONE,NONE,77064,False,2.0695804381153606,False,False,0,False,not_FOR,Excluded / non-forest,False,False,False,False
182754995-138936,UCL,2007,DIGITALP,0,,,0,NONE,NONE,NONE,77065,False,8.32025909347895,False,False,0,False,not_FOR,Excluded / non-forest,False,False,False,False
182754995-025303,FOR,2007,DIGITALP,1927,Mr  20Bw  20PO  20Sw  10He  10Pw  10Mh  10,Mr,80,NONE,NONE,NONE,77066,False,8.363480332706823,False,True,80,True,usable,61–80,True,True,False,False
182754995-023718,FOR,2007,DIGITALP,1917,Mr  30Aw  20Mh  20Bd  20PO  10,Mr,90,NONE,NONE,NONE,77067,False,27.101082327156544,False,True,90,True,usable,81–100,True,True,True,False
182754995-023723,OMS,2007,DIGITALP,0,,,0,NONE,NONE,NONE,77068,False,0.24233802566506302,False,False,0,False,not_FOR,Excluded / non-forest,False,False,False,False
182754995-023726,OMS,2007,DIGITALP,0,,,0,NONE,NONE,NONE,77069,False,3.891939869757508,False,False,0,False,not_FOR,Excluded / non-forest,False,False,False,False
182754995-023727,BSH,2007,DIGITALP,0,,,0,NONE,NONE,NONE,77070,False,0.887332491107906,False,False,0,False,not_FOR,Excluded / non-forest,False,False,False,False
827999038,OMS,2007,DIGITALP,0,,,0,NONE,NONE,NONE,77071,False,0.6454327116008969,False,False,0,False,not_FOR,Excluded / non-forest,False,False,False,False
182754995-120339,WAT,2007,DIGITALA,0,,,0,NONE,NONE,NONE,77072,False,1.5715894405138473,False,False,0,False,not_FOR,Excluded / non-forest,False,False,False,False
182754995-025301,FOR,2007,DIGITALP,1957,Bf  30Sw  30Mr  10Bw  10PO  10He  10,Bf,50,NONE,NONE,NONE,77073,False,10.100424312056433,False,True,50,True,usable,41–60,False,False,False,False
182754995-025304,GRS,2007,DIGITALP,0,,,0,NONE,NONE,NONE,77074,False,4.815087837626348,False,False,0,False,not_FOR,Excluded / non-forest,False,False,False,False
827999034,WAT,2007,DIGITALA,0,,,0,NONE,NONE,NONE,77075,False,0.07766838122612985,False,False,0,False,not_FOR,Excluded / non-forest,False,False,False,False
827999033,WAT,2007,DIGITALA,0,,,0,NONE,NONE,NONE,77076,False,0.3120913940796227,False,False,0,False,not_FOR,Excluded / non-forest,False,False,False,False
827999032,WAT,2007,DIGITALA,0,,,0,NONE,NONE,NONE,77077,False,0.12066261618832,False,False,0,False,not_FOR,Excluded / non-forest,False,False,False,False
182754995-120350,WAT,2007,DIGITALA,0,,,0,NONE,NONE,NONE,77078,False,0.26291758144938765,False,False,0,False,not_FOR,Excluded / non-forest,False,False,False,False
182754995-022650,OMS,2007,DIGITALP,0,,,0,NONE,NONE,NONE,77079,False,13.5109404835597,False,False,0,False,not_FOR,Excluded / non-forest,False,False,False,False
182754995-120353,WAT,2007,DIGITALA,0,,,0,NONE,NONE,NONE,77080,False,0.33503185282252357,False,False,0,False,not_FOR,Excluded / non-forest,False,False,False,False
182754995-134259,UCL,2007,DIGITALP,0,,,0,NONE,NONE,NONE,77081,False,1.6659013440068924,False,False,0,False,not_FOR,Excluded / non-forest,False,False,False,False
182754995-134261,UCL,2007,DIGITALP,0,,,0,NONE,NONE,NONE,77082,False,2.1249900266195114,False,False,0,False,not_FOR,Excluded / non-forest,False,False,False,False
182754995-025305,FOR,2007,DIGITALP,1977,Bw  40PO  40Mr  10Sw  10,Bw,30,NONE,NONE,NONE,77083,False,6.55616417536659,False,True,30,True,usable,21–40,False,False,False,False
182754995-134262,UCL,2007,DIGITALP,0,,,0,NONE,NONE,NONE,77084,False,0.6350690682915797,False,False,0,False,not_FOR,Excluded / non-forest,False,False,False,False
182754995-134263,UCL,2007,DIGITALP,0,,,0,NONE,NONE,NONE,77085,False,25.097057066293946,False,False,0,False,not_FOR,Excluded / non-forest,False,False,False,False
182754995-023753,DAL,2007,DIGITALP,0,,,0,NONE,NONE,NONE,77086,False,2.17341677876159,False,False,0,False,not_FOR,Excluded / non-forest,False,False,False,False
182754995-023741,OMS,2007,DIGITALP,0,,,0,NONE,NONE,NONE,77087,False,0.5769683252689707,False,False,0,False,not_FOR,Excluded / non-forest,False,False,False,False
182754995-025286,FOR,2007,DIGITALP,1917,Aw  20Mr  20Mh  20Bd  20Sw  10PO  10,Aw,90,NONE,NONE,NONE,77088,False,18.129104714643457,False,True,90,True,usable,81–100,True,True,True,False
182754995-025285,FOR,2007,DIGITALP,1927,Mr  20Mh  20Aw  10Bd  10Sw  10PO  10Pw  10Bw  10,Mr,80,NONE,NONE,NONE,77089,False,20.77558035514494,False,True,80,True,usable,61–80,True,True,False,False
182754995-026583,FOR,2007,DIGITALP,1937,Bw  30PO  20Sw  20Mr  10Mh  10Bf  10,Bw,70,NONE,NONE,NONE,77090,False,25.362433503509433,False,True,70,True,usable,61–80,True,False,False,False
182754995-025306,FOR,2007,DIGITALP,1937,Bw  20PO  20Mr  20Mh  20Bf  10Sw  10,Bw,70,NONE,NONE,NONE,77091,False,5.513470484494096,False,True,70,True,usable,61–80,True,False,False,False
182754995-120381,WAT,2007,DIGITALA,0,,,0,NONE,NONE,NONE,77092,False,2.460107643500172,False,False,0,False,not_FOR,Excluded / non-forest,False,False,False,False
827999035,WAT,2007,DIGITALA,0,,,0,NONE,NONE,NONE,77093,False,0.16204225637799557,False,False,0,False,not_FOR,Excluded / non-forest,False,False,False,False
827999036,OMS,2007,DIGITALP,0,,,0,NONE,NONE,NONE,77094,False,8.257720276001224,False,False,0,False,not_FOR,Excluded / non-forest,False,False,False,False
182754995-025288,FOR,2007,DIGITALP,1917,Mh  60Mr  20By  10PO  10,Mh,90,NONE,NONE,NONE,77095,False,23.37751163497063,False,True,90,True,usable,81–100,True,True,True,False
182754995-025307,FOR,2007,DIGITALP,1907,Mh  60Bd  20Aw  10Mr  10,Mh,100,NONE,NONE,NONE,77096,False,22.209488591742904,False,True,100,True,usable,81–100,True,True,True,True
182754995-025309,FOR,2007,DIGITALP,1917,Bd  30Mr  20PO  20Mh  10Bw  10Aw  10,Bd,90,NONE,NONE,NONE,77097,False,14.958025217527366,False,True,90,True,usable,81–100,True,True,True,False
182754995-025289,FOR,2007,SUPINFO,1907,Mh  60Mr  20Bd  10PO  10,Mh,100,NONE,NONE,NONE,77098,False,18.76961286100843,False,True,100,True,usable,81–100,True,True,True,True
182754995-025308,FOR,2007,DIGITALP,1957,Bw  40PO  20Mr  20Mh  10Bd  10,Bw,50,NONE,NONE,NONE,77099,False,14.354648710695866,False,True,50,True,usable,41–60,False,False,False,False
182754995-025769,FOR,2007,SUPINFO,1907,Mh  60Mr  20Bd  10Aw  10,Mh,100,NONE,NONE,NONE,77100,False,8.383099219722823,False,True,100,True,usable,81–100,True,True,True,True
182754995-025310,FOR,2007,DIGITALP,1897,Mh  50Bd  20PO  10Mr  10Aw  10,Mh,110,NONE,NONE,NONE,77101,False,23.08724060415513,False,True,110,True,usable,101–150,True,True,True,True
182754995-025287,FOR,2007,DIGITALP,1927,Mr  30Aw  10Sw  10Bw  10PO  10Mh  10He  10Bd  10,Mr,80,NONE,NONE,NONE,77102,False,17.108503535229364,False,True,80,True,usable,61–80,True,True,False,False
182754995-025770,FOR,2007,DIGITALP,1937,Cw  40Bf  20Ab  10Bw  10Sw  10He  10,Cw,70,NONE,NONE,NONE,77103,False,2.303315254288922,False,True,70,True,usable,61–80,True,False,False,False
182754995-025768,FOR,2007,SUPINFO,1937,PO  70Bw  20Mr  10,PO,70,NONE,NONE,NONE,77104,False,13.94665504290697,False,True,70,True,usable,61–80,True,False,False,False
182754995-120413,WAT,2007,DIGITALA,0,,,0,NONE,NONE,NONE,77105,False,0.18226645424146964,False,False,0,False,not_FOR,Excluded / non-forest,False,False,False,False
827999029,WAT,2007,DIGITALA,0,,,0,NONE,NONE,NONE,77106,False,0.3102279953261404,False,False,0,False,not_FOR,Excluded / non-forest,False,False,False,False
182754995-025765,FOR,2007,DIGITALP,1897,Mh  50Mr  20Aw  10PO  10Bd  10,Mh,110,NONE,NONE,NONE,77107,False,11.339184032754012,False,True,110,True,usable,101–150,True,True,True,True
182754995-022814,OMS,2007,DIGITALP,0,,,0,NONE,NONE,NONE,77108,False,1.2695101196799181,False,False,0,False,not_FOR,Excluded / non-forest,False,False,False,False
182754995-120425,WAT,2007,DIGITALA,0,,,0,NONE,NONE,NONE,77109,False,0.13371326175650994,False,False,0,False,not_FOR,Excluded / non-forest,False,False,False,False
182754995-025766,FOR,2007,DIGITALP,1947,PO  40Bw  20Mr  20Mh  10Bd  10,PO,60,NONE,NONE,NONE,77110,False,12.630301121866642,False,True,60,True,usable,41–60,True,False,False,False
182754995-120431,WAT,2007,DIGITALA,0,,,0,NONE,NONE,NONE,77111,False,0.03896760067904885,False,False,0,False,not_FOR,Excluded / non-forest,False,False,False,False
182754995-120439,WAT,2007,DIGITALA,0,,,0,NONE,NONE,NONE,77112,False,0.12495670563437293,False,False,0,False,not_FOR,Excluded / non-forest,False,False,False,False
182754995-134299,UCL,2007,DIGITALP,0,,,0,NONE,NONE,NONE,77113,False,3.450915118092703,False,False,0,False,not_FOR,Excluded / non-forest,False,False,False,False
182754995-025767,FOR,2007,DIGITALP,1927,PO  40Mr  20Bw  10Mh  10Bd  10Sw  10,PO,80,NONE,NONE,NONE,77114,False,15.07950298962017,False,True,80,True,usable,61–80,True,True,False,False
827999028,WAT,2007,DIGITALA,0,,,0,NONE,NONE,NONE,77115,False,0.11141075632232424,False,False,0,False,not_FOR,Excluded / non-forest,False,False,False,False
182754995-025771,FOR,2007,DIGITALP,1917,Mr  30PO  20Mh  20Bw  10Bd  10Sw  10,Mr,90,NONE,NONE,NONE,77116,False,5.905544451259445,False,True,90,True,usable,81–100,True,True,True,False
182754995-134301,UCL,2007,DIGITALP,0,,,0,NONE,NONE,NONE,77117,False,1.4935713362145502,False,False,0,False,not_FOR,Excluded / non-forest,False,False,False,False
182754995-017480,GRS,2007,DIGITALP,0,,,0,NONE,NONE,NONE,77118,False,1.1735409612055339,False,False,0,False,not_FOR,Excluded / non-forest,False,False,False,False
182754995-026603,FOR,2007,DIGITALP,1937,Bf  30Sw  30Mr  10Mh  10PO  10Bw  10,Bf,70,NONE,NONE,NONE,77119,False,3.790300728310049,False,True,70,True,usable,61–80,True,False,False,False
182754995-134304,UCL,2007,DIGITALP,0,,,0,NONE,NONE,NONE,77120,False,13.769830941600052,False,False,0,False,not_FOR,Excluded / non-forest,False,False,False,False
182754995-120448,WAT,2007,DIGITALA,0,,,0,NONE,NONE,NONE,77121,False,0.23556369992319207,False,False,0,False,not_FOR,Excluded / non-forest,False,False,False,False
182754995-026602,FOR,2007,DIGITALP,1937,PO  20Bw  20Mr  20Mh  20Bd  10Sw  10,PO,70,NONE,NONE,NONE,77122,False,27.465489029689923,False,True,70,True,usable,61–80,True,False,False,False
827999030,WAT,2007,DIGITALA,0,,,0,NONE,NONE,NONE,77123,False,0.7566891630654351,False,False,0,False,not_FOR,Excluded / non-forest,False,False,False,False
182754995-014689,FOR,2007,DIGITALP,1937,Mr  30Bw  20Ab  10PO  10Mh  10By  10Bf  10,Mr,70,NONE,NONE,NONE,77124,False,14.326073742159585,False,True,70,True,usable,61–80,True,False,False,False
182754995-014731,OMS,2007,DIGITALP,0,,,0,NONE,NONE,NONE,77125,False,8.683153869538424,False,False,0,False,not_FOR,Excluded / non-forest,False,False,False,False
182754995-013614,BSH,2007,DIGITALP,0,,,0,NONE,NONE,NONE,77126,False,0.5816617145936964,False,False,0,False,not_FOR,Excluded / non-forest,False,False,False,False
182754995-014734,FOR,2007,DIGITALP,1917,Mh  60Mr  10Be  10Bd  10By  10,Mh,90,NONE,NONE,NONE,77127,False,27.160637773382064,False,True,90,True,usable,81–100,True,True,True,False
182754995-014733,FOR,2007,DIGITALP,1927,PO  40Sw  30Mr  10Bf  10Bw  10,PO,80,NONE,NONE,NONE,77128,False,16.811153001942564,False,True,80,True,usable,61–80,True,True,False,False
182754995-015742,FOR,2007,DIGITALP,1937,Sw  40Bw  20He  10Bf  10PO  10Mr  10,Sw,70,NONE,NONE,NONE,77129,False,2.2814746731820366,False,True,70,True,usable,61–80,True,False,False,False
182754995-014735,DAL,2007,DIGITALP,0,,,0,NONE,NONE,NONE,77130,False,15.42321401205109,False,False,0,False,not_FOR,Excluded / non-forest,False,False,False,False
827999027,WAT,2007,DIGITALA,0,,,0,NONE,NONE,NONE,77131,False,0.12143930661423877,False,False,0,False,not_FOR,Excluded / non-forest,False,False,False,False
182754995-134330,UCL,2007,DIGITALP,0,,,0,NONE,NONE,NONE,77132,False,1.6107369199899946,False,False,0,False,not_FOR,Excluded / non-forest,False,False,False,False
182754995-013721,BSH,2007,DIGITALP,0,,,0,NONE,NONE,NONE,77133,False,1.2024188266405793,False,False,0,False,not_FOR,Excluded / non-forest,False,False,False,False
182754995-015743,OMS,2007,DIGITALP,0,,,0,NONE,NONE,NONE,77134,False,5.7172635620692995,False,False,0,False,not_FOR,Excluded / non-forest,False,False,False,False
182754995-014694,FOR,2007,DIGITALP,1937,Bw  20PO  20Sw  20Mr  20Bf  10Mh  10,Bw,70,NONE,NONE,NONE,77135,False,10.798756512773071,False,True,70,True,usable,61–80,True,False,False,False
182754995-013671,OMS,2007,DIGITALP,0,,,0,NONE,NONE,NONE,77136,False,0.15153022122610543,False,False,0,False,not_FOR,Excluded / non-forest,False,False,False,False
182754995-015740,FOR,2007,DIGITALP,1967,PO  40Bw  20Bf  20Sw  20,PO,40,NONE,NONE,NONE,77137,False,19.207873480295984,False,True,40,True,usable,21–40,False,False,False,False
182754995-017218,FOR,2007,DIGITALP,1982,PO  50Bw  30Mh  10WI  10,PO,25,NONE,NONE,NONE,77138,False,3.2340456936585924,False,True,25,True,usable,21–40,False,False,False,False
182754995-134337,UCL,2007,DIGITALP,0,,,0,NONE,NONE,NONE,77139,False,1.6969437054268477,False,False,0,False,not_FOR,Excluded / non-forest,False,False,False,False
182754995-017481,FOR,2007,DIGITALP,1937,Bw  30PO  30Bf  20Sw  10Mr  10,Bw,70,NONE,NONE,NONE,77140,True,8.563839266762134,False,True,70,True,usable,61–80,True,False,False,False
182754995-014928,OMS,2007,DIGITALP,0,,,0,NONE,NONE,NONE,77141,False,3.6287958179937108,False,False,0,False,not_FOR,Excluded / non-forest,False,False,False,False
182754995-134340,UCL,2007,DIGITALP,0,,,0,NONE,NONE,NONE,77142,False,3.0079671890849724,False,False,0,False,not_FOR,Excluded / non-forest,False,False,False,False
182754995-014466,BSH,2007,DIGITALP,0,,,0,NONE,NONE,NONE,77143,False,1.1466253380716676,False,False,0,False,not_FOR,Excluded / non-forest,False,False,False,False
182754995-014923,FOR,2007,DIGITALP,1967,PO  50Bw  30Mh  10WI  10,PO,40,NONE,NONE,NONE,77144,False,3.3742672099785866,False,True,40,True,usable,21–40,False,False,False,False
182754995-014927,BSH,2007,DIGITALP,0,,,0,NONE,NONE,NONE,77145,False,1.8647304680057806,False,False,0,False,not_FOR,Excluded / non-forest,False,False,False,False
182754995-014465,OMS,2007,DIGITALP,0,,,0,NONE,NONE,NONE,77146,False,0.8131928045500306,False,False,0,False,not_FOR,Excluded / non-forest,False,False,False,False
182754995-134351,UCL,2007,DIGITALP,0,,,0,NONE,NONE,NONE,77147,False,1.0429929322925924,False,False,0,False,not_FOR,Excluded / non-forest,False,False,False,False
182754995-017198,FOR,2007,DIGITALP,1917,PO  20Mr  20Or  20Mh  20Bd  10Bw  10,PO,90,NONE,NONE,NONE,77148,False,15.165859000997944,False,True,90,True,usable,81–100,True,True,True,False
182754995-134346,UCL,2007,DIGITALP,0,,,0,NONE,NONE,NONE,77149,False,4.100991734210751,False,False,0,False,not_FOR,Excluded / non-forest,False,False,False,False
182754995-120524,WAT,2007,DIGITALA,0,,,0,NONE,NONE,NONE,77150,False,0.2674742427377678,False,False,0,False,not_FOR,Excluded / non-forest,False,False,False,False
827999023,WAT,2007,DIGITALA,0,,,0,NONE,NONE,NONE,77151,False,0.15749351042076404,False,False,0,False,not_FOR,Excluded / non-forest,False,False,False,False
182754995-014464,BSH,2007,DIGITALP,0,,,0,NONE,NONE,NONE,77152,False,0.5958892429279776,False,False,0,False,not_FOR,Excluded / non-forest,False,False,False,False
182754995-017220,FOR,2007,DIGITALP,1937,PO  30Mr  20Ab  20Bw  10Mh  10Bf  10,PO,70,NONE,NONE,NONE,77153,False,16.08494854944384,False,True,70,True,usable,61–80,True,False,False,False
182754995-017219,FOR,2007,DIGITALP,1937,Sw  50PO  20Mr  10Bw  10Bf  10,Sw,70,NONE,NONE,NONE,77154,False,5.352319451108953,False,True,70,True,usable,61–80,True,False,False,False
827999024,OMS,2007,DIGITALP,0,,,0,NONE,NONE,NONE,77155,False,2.8821182369307388,False,False,0,False,not_FOR,Excluded / non-forest,False,False,False,False
182754995-017217,FOR,2007,DIGITALP,1987,Pr 100,Pr,20,NONE,NONE,NONE,77156,False,1.4508208733205141,False,True,20,True,usable,1–20,False,False,False,False
182754990-024313,DAL,2007,DIGITALP,0,,,0,NONE,NONE,NONE,77157,False,25.189749799808602,False,False,0,False,not_FOR,Excluded / non-forest,False,False,False,False
182754995-023893,DAL,2007,DIGITALP,0,,,0,NONE,NONE,NONE,77158,False,4.315806934037861,False,False,0,False,not_FOR,Excluded / non-forest,False,False,False,False
182754990-023068,FOR,2007,DIGITALP,2006,Bw  50PO  50,Bw,1,NONE,NONE,NONE,77159,False,3.4040992958808705,False,True,1,True,usable,1–20,False,False,False,False
182804995-015745,FOR,2007,DIGITALP,1897,Mh  60Bd  10Be  10Mr  10Aw  10,Mh,110,NONE,NONE,NONE,77160,False,35.05316027913269,False,True,110,True,usable,101–150,True,True,True,True
182754995-025762,FOR,2007,DIGITALP,1907,Bd  20Mh  20Aw  20Mr  20Or  20,Bd,100,NONE,NONE,NONE,77161,False,23.443601872292287,False,True,100,True,usable,81–100,True,True,True,True
182804990-023558,FOR,2007,DIGITALP,1917,Bd  20Aw  20Mh  20Mr  20Sw  10PO  10,Bd,90,NONE,NONE,NONE,77162,False,12.450093406430748,False,True,90,True,usable,81–100,True,True,True,False
182754990-024713,FOR,2007,DIGITALP,1917,Cw  20Bw  20PO  20Mr  10Bf  10Sw  10By  10,Cw,90,NONE,NONE,NONE,77163,False,7.17661076521636,False,True,90,True,usable,81–100,True,True,True,False
182804990-024319,FOR,2007,DIGITALP,1917,Mh  20Mr  20Bd  20PO  10Aw  10Be  10Or  10,Mh,90,NONE,NONE,NONE,77164,False,8.681090417813861,False,True,90,True,usable,81–100,True,True,True,False
182754990-024321,FOR,2007,DIGITALP,1917,Mh  40Bd  20Mr  10PO  10Aw  10Or  10,Mh,90,NONE,NONE,NONE,77165,False,21.214166931769626,False,True,90,True,usable,81–100,True,True,True,False
182754995-025325,FOR,2007,DIGITALP,1917,Mr  20PO  20Mh  20Bw  20Aw  10Pw  10,Mr,90,NONE,NONE,NONE,77166,False,8.509835713288366,False,True,90,True,usable,81–100,True,True,True,False
182754990-024324,FOR,2007,DIGITALP,1917,PO  20Sw  20Mr  20Bf  10He  10Bw  10Ms  10,PO,90,NONE,NONE,NONE,77167,False,16.156827087359517,False,True,90,True,usable,81–100,True,True,True,False
182754995-014736,FOR,2007,DIGITALP,1917,Sw  10Pw  10Bf  10He  10Be  10Bw  10PO  10Mh  10Mr  10By  10,Sw,90,NONE,NONE,NONE,77168,False,27.545590585105195,False,True,90,True,usable,81–100,True,True,True,False
182754990-024714,FOR,2007,DIGITALP,1927,Mh  30Mr  20He  20PO  10Bd  10Sw  10,Mh,80,NONE,NONE,NONE,77169,False,14.363788774011834,False,True,80,True,usable,61–80,True,True,False,False
182804995-024092,FOR,2007,DIGITALP,1927,Mh  30Mr  30Bw  10PO  10Bd  10Aw  10,Mh,80,NONE,NONE,NONE,77170,False,26.788508989383903,False,True,80,True,usable,61–80,True,True,False,False
182804990-024316,FOR,2007,DIGITALP,1927,Mh  40PO  20Mr  20Be  10Bd  10,Mh,80,NONE,NONE,NONE,77171,False,6.285495836787594,False,True,80,True,usable,61–80,True,True,False,False
182754995-023736,FOR,2007,DIGITALP,1927,PO  20Mh  20Mr  20Bd  20Bw  10Or  10,PO,80,ROCK,NONE,NONE,77172,False,12.541240594313484,False,True,80,True,usable,61–80,True,True,False,False
182804995-025329,FOR,2007,DIGITALP,1927,PO  40Bw  20Bf  10Sw  10Pr  10Mr  10,PO,80,NONE,NONE,NONE,77173,False,16.317515539093826,False,True,80,True,usable,61–80,True,True,False,False
182754995-015744,FOR,2007,DIGITALP,1927,PO  50Mr  20Mh  10Bw  10Bd  10,PO,80,NONE,NONE,NONE,77174,False,8.30410797188247,False,True,80,True,usable,61–80,True,True,False,False
182754995-025326,FOR,2007,DIGITALP,1937,Bf  20PO  20Sw  20Bw  20Mr  10Sb  10,Bf,70,NONE,NONE,NONE,77175,False,13.191084508239895,False,True,70,True,usable,61–80,True,False,False,False
182804990-023896,FOR,2007,DIGITALP,1937,Bw  20PO  20Bf  20Sw  20By  10He  10,Bw,70,NONE,NONE,NONE,77176,False,34.358910859005654,False,True,70,True,usable,61–80,True,False,False,False
182804990-024314,FOR,2007,DIGITALP,1937,Bw  30Mh  20PO  20Mr  10By  10Sw  10,Bw,70,NONE,NONE,NONE,77177,False,17.330764067621097,False,True,70,True,usable,61–80,True,False,False,False
182754990-024318,FOR,2007,DIGITALP,1937,Or  30Mr  20PO  20Mh  10Bw  10Iw  10,Or,70,NONE,NONE,NONE,77178,False,25.59354939244024,False,True,70,True,usable,61–80,True,False,False,False
182754990-025313,FOR,2007,DIGITALP,1937,PO  20Bw  20Ab  20Mh  10Mr  10By  10Cw  10,PO,70,NONE,NONE,NONE,77179,False,9.120087342566896,False,True,70,True,usable,61–80,True,False,False,False
182754995-014732,FOR,2007,DIGITALP,1937,PO  20Mh  20Mr  20Bd  10Or  10Aw  10Be  10,PO,70,NONE,NONE,NONE,77180,False,11.770372787333246,False,True,70,True,usable,61–80,True,False,False,False
182754990-024335,FOR,2007,DIGITALP,1937,Sw  20PO  20Bw  20Mr  20Mh  10Bf  10,Sw,70,NONE,NONE,NONE,77181,False,12.183106234990127,False,True,70,True,usable,61–80,True,False,False,False
182754990-024317,FOR,2007,DIGITALP,1947,PO  40Bw  30Mr  20Mh  10,PO,60,NONE,NONE,NONE,77182,False,6.858986345216924,False,True,60,True,usable,41–60,True,False,False,False
182804990-023527,FOR,2007,DIGITALP,1947,Pr  30Bw  20PO  20Bf  20Sw  10,Pr,60,NONE,NONE,NONE,77183,False,7.732618473313643,False,True,60,True,usable,41–60,True,False,False,False
182804990-023067,FOR,2007,DIGITALP,1947,Sw  40Pr  20Bw  20PO  10Bf  10,Sw,60,NONE,NONE,NONE,77184,False,12.745720553346672,False,True,60,True,usable,41–60,True,False,False,False
182754995-025763,FOR,2007,DIGITALP,1957,Bw  20Cw  20He  20PO  10Bf  10Mr  10Pw  10,Bw,50,NONE,NONE,NONE,77185,False,7.379357478704746,False,True,50,True,usable,41–60,False,False,False,False
182804990-025947,FOR,2007,DIGITALP,1967,Sw  20Bw  20Bf  20Mr  10Ab  10PO  10Cw  10,Sw,40,NONE,NONE,NONE,77186,False,6.967629659696545,False,True,40,True,usable,21–40,False,False,False,False
182754990-024326,FOR,2007,DIGITALP,1967,Pr 100,Pr,40,NONE,NONE,NONE,77187,False,9.332255685816914,False,True,40,True,usable,21–40,False,False,False,False
182804990-022734,FOR,2007,DIGITALP,1987,Pr 100,Pr,20,NONE,NONE,NONE,77188,False,5.727363293644241,False,True,20,True,usable,1–20,False,False,False,False
182804990-134149,UCL,2007,DIGITALP,0,,,0,NONE,NONE,NONE,77189,False,4.013709012296316,False,False,0,False,not_FOR,Excluded / non-forest,False,False,False,False
182754990-134220,UCL,2007,DIGITALP,0,,,0,NONE,NONE,NONE,77190,False,8.425177033226019,False,False,0,False,not_FOR,Excluded / non-forest,False,False,False,False
182754995-134288,UCL,2007,DIGITALP,0,,,0,NONE,NONE,NONE,77191,False,1.9261029986879084,False,False,0,False,not_FOR,Excluded / non-forest,False,False,False,False
828999001,UCL,2007,DIGITALP,0,,,0,NONE,NONE,NONE,77192,False,10.097187049717599,False,False,0,False,not_FOR,Excluded / non-forest,False,False,False,False
182804995-120421,WAT,2007,DIGITALA,0,,,0,NONE,NONE,NONE,77193,False,31.90788848406923,False,False,0,False,not_FOR,Excluded / non-forest,False,False,False,False
182754980-031332,FOR,2007,DIGITALP,1937,PO  40Bf  20Sb  10Cw  10Bw  10Sw  10,PO,70,NONE,NONE,NONE,77270,False,0.19344096216088688,False,True,70,True,usable,61–80,True,False,False,False
182754980-031275,OMS,2007,DIGITALP,0,,,0,NONE,NONE,NONE,77271,False,0.2883487945228087,False,False,0,False,not_FOR,Excluded / non-forest,False,False,False,False
182754980-031249,FOR,2007,DIGITALP,1927,PO  20Mr  20Bw  10Mh  10Sw  10Bd  10Pr  10Cw  10,PO,80,NONE,NONE,NONE,77272,False,0.8674986846453104,False,True,80,True,usable,61–80,True,True,False,False
182754980-031248,FOR,2007,DIGITALP,1927,Bd  20Mr  20Aw  20Or  10Mh  10He  10By  10,Bd,80,NONE,NONE,NONE,77273,False,2.1426434539160986,False,True,80,True,usable,61–80,True,True,False,False
182754980-031245,FOR,2007,DIGITALP,1937,PO  40Bw  20Mr  10Bd  10Sw  10Bf  10,PO,70,NONE,NONE,NONE,77274,False,0.9487958511560662,False,True,70,True,usable,61–80,True,False,False,False
182754980-031340,FOR,2007,DIGITALP,1937,PO  30Bf  20Sb  10Pw  10Bw  10Sw  10Mh  10,PO,70,NONE,NONE,NONE,77275,False,12.456445000623559,False,True,70,True,usable,61–80,True,False,False,False
182754980-031247,FOR,2007,DIGITALP,1907,Mh  30Bd  20Mr  20Or  20Aw  10,Mh,100,NONE,NONE,NONE,77276,False,11.763706340911046,False,True,100,True,usable,81–100,True,True,True,True
182754980-031246,FOR,2007,DIGITALP,1927,Mh  30Bd  20Mr  20Or  10Aw  10Be  10,Mh,80,NONE,NONE,NONE,77277,False,31.305558766588376,False,True,80,True,usable,61–80,True,True,False,False
182754980-031276,OMS,2007,DIGITALP,0,,,0,NONE,NONE,NONE,77278,False,1.4582273277632796,False,False,0,False,not_FOR,Excluded / non-forest,False,False,False,False
182754980-031591,FOR,2007,SUPINFO,1917,Mr  20Bd  20Mh  20Or  20PO  10Aw  10,Mr,90,NONE,NONE,NONE,77279,False,18.293484837946526,False,True,90,True,usable,81–100,True,True,True,False
182754980-119782,WAT,2007,DIGITALA,0,,,0,NONE,NONE,NONE,77280,False,0.4326731954898747,False,False,0,False,not_FOR,Excluded / non-forest,False,False,False,False
182754980-119785,WAT,2007,DIGITALA,0,,,0,NONE,NONE,NONE,77281,False,0.9906278979776174,False,False,0,False,not_FOR,Excluded / non-forest,False,False,False,False
182754980-031520,FOR,2007,DIGITALP,1907,Mh  30Bd  20Mr  20Or  20Aw  10,Mh,100,NONE,NONE,NONE,77282,False,41.41324154133165,False,True,100,True,usable,81–100,True,True,True,True
182754980-031254,FOR,2007,DIGITALP,1927,PO  20Bw  20Mr  20Mh  20Sw  10Bd  10,PO,80,NONE,NONE,NONE,77283,False,15.15677757187718,False,True,80,True,usable,61–80,True,True,False,False
182754980-031253,FOR,2007,DIGITALP,1927,Mh  50Bd  20Mr  20Aw  10,Mh,80,NONE,NONE,NONE,77284,False,24.474243066869334,False,True,80,True,usable,61–80,True,True,False,False
182754980-029517,FOR,2007,DIGITALP,1967,Bw  30PO  20Mh  20Mr  20Sw  10,Bw,40,NONE,NONE,NONE,77285,False,7.886294848123919,False,True,40,True,usable,21–40,False,False,False,False
182754980-031262,FOR,2007,DIGITALP,1927,Sw  60Mr  20Bf  10Bw  10,Sw,80,NONE,NONE,NONE,77286,False,2.5209575206982184,False,True,80,True,usable,61–80,True,True,False,False
827989058,WAT,2007,DIGITALA,0,,,0,NONE,NONE,NONE,77287,False,1.3107687002288706,False,False,0,False,not_FOR,Excluded / non-forest,False,False,False,False
182754980-029516,FOR,2007,DIGITALP,1917,Mh  30Aw  20Bd  20PO  20Mr  10,Mh,90,NONE,NONE,NONE,77288,False,7.205413804462184,False,True,90,True,usable,81–100,True,True,True,False
182754980-026710,OMS,2007,DIGITALP,0,,,0,NONE,NONE,NONE,77289,False,1.6638346813991634,False,False,0,False,not_FOR,Excluded / non-forest,False,False,False,False
182754980-028044,FOR,2007,DIGITALP,1937,Cw  80Sb  10Bf  10,Cw,70,WETT,NONE,NONE,77290,False,2.91371880845877,False,True,70,True,usable,61–80,True,False,False,False
182754980-028307,OMS,2007,DIGITALP,0,,,0,NONE,NONE,NONE,77291,False,1.4313714943078502,False,False,0,False,not_FOR,Excluded / non-forest,False,False,False,False
182754980-031329,FOR,2007,DIGITALP,1927,PO  40Bw  20Mr  10Bd  10Sw  10Ab  10,PO,80,NONE,NONE,NONE,77292,False,15.275697359189842,False,True,80,True,usable,61–80,True,True,False,False
182754980-030212,FOR,2007,DIGITALP,1917,PO  70Bw  10Sw  10Mr  10,PO,90,NONE,NONE,NONE,77293,False,13.31122271333437,False,True,90,True,usable,81–100,True,True,True,False
182754980-119802,WAT,2007,DIGITALA,0,,,0,NONE,NONE,NONE,77294,False,1.9005455213990117,False,False,0,False,not_FOR,Excluded / non-forest,False,False,False,False
182754980-031330,FOR,2007,DIGITALP,1927,PO  60Bw  10Mr  10Sw  10Mh  10,PO,80,NONE,NONE,NONE,77295,False,15.254566672914684,False,True,80,True,usable,61–80,True,True,False,False
182754980-026955,OMS,2007,DIGITALP,0,,,0,NONE,NONE,NONE,77296,False,1.7156218408093078,False,False,0,False,not_FOR,Excluded / non-forest,False,False,False,False
182754980-027394,OMS,2007,DIGITALP,0,,,0,NONE,NONE,NONE,77297,False,0.2764761286298891,False,False,0,False,not_FOR,Excluded / non-forest,False,False,False,False
182754980-030414,FOR,2007,DIGITALP,1917,PO  70Bw  10Sw  10Mr  10,PO,90,NONE,NONE,NONE,77298,False,20.83830200827976,False,True,90,True,usable,81–100,True,True,True,False
182754980-028045,FOR,2007,DIGITALP,1989,Pr 100,Pr,18,NONE,NONE,NONE,77299,False,4.182361316156266,False,True,18,True,usable,1–20,False,False,False,False
827989062,OMS,2007,DIGITALP,0,,,0,NONE,NONE,NONE,77300,False,18.39922435106287,False,False,0,False,not_FOR,Excluded / non-forest,False,False,False,False
182754980-027577,FOR,2007,DIGITALP,1917,Mh  50Mr  20Bd  10Aw  10PO  10,Mh,90,NONE,NONE,NONE,77301,False,7.560514911482738,False,True,90,True,usable,81–100,True,True,True,False
182754980-030413,FOR,2007,DIGITALP,1917,PO  30Sw  20Bw  20Bf  10Mh  10Mr  10,PO,90,NONE,NONE,NONE,77302,False,16.830771725770596,False,True,90,True,usable,81–100,True,True,True,False
182754980-029518,FOR,2007,DIGITALP,1957,Sw  30Bw  20Pr  20PO  10Bf  10He  10,Sw,50,NONE,NONE,NONE,77303,False,14.136169873250044,False,True,50,True,usable,41–60,False,False,False,False
182754980-029187,FOR,2007,DIGITALP,1947,Ab  30Cw  30Pb  20Bf  10Bw  10,Ab,60,WETT,NONE,NONE,77304,False,5.830953017344018,False,True,60,True,usable,41–60,True,False,False,False
182754980-028043,FOR,2007,DIGITALP,1967,Bw  30He  20Sw  20PO  20Bf  10,Bw,40,NONE,NONE,NONE,77305,False,20.079819207863213,False,True,40,True,usable,21–40,False,False,False,False
182754980-029181,OMS,2007,DIGITALP,0,,,0,NONE,NONE,NONE,77306,False,1.1223888500497914,False,False,0,False,not_FOR,Excluded / non-forest,False,False,False,False
182754980-029171,FOR,2007,DIGITALP,1947,Ab  60Cw  20Pb  10Bf  10,Ab,60,WETT,NONE,NONE,77307,False,2.492474863703122,False,True,60,True,usable,41–60,True,False,False,False
182754980-027001,FOR,2007,DIGITALP,1967,Ab  80Pb  10Cw  10,Ab,40,WETT,NONE,NONE,77308,False,1.7253829533114429,False,True,40,True,usable,21–40,False,False,False,False
827989023,WAT,2007,DIGITALA,0,,,0,NONE,NONE,NONE,77309,False,6.396688910706016,False,False,0,False,not_FOR,Excluded / non-forest,False,False,False,False
182754980-030416,FOR,2007,DIGITALP,1967,Sw  40He  30Bw  10PO  10Bf  10,Sw,40,NONE,NONE,NONE,77310,False,9.329998886269248,False,True,40,True,usable,21–40,False,False,False,False
182754980-029174,FOR,2007,DIGITALP,1927,PO  70Bw  10Sw  10He  10,PO,80,NONE,NONE,NONE,77311,False,19.772735466383807,False,True,80,True,usable,61–80,True,True,False,False
182754980-029180,FOR,2007,DIGITALP,1917,Mh  20Mr  20Bd  20Aw  20PO  10Or  10,Mh,90,NONE,NONE,NONE,77312,False,8.832844713768312,False,True,90,True,usable,81–100,True,True,True,False
182754980-029184,FOR,2007,DIGITALP,1927,PO  60Mh  20Sw  10Bw  10,PO,80,NONE,NONE,NONE,77313,False,14.77591542926812,False,True,80,True,usable,61–80,True,True,False,False
182754980-029175,FOR,2007,DIGITALP,1957,PO  30Bw  20Sw  20Bf  20He  10,PO,50,NONE,NONE,NONE,77314,False,14.415028857354342,False,True,50,True,usable,41–60,False,False,False,False
182754980-029188,FOR,2007,DIGITALP,1917,PO  70Bw  10Sw  10Mr  10,PO,90,NONE,NONE,NONE,77315,False,17.444888493748962,False,True,90,True,usable,81–100,True,True,True,False
182754980-029170,OMS,2007,DIGITALP,0,,,0,NONE,NONE,NONE,77316,False,18.685063451824274,False,False,0,False,not_FOR,Excluded / non-forest,False,False,False,False
182754980-028733,FOR,2007,DIGITALP,1947,PO  60Mr  10Sw  10Bw  10Bf  10,PO,60,NONE,NONE,NONE,77317,False,9.03250033010851,False,True,60,True,usable,41–60,True,False,False,False
182754980-029178,FOR,2007,DIGITALP,1947,Bw  30PO  20Mr  20Bf  10Mh  10Sw  10,Bw,60,NONE,NONE,NONE,77318,False,12.152149038673459,False,True,60,True,usable,41–60,True,False,False,False
182754980-029172,FOR,2007,DIGITALP,1957,Cw  50Ab  30Pb  10Bf  10,Cw,50,WETT,NONE,NONE,77319,False,11.644646806392899,False,True,50,True,usable,41–60,False,False,False,False
827989070,WAT,2007,DIGITALA,0,,,0,NONE,NONE,NONE,77320,False,0.6752176425111663,False,False,0,False,not_FOR,Excluded / non-forest,False,False,False,False
182754980-027502,FOR,2007,DIGITALP,1917,Mr  20Bd  20Aw  20PO  20Mh  10Or  10,Mr,90,NONE,NONE,NONE,77321,False,15.007805867673168,False,True,90,True,usable,81–100,True,True,True,False
827989084,OMS,2007,DIGITALP,0,,,0,NONE,NONE,NONE,77322,False,1.9295190225701186,False,False,0,False,not_FOR,Excluded / non-forest,False,False,False,False
182754980-029169,FOR,2007,DIGITALP,1937,Mh  60Mr  20Sw  10Bw  10,Mh,70,NONE,NONE,NONE,77323,False,15.402301556936195,False,True,70,True,usable,61–80,True,False,False,False
182754980-030099,FOR,2007,DIGITALP,1957,Bf  30Bw  30Sw  20PO  20,Bf,50,NONE,NONE,NONE,77324,False,18.269557738702314,False,True,50,True,usable,41–60,False,False,False,False
182754980-027495,FOR,2007,DIGITALP,1917,Mh  30Mr  20Bd  20Aw  10PO  10Or  10,Mh,90,NONE,NONE,NONE,77325,False,39.095042043746645,False,True,90,True,usable,81–100,True,True,True,False
827989091,FOR,2007,DIGITALP,1917,Cw  50Pt  20Bw  20Pw  10,Cw,90,NONE,NONE,NONE,77326,False,20.966757429964286,False,True,90,True,usable,81–100,True,True,True,False
182754980-029177,FOR,2007,DIGITALP,1917,PO  80Bw  10Sw  10,PO,90,NONE,NONE,NONE,77327,False,22.391640992475313,False,True,90,True,usable,81–100,True,True,True,False
827989092,FOR,2007,DIGITALP,1947,Pw  30Pt  20Cw  20Bw  10Ab  10Bf  10,Pw,60,NONE,NONE,NONE,77328,False,10.067164555217637,False,True,60,True,usable,41–60,True,False,False,False
182754985-029167,FOR,2007,DIGITALP,1927,PO  70Bw  10Sw  10Pw  10,PO,80,NONE,NONE,NONE,77329,False,15.907823714159717,False,True,80,True,usable,61–80,True,True,False,False
182754985-029176,FOR,2007,DIGITALP,1927,PO  80Bw  10Sw  10,PO,80,NONE,NONE,NONE,77330,False,14.751350526254361,False,True,80,True,usable,61–80,True,True,False,False
182754985-031175,FOR,2007,DIGITALP,1937,PO  80Bw  10Sw  10,PO,70,NONE,NONE,NONE,77331,False,11.064323637572047,False,True,70,True,usable,61–80,True,False,False,False
182754985-029062,FOR,2007,DIGITALP,1957,Cw  40Sb  30Ab  20Bf  10,Cw,50,WETT,NONE,NONE,77332,False,19.141690001018006,False,True,50,True,usable,41–60,False,False,False,False
182754985-029168,FOR,2007,DIGITALP,1937,PO  20Mh  20Mr  20He  10Bf  10Bw  10Sw  10,PO,70,NONE,NONE,NONE,77333,False,12.041132338130808,False,True,70,True,usable,61–80,True,False,False,False
182754985-029166,FOR,2007,DIGITALP,1937,PO  50Bw  20Sw  10Bf  10Cw  10,PO,70,NONE,NONE,NONE,77334,False,12.948314323123787,False,True,70,True,usable,61–80,True,False,False,False
182754985-029065,FOR,2007,DIGITALP,1927,PO  80Bw  10Sw  10,PO,80,NONE,NONE,NONE,77335,False,12.161213604549552,False,True,80,True,usable,61–80,True,True,False,False
182754985-029063,FOR,2007,DIGITALP,1927,Bd  30Aw  20Mh  20Mr  20PO  10,Bd,80,NONE,NONE,NONE,77336,False,22.660791206444813,False,True,80,True,usable,61–80,True,True,False,False
182754985-029064,FOR,2007,DIGITALP,1927,PO  80Bw  10Sw  10,PO,80,NONE,NONE,NONE,77337,False,21.329036893244027,False,True,80,True,usable,61–80,True,True,False,False
182754985-027274,FOR,2007,DIGITALP,1967,PO  20Bw  20Sw  20Bf  20Cw  10Ab  10,PO,40,NONE,NONE,NONE,77338,False,21.028297480516073,False,True,40,True,usable,21–40,False,False,False,False
182754985-027522,FOR,2007,DIGITALP,1917,Mh  50Mr  20PO  10Bd  10Aw  10,Mh,90,NONE,NONE,NONE,77339,False,42.178421836602354,False,True,90,True,usable,81–100,True,True,True,False
182754985-028358,FOR,2007,DIGITALP,1972,Pr 100,Pr,35,NONE,NONE,NONE,77340,False,4.072122575520759,False,True,35,True,usable,21–40,False,False,False,False
182754985-029164,FOR,2007,DIGITALP,1927,PO  20Mr  20Bw  10He  10Aw  10Bf  10Mh  10Pw  10,PO,80,NONE,NONE,NONE,77341,False,21.94934754890354,False,True,80,True,usable,61–80,True,True,False,False
182754985-029165,FOR,2007,DIGITALP,1957,Cw  20Sb  20Bf  20Sw  10La  10Ab  10Pb  10,Cw,50,NONE,NONE,NONE,77342,False,26.517707114560604,False,True,50,True,usable,41–60,False,False,False,False
182754985-028555,OMS,2007,DIGITALP,0,,,0,NONE,NONE,NONE,77343,False,1.5492082094421833,False,False,0,False,not_FOR,Excluded / non-forest,False,False,False,False
182754985-027909,FOR,2007,DIGITALP,1947,Cw  40Sb  20Bf  20La  20,Cw,60,NONE,NONE,NONE,77344,False,15.108795178370617,False,True,60,True,usable,41–60,True,False,False,False
182754985-028359,FOR,2007,DIGITALP,1927,PO  30Pw  30Bw  10He  10Aw  10Bf  10,PO,80,NONE,NONE,NONE,77345,False,8.10934966252716,False,True,80,True,usable,61–80,True,True,False,False
182754985-027910,FOR,2007,DIGITALP,1927,PO  20Bw  20Pw  20Sw  10Cb  10Mr  10He  10,PO,80,NONE,NONE,NONE,77346,False,14.199527504459693,False,True,80,True,usable,61–80,True,True,False,False
182754985-027297,BSH,2007,DIGITALP,0,,,0,NONE,NONE,NONE,77347,False,0.26145983303711284,False,False,0,False,not_FOR,Excluded / non-forest,False,False,False,False
182754985-119948,WAT,2007,DIGITALA,0,,,0,NONE,NONE,NONE,77348,False,10.246884529474192,False,False,0,False,not_FOR,Excluded / non-forest,False,False,False,False
827989073,WAT,2007,DIGITALA,0,,,0,NONE,NONE,NONE,77349,False,0.4913898618823346,False,False,0,False,not_FOR,Excluded / non-forest,False,False,False,False
182754985-026809,OMS,2007,DIGITALP,0,,,0,NONE,NONE,NONE,77350,False,0.7277984965080846,False,False,0,False,not_FOR,Excluded / non-forest,False,False,False,False
182754985-030306,FOR,2007,DIGITALP,1947,Sb  30Bf  30Cw  10Sw  10La  10Ab  10,Sb,60,NONE,NONE,NONE,77351,False,14.283939218777618,False,True,60,True,usable,41–60,True,False,False,False
182754985-134092,UCL,2007,DIGITALP,0,,,0,NONE,NONE,NONE,77352,False,1.7529657179223614,False,False,0,False,not_FOR,Excluded / non-forest,False,False,False,False
182754985-138896,UCL,2007,DIGITALP,0,,,0,NONE,NONE,NONE,77353,False,4.685527600306751,False,False,0,False,not_FOR,Excluded / non-forest,False,False,False,False
182754985-119955,WAT,2007,DIGITALA,0,,,0,NONE,NONE,NONE,77354,False,0.3683362751157178,False,False,0,False,not_FOR,Excluded / non-forest,False,False,False,False
182754985-027113,OMS,2007,DIGITALP,0,,,0,NONE,NONE,NONE,77355,False,10.873654471965162,False,False,0,False,not_FOR,Excluded / non-forest,False,False,False,False
182754985-028296,FOR,2007,DIGITALP,1927,PO  50Bw  20Mr  10Sw  10Bf  10,PO,80,NONE,NONE,NONE,77356,False,19.446162812629534,False,True,80,True,usable,61–80,True,True,False,False
182754985-027692,OMS,2007,DIGITALP,0,,,0,NONE,NONE,NONE,77357,False,0.39342590680146505,False,False,0,False,not_FOR,Excluded / non-forest,False,False,False,False
182754985-119965,WAT,2007,DIGITALA,0,,,0,NONE,NONE,NONE,77358,False,1.7028510794670881,False,False,0,False,not_FOR,Excluded / non-forest,False,False,False,False
182754985-027697,OMS,2007,DIGITALP,0,,,0,NONE,NONE,NONE,77359,False,0.20306772386571073,False,False,0,False,not_FOR,Excluded / non-forest,False,False,False,False
827989072,WAT,2007,DIGITALA,0,,,0,NONE,NONE,NONE,77360,False,0.25800242606362084,False,False,0,False,not_FOR,Excluded / non-forest,False,False,False,False
182754985-028294,FOR,2007,DIGITALP,1927,Mr  20Bw  20Aw  10PO  10He  10Pw  10Bf  10Mh  10,Mr,80,NONE,NONE,NONE,77361,False,17.791872549755293,False,True,80,True,usable,61–80,True,True,False,False
182754985-119966,WAT,2007,DIGITALA,0,,,0,NONE,NONE,NONE,77362,False,4.608415720590778,False,False,0,False,not_FOR,Excluded / non-forest,False,False,False,False
182754985-030107,OMS,2007,DIGITALP,0,,,0,NONE,NONE,NONE,77363,False,1.3615281466950093,False,False,0,False,not_FOR,Excluded / non-forest,False,False,False,False
182754985-030131,FOR,2007,DIGITALP,1927,Bw  20PO  20Sw  10Mr  10He  10Pw  10Bf  10Mh  10,Bw,80,NONE,NONE,NONE,77364,False,26.681713126842595,False,True,80,True,usable,61–80,True,True,False,False
182754985-027552,OMS,2007,DIGITALP,0,,,0,NONE,NONE,NONE,77365,False,0.39077282739516844,False,False,0,False,not_FOR,Excluded / non-forest,False,False,False,False
182754985-138501,UCL,2007,DIGITALP,0,,,0,NONE,NONE,NONE,77366,False,2.440179999875419,False,False,0,False,not_FOR,Excluded / non-forest,False,False,False,False
182754985-027709,OMS,2007,DIGITALP,0,,,0,NONE,NONE,NONE,77367,False,0.5139726550832411,False,False,0,False,not_FOR,Excluded / non-forest,False,False,False,False
182754985-027336,BSH,2007,DIGITALP,0,,,0,NONE,NONE,NONE,77368,False,2.8372277834691535,False,False,0,False,not_FOR,Excluded / non-forest,False,False,False,False
827989094,FOR,2007,DIGITALP,1917,Pw  30Pr  20Or  20Bw  20Mr  10,Pw,90,NONE,NONE,NONE,77369,False,13.37946920497035,False,True,90,True,usable,81–100,True,True,True,False
182754985-030059,FOR,2007,DIGITALP,1957,Bw  30PO  20Bf  20Sb  10Ab  10Sw  10,Bw,50,NONE,NONE,NONE,77370,False,12.423114883553723,False,True,50,True,usable,41–60,False,False,False,False
182754985-028293,FOR,2007,DIGITALP,1927,Mr  20Bw  20Aw  10PO  10He  10Pw  10Bf  10Mh  10,Mr,80,NONE,NONE,NONE,77371,False,7.075126590891834,False,True,80,True,usable,61–80,True,True,False,False
182754985-028297,FOR,2007,DIGITALP,1907,Mh  50Mr  20Bd  10Aw  10PO  10,Mh,100,NONE,NONE,NONE,77372,False,11.901402453596694,False,True,100,True,usable,81–100,True,True,True,True
182754985-027330,OMS,2007,DIGITALP,0,,,0,NONE,NONE,NONE,77373,False,0.20805951832837372,False,False,0,False,not_FOR,Excluded / non-forest,False,False,False,False
827989097,FOR,2007,DIGITALP,1917,Pw  40Bw  20Mr  10Pt  10Cw  10Or  10,Pw,90,NONE,NONE,NONE,77374,False,11.365181636774462,False,True,90,True,usable,81–100,True,True,True,False
182754985-120000,WAT,2007,DIGITALA,0,,,0,NONE,NONE,NONE,77375,False,7.962095422730825,False,False,0,False,not_FOR,Excluded / non-forest,False,False,False,False
182754985-134108,UCL,2007,DIGITALP,0,,,0,NONE,NONE,NONE,77376,False,2.4475212228289402,False,False,0,False,not_FOR,Excluded / non-forest,False,False,False,False
827989011,WAT,2007,DIGITALA,0,,,0,NONE,NONE,NONE,77377,False,0.5193630333916133,False,False,0,False,not_FOR,Excluded / non-forest,False,False,False,False
182754985-028086,FOR,2007,DIGITALP,1917,Bd  30Mr  20Mh  20Aw  10Be  10Or  10,Bd,90,NONE,NONE,NONE,77378,False,24.495733995838606,False,True,90,True,usable,81–100,True,True,True,False
182754985-027233,FOR,2007,DIGITALP,1877,Mh  30Mr  20Bd  20Aw  20By  10,Mh,130,NONE,NONE,NONE,77379,False,8.116093316391993,False,True,130,True,usable,101–150,True,True,True,True
182754985-027707,FOR,2007,DIGITALP,1907,Mh  20Mr  20Aw  20Bd  10PO  10By  10Sw  10,Mh,100,NONE,NONE,NONE,77380,False,13.776941361664186,False,True,100,True,usable,81–100,True,True,True,True
182754985-028085,FOR,2007,DIGITALP,1927,Mr  20Pw  20Mh  20PO  10He  10Bw  10Aw  10,Mr,80,NONE,NONE,NONE,77381,False,19.641512098487002,False,True,80,True,usable,61–80,True,True,False,False
182754985-027912,FOR,2007,DIGITALP,1897,Mh  70Mr  20Bd  10,Mh,110,NONE,NONE,NONE,77382,False,5.581227913536564,False,True,110,True,usable,101–150,True,True,True,True
182754985-026883,OMS,2007,DIGITALP,0,,,0,NONE,NONE,NONE,77383,False,0.7394712869806942,False,False,0,False,not_FOR,Excluded / non-forest,False,False,False,False
182754985-028083,FOR,2007,DIGITALP,1937,Bw  20He  20Pw  20PO  10Mr  10Bf  10Sw  10,Bw,70,NONE,NONE,NONE,77384,False,7.363010049033191,False,True,70,True,usable,61–80,True,False,False,False
182754985-028298,FOR,2007,DIGITALP,1907,Mh  20Mr  20Bd  20Aw  10PO  10He  10Pw  10,Mh,100,NONE,NONE,NONE,77385,False,22.436538724182693,False,True,100,True,usable,81–100,True,True,True,True
182754985-028084,FOR,2007,DIGITALP,1907,Mh  50Mr  20Bd  10Aw  10Be  10,Mh,100,NONE,NONE,NONE,77386,False,33.14999348135698,False,True,100,True,usable,81–100,True,True,True,True
182754985-027794,FOR,2007,DIGITALP,1947,Bw  30PO  20Mr  10He  10Pw  10Bf  10Sw  10,Bw,60,NONE,NONE,NONE,77387,False,23.044510947362486,False,True,60,True,usable,41–60,True,False,False,False
182754985-140558,ISL,2007,DIGITALA,0,,,0,ISLD,NONE,NONE,77388,False,0.2217539873027881,False,False,0,False,not_FOR,Excluded / non-forest,False,False,False,False
182754985-140559,ISL,2007,DIGITALA,0,,,0,ISLD,NONE,NONE,77389,False,0.02528694265995021,False,False,0,False,not_FOR,Excluded / non-forest,False,False,False,False
182754985-140561,ISL,2007,DIGITALA,0,,,0,ISLD,NONE,NONE,77390,False,0.09137643134560712,False,False,0,False,not_FOR,Excluded / non-forest,False,False,False,False
182754985-140563,ISL,2007,DIGITALA,0,,,0,ISLD,NONE,NONE,77391,False,1.466746868878775,False,False,0,False,not_FOR,Excluded / non-forest,False,False,False,False
182754985-120066,WAT,2007,DIGITALA,0,,,0,NONE,NONE,NONE,77392,False,0.8742955894346982,False,False,0,False,not_FOR,Excluded / non-forest,False,False,False,False
182754985-027786,FOR,2007,DIGITALP,1927,Cw  60Sw  20Pw  10Bw  10,Cw,80,NONE,NONE,NONE,77393,False,2.6190285076349444,False,True,80,True,usable,61–80,True,True,False,False
182754985-134124,UCL,2007,DIGITALP,0,,,0,NONE,NONE,NONE,77394,False,16.70261466240295,False,False,0,False,not_FOR,Excluded / non-forest,False,False,False,False
182754985-024026,FOR,2007,DIGITALP,1917,Mr  30Aw  20Mh  20PO  10Bd  10Or  10,Mr,90,NONE,NONE,NONE,77395,False,9.794598593732717,False,True,90,True,usable,81–100,True,True,True,False
182754985-024219,FOR,2007,DIGITALP,1927,Mr  30Aw  20Mh  20PO  10He  10Bw  10,Mr,80,NONE,NONE,NONE,77396,False,20.971627615350105,False,True,80,True,usable,61–80,True,True,False,False
182754985-134126,UCL,2007,DIGITALP,0,,,0,NONE,NONE,NONE,77397,False,17.20857299096257,False,False,0,False,not_FOR,Excluded / non-forest,False,False,False,False
182754985-023796,FOR,2007,DIGITALP,1997,Pr  60Ps  40,Pr,10,NONE,NONE,NONE,77398,False,3.716253617029136,False,True,10,True,usable,1–20,False,False,False,False
182754985-024221,FOR,2007,DIGITALP,1927,Mr  20PO  20Bw  20Sw  10He  10Ab  10Mh  10,Mr,80,NONE,NONE,NONE,77399,False,17.523941030297305,False,True,80,True,usable,61–80,True,True,False,False
182754985-024222,FOR,2007,DIGITALP,1917,Mr  20Aw  20Bd  20Sw  10PO  10Bw  10Mh  10,Mr,90,NONE,NONE,NONE,77400,False,13.540456443136174,False,True,90,True,usable,81–100,True,True,True,False
182754985-023797,FOR,2007,DIGITALP,1937,Ab  20Cw  20Bw  10Bf  10Mr  10Sw  10PO  10Pb  10,Ab,70,NONE,NONE,NONE,77401,False,4.9897241135042485,False,True,70,True,usable,61–80,True,False,False,False
182804980-031225,BSH,2007,DIGITALP,0,,,0,NONE,NONE,NONE,77402,False,15.404312362771732,False,False,0,False,not_FOR,Excluded / non-forest,False,False,False,False
182754990-026034,DAL,2007,DIGITALP,0,,,0,NONE,NONE,NONE,77403,False,6.665199314365251,False,False,0,False,not_FOR,Excluded / non-forest,False,False,False,False
182754985-024127,FOR,2007,DIGITALP,1917,Mh  30Mr  20Bw  10Aw  10He  10Sw  10By  10,Mh,90,NONE,NONE,NONE,77404,False,14.415697682948059,False,True,90,True,usable,81–100,True,True,True,False
182754980-028738,FOR,2007,DIGITALP,1917,Mh  50Mr  20Bd  10Aw  10PO  10,Mh,90,NONE,NONE,NONE,77406,False,14.318721212116483,False,True,90,True,usable,81–100,True,True,True,False
182754985-026836,FOR,2007,DIGITALP,1917,Mh  50Mr  20Bd  10Aw  10PO  10,Mh,90,NONE,NONE,NONE,77407,False,18.50950777141452,False,True,90,True,usable,81–100,True,True,True,False
182804980-029193,FOR,2007,DIGITALP,1917,PO  40Mr  20Mh  20Bd  10Sw  10,PO,90,NONE,NONE,NONE,77408,False,24.635397494788993,False,True,90,True,usable,81–100,True,True,True,False
182754985-027669,FOR,2007,DIGITALP,1927,Mh  20Mr  20Bw  10Bf  10PO  10Cw  10Aw  10By  10,Mh,80,NONE,NONE,NONE,77410,False,20.537060318705677,False,True,80,True,usable,61–80,True,True,False,False
182804980-031339,FOR,2007,DIGITALP,1927,Mh  30Bd  20Mr  20Aw  10Bw  10PO  10,Mh,80,NONE,NONE,NONE,77411,False,20.234151892583906,False,True,80,True,usable,61–80,True,True,False,False
182754985-028556,FOR,2007,DIGITALP,1927,Mh  30Mr  20Bd  20Aw  20Or  10,Mh,80,NONE,NONE,NONE,77413,False,15.238191606201164,False,True,80,True,usable,61–80,True,True,False,False
182804985-024710,FOR,2007,DIGITALP,1927,Mh  40Mr  30Bd  10PO  10Aw  10,Mh,80,NONE,NONE,NONE,77414,False,31.472980666854124,False,True,80,True,usable,61–80,True,True,False,False
182754990-024128,FOR,2007,DIGITALP,1927,Mh  50Mr  20Bd  10Aw  10PO  10,Mh,80,NONE,NONE,NONE,77415,False,51.389085881740016,False,True,80,True,usable,61–80,True,True,False,False
182754985-024223,FOR,2007,DIGITALP,1927,Mr  20Bw  20Mh  20Sw  10PO  10Bf  10Bd  10,Mr,80,NONE,NONE,NONE,77416,False,28.91037005959257,False,True,80,True,usable,61–80,True,True,False,False
182804985-028290,FOR,2007,DIGITALP,1927,PO  20Bw  20Mh  20Mr  10He  10Bf  10Sw  10,PO,80,NONE,NONE,NONE,77417,False,9.298147699047773,False,True,80,True,usable,61–80,True,True,False,False
182754985-023795,FOR,2007,DIGITALP,1937,Bw  30PO  30Pw  10Bf  10Mr  10Sw  10,Bw,70,NONE,NONE,NONE,77419,False,27.05865275445466,False,True,70,True,usable,61–80,True,False,False,False
182804985-024708,FOR,2007,DIGITALP,1937,Cw  60Sb  10Ab  10Bw  10Be  10,Cw,70,NONE,NONE,NONE,77420,False,7.127226111936345,False,True,70,True,usable,61–80,True,False,False,False
182754980-031338,FOR,2007,DIGITALP,1937,PO  20Bw  20Mr  10Pw  10Sw  10Bf  10By  10Mh  10,PO,70,NONE,NONE,NONE,77421,False,23.51235794696034,False,True,70,True,usable,61–80,True,False,False,False
182754985-027911,FOR,2007,DIGITALP,1937,PO  20Mr  10Sw  10Bw  10He  10Pw  10Bf  10Mh  10Ab  10,PO,70,NONE,NONE,NONE,77422,False,20.187711080693838,False,True,70,True,usable,61–80,True,False,False,False
182754980-031191,FOR,2007,DIGITALP,1937,PO  20Sw  10Mr  10Pw  10Bw  10Bf  10By  10Mh  10Ab  10,PO,70,NONE,NONE,NONE,77423,False,19.071869422622456,False,True,70,True,usable,61–80,True,False,False,False
182804985-028731,FOR,2007,DIGITALP,1947,Bw  30PO  20Bf  10Mr  10Cw  10Ab  10Sw  10,Bw,60,NONE,NONE,NONE,77424,False,3.9579065401176936,False,True,60,True,usable,41–60,True,False,False,False
182754985-028732,FOR,2007,DIGITALP,1947,PO  20Mh  20Mr  20Bw  20Sw  10He  10,PO,60,NONE,NONE,NONE,77425,False,30.43580644328829,False,True,60,True,usable,41–60,True,False,False,False
182754980-028734,FOR,2007,DIGITALP,1957,Ab  40Cw  20Bf  10Sb  10Bw  10Pb  10,Ab,50,WETT,NONE,NONE,77426,False,11.767315108295557,False,True,50,True,usable,41–60,False,False,False,False
182754985-028735,FOR,2007,DIGITALP,1957,Bw  30PO  20Mr  10Bf  10Sw  10He  10Bd  10,Bw,50,NONE,NONE,NONE,77427,False,15.227372803697893,False,True,50,True,usable,41–60,False,False,False,False
182754985-030417,FOR,2007,DIGITALP,1957,Cw  20Sw  20Bf  20Bw  20Sb  10PO  10,Cw,50,NONE,NONE,NONE,77428,False,5.218842992047839,False,True,50,True,usable,41–60,False,False,False,False
182754985-029183,FOR,2007,DIGITALP,1957,Cw  70Ab  10Bf  10Sb  10,Cw,50,WETT,NONE,NONE,77429,False,5.939614615787761,False,True,50,True,usable,41–60,False,False,False,False
182754985-023793,FOR,2007,DIGITALP,1957,Mr  20Bw  20PO  20Pr  20Mh  10Sw  10,Mr,50,NONE,NONE,NONE,77430,False,43.23483468033317,False,True,50,True,usable,41–60,False,False,False,False
182804985-024709,FOR,2007,DIGITALP,1957,PO  40Bw  30Mr  10Sw  10Bf  10,PO,50,NONE,NONE,NONE,77431,False,20.424762957145965,False,True,50,True,usable,41–60,False,False,False,False
182804980-028739,FOR,2007,DIGITALP,1957,Sw  20Bw  20Bf  20PO  10By  10He  10Mh  10,Sw,50,NONE,NONE,NONE,77432,False,9.047986011239951,False,True,50,True,usable,41–60,False,False,False,False
182754985-027364,FOR,2007,DIGITALP,1977,PO  30Bw  30Bf  10Sw  10Mr  10Mh  10,PO,30,NONE,NONE,NONE,77433,False,12.822118052188126,False,True,30,True,usable,21–40,False,False,False,False
182804985-028291,OMS,2007,DIGITALP,0,,,0,NONE,NONE,NONE,77435,False,22.46494512692824,False,False,0,False,not_FOR,Excluded / non-forest,False,False,False,False
182754985-027718,OMS,2007,DIGITALP,0,,,0,NONE,NONE,NONE,77436,False,0.6242953702776667,False,False,0,False,not_FOR,Excluded / non-forest,False,False,False,False
182754985-026052,TMS,2007,DIGITALP,0,,,0,NONE,NONE,NONE,77437,False,1.8680583714020493,False,False,0,False,not_FOR,Excluded / non-forest,False,False,False,False
182754985-024707,TMS,2007,DIGITALP,0,,,0,NONE,NONE,NONE,77438,False,2.5233237528340573,False,False,0,False,not_FOR,Excluded / non-forest,False,False,False,False
182754985-138507,UCL,2007,DIGITALP,0,,,0,NONE,NONE,NONE,77439,False,8.71604766910051,False,False,0,False,not_FOR,Excluded / non-forest,False,False,False,False
182804990-138511,UCL,2007,DIGITALP,0,,,0,NONE,NONE,NONE,77440,False,10.660703672478235,False,False,0,False,not_FOR,Excluded / non-forest,False,False,False,False
182754985-134121,UCL,2007,DIGITALP,0,,,0,NONE,NONE,NONE,77441,False,17.90816301628717,False,False,0,False,not_FOR,Excluded / non-forest,False,False,False,False
182804985-134123,UCL,2007,DIGITALP,0,,,0,NONE,NONE,NONE,77442,False,120.83810237591057,False,False,0,False,not_FOR,Excluded / non-forest,False,False,False,False
182754985-119998,WAT,2007,DIGITALA,0,,,0,NONE,NONE,NONE,77443,False,9.584175397863508,False,False,0,False,not_FOR,Excluded / non-forest,False,False,False,False
182804985-120043,WAT,2007,DIGITALA,0,,,0,NONE,NONE,NONE,77444,False,22.738175859899673,False,False,0,False,not_FOR,Excluded / non-forest,False,False,False,False
182804970-138500,UCL,2007,DIGITALP,0,,,0,NONE,NONE,NONE,77800,False,24.59662285353022,False,False,0,False,not_FOR,Excluded / non-forest,False,False,False,False
826009023,WAT,2007,DIGITALA,0,,,0,NONE,NONE,NONE,92547,False,0.23099662000510107,False,False,0,False,not_FOR,Excluded / non-forest,False,False,False,False
182655000-134370,UCL,2007,DIGITALP,0,,,0,NONE,NONE,NONE,92549,False,0.6529293319576583,False,False,0,False,not_FOR,Excluded / non-forest,False,False,False,False
182655000-115730,WAT,2007,DIGITALA,0,,,0,NONE,NONE,NONE,92550,False,0.14003701998056162,False,False,0,False,not_FOR,Excluded / non-forest,False,False,False,False
182655000-115731,WAT,2007,DIGITALA,0,,,0,NONE,NONE,NONE,92551,False,0.8323033943135817,False,False,0,False,not_FOR,Excluded / non-forest,False,False,False,False
182655000-014462,OMS,2007,DIGITALP,0,,,0,NONE,NONE,NONE,92552,False,0.3469633838475719,False,False,0,False,not_FOR,Excluded / non-forest,False,False,False,False
182655000-013910,OMS,2007,DIGITALP,0,,,0,NONE,NONE,NONE,92553,False,4.23681604473822,False,False,0,False,not_FOR,Excluded / non-forest,False,False,False,False
182655000-134379,UCL,2007,DIGITALP,0,,,0,NONE,NONE,NONE,92555,False,3.6878566146985357,False,False,0,False,not_FOR,Excluded / non-forest,False,False,False,False
182655000-115740,WAT,2007,DIGITALA,0,,,0,NONE,NONE,NONE,92556,False,0.6048766414589781,False,False,0,False,not_FOR,Excluded / non-forest,False,False,False,False
182655000-021986,OMS,2007,DIGITALP,0,,,0,NONE,NONE,NONE,92557,False,3.053330566805691,False,False,0,False,not_FOR,Excluded / non-forest,False,False,False,False
182655000-115742,WAT,2007,DIGITALA,0,,,0,NONE,NONE,NONE,92558,False,0.035022153086866674,False,False,0,False,not_FOR,Excluded / non-forest,False,False,False,False
182655000-138943,UCL,2007,DIGITALP,0,,,0,NONE,NONE,NONE,92559,False,0.6141092608346191,False,False,0,False,not_FOR,Excluded / non-forest,False,False,False,False
182655000-017135,FOR,2007,DIGITALP,1917,PO  50Bw  20Bf  10Sw  10Mr  10,PO,90,NONE,NONE,NONE,92560,False,2.8222499487820447,False,True,90,True,usable,81–100,True,True,True,False
182655000-134385,UCL,2007,DIGITALP,0,,,0,NONE,NONE,NONE,92561,False,0.21678497909262537,False,False,0,False,not_FOR,Excluded / non-forest,False,False,False,False
182655000-017134,FOR,2007,DIGITALP,1917,PO  50Bw  20Bf  10Sw  10Mr  10,PO,90,NONE,NONE,NONE,92562,False,20.7605321047428,False,True,90,True,usable,81–100,True,True,True,False
182655000-017133,FOR,2007,DIGITALP,1957,Sb  30Cw  30Bf  20Ab  20,Sb,50,NONE,NONE,NONE,92563,False,8.100772126919145,False,True,50,True,usable,41–60,False,False,False,False
182655000-017136,FOR,2007,DIGITALP,1997,PO  60Bw  30Bf  10,PO,10,NONE,NONE,NONE,92564,False,2.62783041378604,False,True,10,True,usable,1–20,False,False,False,False
182655000-134394,UCL,2007,DIGITALP,0,,,0,NONE,NONE,NONE,92565,False,0.46297958562083624,False,False,0,False,not_FOR,Excluded / non-forest,False,False,False,False
182655000-134397,UCL,2007,DIGITALP,0,,,0,NONE,NONE,NONE,92567,False,0.25160366714353277,False,False,0,False,not_FOR,Excluded / non-forest,False,False,False,False
182655000-017146,FOR,2007,SUPINFO,1917,Mh  40Mr  20Aw  10PO  10Bd  10He  10,Mh,90,NONE,NONE,NONE,92568,False,18.548644688958653,False,True,90,True,usable,81–100,True,True,True,False
182655000-134404,UCL,2007,DIGITALP,0,,,0,NONE,NONE,NONE,92571,False,1.5450605535035926,False,False,0,False,not_FOR,Excluded / non-forest,False,False,False,False
182655000-115781,WAT,2007,DIGITALA,0,,,0,NONE,NONE,NONE,92572,False,0.7101662061304032,False,False,0,False,not_FOR,Excluded / non-forest,False,False,False,False
182655000-134408,UCL,2007,DIGITALP,0,,,0,NONE,NONE,NONE,92574,False,1.4835046285606655,False,False,0,False,not_FOR,Excluded / non-forest,False,False,False,False
182655000-014897,FOR,2007,SUPINFO,1917,Or  20PO  20Mh  20Mr  20Pr  10He  10,Or,90,NONE,NONE,NONE,92575,False,36.734821051046836,False,True,90,True,usable,81–100,True,True,True,False
182655000-013694,OMS,2007,DIGITALP,0,,,0,NONE,NONE,NONE,92577,False,2.8014542974548533,False,False,0,False,not_FOR,Excluded / non-forest,False,False,False,False
182655000-140622,ISL,2007,DIGITALA,0,,,0,ISLD,NONE,NONE,92578,False,3.7918380033587544,False,False,0,False,not_FOR,Excluded / non-forest,False,False,False,False
182655000-017147,FOR,2007,SUPINFO,1917,Pr  60Pw  10PO  10Mh  10Mr  10,Pr,90,NONE,NONE,NONE,92579,False,14.523009480246976,False,True,90,True,usable,81–100,True,True,True,False
182655000-017148,FOR,2007,SUPINFO,1917,Mh  30Or  20Mr  20Pw  10PO  10Bd  10,Mh,90,NONE,NONE,NONE,92580,False,24.650178493260352,False,True,90,True,usable,81–100,True,True,True,False
182655000-115810,WAT,2007,DIGITALA,0,,,0,NONE,NONE,NONE,92581,False,4.759844227404981e-06,False,False,0,False,not_FOR,Excluded / non-forest,False,False,False,False
182655000-022134,FOR,2007,PLOTVAR,1927,PO  50Mh  20Aw  10Mr  10Bw  10,PO,80,NONE,NONE,NONE,92582,False,40.81142573470523,False,True,80,True,usable,61–80,True,True,False,False
182655000-017156,FOR,2007,DIGITALP,1927,PO  20Bw  20Mr  10Pw  10Mh  10Bd  10Bf  10Sw  10,PO,80,NONE,NONE,NONE,92583,False,32.500562794750714,False,True,80,True,usable,61–80,True,True,False,False
182655000-016840,FOR,2007,DIGITALP,1917,Mr  50Mh  20Aw  10PO  10Bd  10,Mr,90,NONE,NONE,NONE,92584,False,17.34376607829342,False,True,90,True,usable,81–100,True,True,True,False
182655000-013877,FOR,2007,DIGITALP,1947,Bf  40Sw  40Bw  10He  10,Bf,60,NONE,NONE,NONE,92585,False,1.6323896478620563,False,True,60,True,usable,41–60,True,False,False,False
182655000-013909,OMS,2007,DIGITALP,0,,,0,NONE,NONE,NONE,92587,False,1.576329360157908,False,False,0,False,not_FOR,Excluded / non-forest,False,False,False,False
826009010,ISL,2007,DIGITALA,0,,,0,ISLD,NONE,NONE,92588,False,7.924605105240836,False,False,0,False,not_FOR,Excluded / non-forest,False,False,False,False
182655000-015959,FOR,2007,DIGITALP,1917,Or  60He  10Iw  10Bw  10PO  10,Or,90,ISLD,NATB,NONE,92590,False,23.144126618253484,False,True,90,True,usable,81–100,True,True,True,False
182655000-115826,WAT,2007,DIGITALA,0,,,0,NONE,NONE,NONE,92591,False,0.9705461315244002,False,False,0,False,not_FOR,Excluded / non-forest,False,False,False,False
182655000-016842,FOR,2007,SUPINFO,1927,Mh  60Mr  10Bd  10Be  10Iw  10,Mh,80,NONE,NONE,NONE,92592,False,3.439576643423038,False,True,80,True,usable,61–80,True,True,False,False
182655000-014382,FOR,2007,DIGITALP,1947,Bf  40Sw  30Bw  10PO  10He  10,Bf,60,NONE,NONE,NONE,92593,False,1.7685896381912993,False,True,60,True,usable,41–60,True,False,False,False
182655000-016839,FOR,2007,DIGITALP,1907,Mr  30Mh  20Bw  10Cb  10Sw  10PO  10By  10,Mr,100,NONE,NONE,NONE,92594,False,18.417798000665805,False,True,100,True,usable,81–100,True,True,True,True
182655000-013866,OMS,2007,DIGITALP,0,,,0,NONE,NONE,NONE,92595,False,1.527075618992717,False,False,0,False,not_FOR,Excluded / non-forest,False,False,False,False
182655000-016838,FOR,2007,DIGITALP,1927,Mh  40Mr  20PO  10Bw  10Bd  10Aw  10,Mh,80,NONE,NONE,NONE,92597,False,10.170771001701977,False,True,80,True,usable,61–80,True,True,False,False
182655000-134440,UCL,2007,DIGITALP,0,,,0,NONE,NONE,NONE,92598,False,8.407726089537626,False,False,0,False,not_FOR,Excluded / non-forest,False,False,False,False
182655000-115871,WAT,2007,DIGITALA,0,,,0,NONE,NONE,NONE,92600,False,0.6904250172323417,False,False,0,False,not_FOR,Excluded / non-forest,False,False,False,False
182655000-016837,FOR,2007,DIGITALP,1927,Mh  40Mr  20PO  10Bw  10Bd  10Aw  10,Mh,80,NONE,NONE,NONE,92601,False,11.74172225585147,False,True,80,True,usable,61–80,True,True,False,False
182655000-140624,ISL,2007,DIGITALA,0,,,0,ISLD,NONE,NONE,92602,False,6.569874047235129,False,False,0,False,not_FOR,Excluded / non-forest,False,False,False,False
182655000-013967,OMS,2007,DIGITALP,0,,,0,NONE,NONE,NONE,92605,False,3.7829381102572603,False,False,0,False,not_FOR,Excluded / non-forest,False,False,False,False
182655000-013966,OMS,2007,DIGITALP,0,,,0,NONE,NONE,NONE,92607,False,1.4626355844471106,False,False,0,False,not_FOR,Excluded / non-forest,False,False,False,False
182655000-115891,WAT,2007,DIGITALA,0,,,0,NONE,NONE,NONE,92608,False,1.0189963514017053,False,False,0,False,not_FOR,Excluded / non-forest,False,False,False,False
182655000-013971,OMS,2007,DIGITALP,0,,,0,NONE,NONE,NONE,92609,False,1.8934409793370672,False,False,0,False,not_FOR,Excluded / non-forest,False,False,False,False
182655000-115894,WAT,2007,DIGITALA,0,,,0,NONE,NONE,NONE,92611,False,0.36062077671258524,False,False,0,False,not_FOR,Excluded / non-forest,False,False,False,False
182655000-134448,UCL,2007,DIGITALP,0,,,0,NONE,NONE,NONE,92612,False,14.749313729958502,False,False,0,False,not_FOR,Excluded / non-forest,False,False,False,False
182655000-016816,FOR,2007,PLOTVAR,1953,Mr  20Bf  20Pt  20Cb  10Pl  10Sw  10Mh  10,Mr,54,NONE,NONE,NONE,92613,False,36.80081629596821,False,True,54,True,usable,41–60,False,False,False,False
182655000-020187,FOR,2007,DIGITALP,1937,Bf  20Mr  10Pt  10Cb  10Pl  10Sw  10Mh  10Pw  10He  10,Bf,70,NONE,NONE,NONE,92614,False,30.159272182157373,False,True,70,True,usable,61–80,True,False,False,False
826009008,WAT,2007,DIGITALA,0,,,0,NONE,NONE,NONE,92615,False,8.361966484853136,False,False,0,False,not_FOR,Excluded / non-forest,False,False,False,False
182655000-140627,ISL,2007,DIGITALA,0,,,0,ISLD,NONE,NONE,92616,False,7.983147037845991,False,False,0,False,not_FOR,Excluded / non-forest,False,False,False,False
182655000-013983,OMS,2007,DIGITALP,0,,,0,NONE,NONE,NONE,92617,False,1.5634841107565018,False,False,0,False,not_FOR,Excluded / non-forest,False,False,False,False
182655000-013976,OMS,2007,DIGITALP,0,,,0,NONE,NONE,NONE,92618,False,2.122104487824525,False,False,0,False,not_FOR,Excluded / non-forest,False,False,False,False
182655000-013929,OMS,2007,DIGITALP,0,,,0,NONE,NONE,NONE,92619,False,2.7270201536524272,False,False,0,False,not_FOR,Excluded / non-forest,False,False,False,False
182655000-016824,FOR,2007,DIGITALP,1937,Mr  20Bf  20Pw  20Or  10Pl  10Sw  10Mh  10,Mr,70,ROCK,NONE,NONE,92620,False,32.85274994571711,False,True,70,True,usable,61–80,True,False,False,False
182655000-016835,FOR,2007,DIGITALP,1927,Mh  30PO  20Mr  20Bw  10Bd  10Aw  10,Mh,80,NONE,NONE,NONE,92622,False,14.050104319001463,False,True,80,True,usable,61–80,True,True,False,False
182655000-013928,FOR,2007,DIGITALP,1937,PO  50Bw  20Sw  20Bf  10,PO,70,NONE,NONE,NONE,92633,False,5.030234060937931,False,True,70,True,usable,61–80,True,False,False,False
182655000-115939,WAT,2007,DIGITALA,0,,,0,NONE,NONE,NONE,92634,False,0.7223674796254143,False,False,0,False,not_FOR,Excluded / non-forest,False,False,False,False
182655000-016823,FOR,2007,PLOTVAR,1932,Pt  30Bf  20Mr  20Sw  10Cb  10Mh  10,Pt,75,NONE,NONE,NONE,92635,False,19.303403049926665,False,True,75,True,usable,61–80,True,False,False,False
182655000-134457,UCL,2007,DIGITALP,0,,,0,NONE,NONE,NONE,92636,False,5.9747033135633485,False,False,0,False,not_FOR,Excluded / non-forest,False,False,False,False
182655000-013927,BSH,2007,DIGITALP,0,,,0,NONE,NONE,NONE,92637,False,12.150208852027745,False,False,0,False,not_FOR,Excluded / non-forest,False,False,False,False
182655000-013932,FOR,2007,DIGITALP,1977,Ab  70Cw  20Sw  10,Ab,30,WETT,NONE,NONE,92638,False,3.440037407126092,False,True,30,True,usable,21–40,False,False,False,False
182655000-016836,FOR,2007,DIGITALP,1927,PO  50Bf  20Bw  10Sw  10Sb  10,PO,80,NONE,NONE,NONE,92639,False,7.07977715329676,False,True,80,True,usable,61–80,True,True,False,False
182655000-115942,WAT,2007,DIGITALA,0,,,0,NONE,NONE,NONE,92640,False,4.414570668407057,False,False,0,False,not_FOR,Excluded / non-forest,False,False,False,False
182655000-134460,UCL,2007,DIGITALP,0,,,0,NONE,NONE,NONE,92641,False,0.4987036769905363,False,False,0,False,not_FOR,Excluded / non-forest,False,False,False,False
826009029,FOR,2007,DIGITALP,1927,Pw  20Sb  20Pr  20Mr  10Or  10He  10Sw  10,Pw,80,ROCK,NONE,NONE,92642,False,20.489795675191083,False,True,80,True,usable,61–80,True,True,False,False
182655000-115952,WAT,2007,DIGITALA,0,,,0,NONE,NONE,NONE,92643,False,1.0668623991001571,False,False,0,False,not_FOR,Excluded / non-forest,False,False,False,False
182655000-016821,FOR,2007,DIGITALP,1937,Mr  20Bw  20PO  10He  10Be  10Pw  10Sw  10Mh  10,Mr,70,NONE,NONE,NONE,92647,False,16.21156325107209,False,True,70,True,usable,61–80,True,False,False,False
182655000-115975,WAT,2007,DIGITALA,0,,,0,NONE,NONE,NONE,92648,False,0.12015854900820147,False,False,0,False,not_FOR,Excluded / non-forest,False,False,False,False
182655000-016834,FOR,2007,DIGITALP,1967,Ab  80Cw  20,Ab,40,NONE,NONE,NONE,92649,False,1.126573806028651,False,True,40,True,usable,21–40,False,False,False,False
182655000-115963,WAT,2007,DIGITALA,0,,,0,NONE,NONE,NONE,92650,False,0.8600798623179586,False,False,0,False,not_FOR,Excluded / non-forest,False,False,False,False
826009007,WAT,2007,DIGITALA,0,,,0,NONE,NONE,NONE,92651,False,0.021658835617921934,False,False,0,False,not_FOR,Excluded / non-forest,False,False,False,False
182655000-022130,FOR,2007,DIGITALP,1917,Mr  20He  20Bd  10Bw  10Be  10Pw  10Sw  10Mh  10,Mr,90,NONE,NONE,NONE,92652,False,16.158408662236003,False,True,90,True,usable,81–100,True,True,True,False
182655000-016829,FOR,2007,DIGITALP,1947,PO  40Bw  30Pw  10Sw  10Mr  10,PO,60,NONE,NONE,NONE,92653,False,5.473544542833363,False,True,60,True,usable,41–60,True,False,False,False
826009017,OMS,2007,DIGITALP,0,,,0,NONE,NONE,NONE,92657,True,3.0402042424690023,False,False,0,False,not_FOR,Excluded / non-forest,False,False,False,False
182655000-016826,FOR,2007,DIGITALP,1987,Sb  40Bf  30Cw  20La  10,Sb,20,NONE,NONE,NONE,92658,False,0.45726065813126504,False,True,20,True,usable,1–20,False,False,False,False
182655000-015665,FOR,2007,DIGITALP,1937,PO  70Sw  10Bw  10Pw  10,PO,70,NONE,NONE,NONE,92659,False,6.069332808321015,False,True,70,True,usable,61–80,True,False,False,False
182655000-022131,FOR,2007,DIGITALP,1937,Bf  40Sb  30Sw  20Pw  10,Bf,70,NONE,NONE,NONE,92660,False,11.382269926045238,False,True,70,True,usable,61–80,True,False,False,False
182655000-016828,FOR,2007,DIGITALP,1947,Sw  30Bf  30Sb  20PO  10Bw  10,Sw,60,NONE,NONE,NONE,92663,False,25.206811793546027,False,True,60,True,usable,41–60,True,False,False,False
182655000-016814,FOR,2007,DIGITALP,1917,Mr  30Mh  20Bd  20Aw  10Or  10Be  10,Mr,90,NONE,NONE,NONE,92664,False,28.914283366841364,False,True,90,True,usable,81–100,True,True,True,False
182655000-016819,FOR,2007,DIGITALP,1917,Mr  20He  10Bd  10Bw  10Ab  10PO  10Sw  10Mh  10Bf  10,Mr,90,NONE,NONE,NONE,92665,False,4.372460064711731,False,True,90,True,usable,81–100,True,True,True,False
182655000-016822,FOR,2007,PLOTVAR,1915,Sw  40Pt  30Bf  10Cw  10Bw  10,Sw,92,NONE,NONE,NONE,92670,False,15.602427615500256,False,True,92,True,usable,81–100,True,True,True,False
182655000-022132,FOR,2007,DIGITALP,1967,Bw  50Bf  20Sw  10Sb  10Mr  10,Bw,40,NONE,NONE,NONE,92671,False,4.791802230473431,False,True,40,True,usable,21–40,False,False,False,False
182655000-016827,FOR,2007,SUPINFO,1967,Pr 100,Pr,40,NONE,NONE,NONE,92675,False,4.323834773983759,False,True,40,True,usable,21–40,False,False,False,False
182655000-014328,OMS,2007,DIGITALP,0,,,0,NONE,NONE,NONE,92677,False,0.3790691171062485,False,False,0,False,not_FOR,Excluded / non-forest,False,False,False,False
826009030,FOR,2007,DIGITALP,1927,Mr  30He  30Mh  10Or  10Sw  10Pw  10,Mr,80,DAMG,NONE,NONE,92683,False,0.0019209463354772094,False,True,80,True,usable,61–80,True,True,False,False
182655000-016825,FOR,2007,DIGITALP,1937,PO  50Sw  20Bf  10Sb  10Bw  10,PO,70,NONE,NONE,NONE,92686,False,0.31481596038044524,False,True,70,True,usable,61–80,True,False,False,False
182655000-016818,FOR,2007,DIGITALP,1936,PO  20Sw  20Bf  20Pw  10Bw  10He  10Mr  10,PO,71,NONE,NONE,NONE,92688,False,16.927186895191912,False,True,71,True,usable,61–80,True,False,False,False
182605000-022133,FOR,2007,DIGITALP,1927,PO  50Mh  20Bw  10Mr  10Sw  10,PO,80,NONE,NONE,NONE,93012,False,4.084788271435959,False,True,80,True,usable,61–80,True,True,False,False
182854995-013863,OMS,2007,DIGITALP,0,,,0,NONE,NONE,NONE,94426,False,0.15043709925949342,False,False,0,False,not_FOR,Excluded / non-forest,False,False,False,False
182804995-017230,FOR,2007,DIGITALP,1967,Pr 100,Pr,40,NONE,NONE,NONE,94429,False,1.5588466320664374,False,True,40,True,usable,21–40,False,False,False,False
182804995-115724,WAT,2007,DIGITALA,0,,,0,NONE,NONE,NONE,94431,False,0.7703307310184225,False,False,0,False,not_FOR,Excluded / non-forest,False,False,False,False
182804995-134368,UCL,2007,DIGITALP,0,,,0,NONE,NONE,NONE,94432,False,0.9274145146802187,False,False,0,False,not_FOR,Excluded / non-forest,False,False,False,False
182804995-134369,UCL,2007,DIGITALP,0,,,0,NONE,NONE,NONE,94433,False,1.0119177340227925,False,False,0,False,not_FOR,Excluded / non-forest,False,False,False,False
182804995-014943,RCK,2007,DIGITALP,0,,,0,NONE,NONE,NONE,94434,False,1.9541923351995254,False,False,0,False,not_FOR,Excluded / non-forest,False,False,False,False
182804995-014940,OMS,2007,DIGITALP,0,,,0,NONE,NONE,NONE,94435,False,4.006041576300866,False,False,0,False,not_FOR,Excluded / non-forest,False,False,False,False
182804995-017253,FOR,2007,DIGITALP,1937,PO  30Bw  30Mr  20Mh  10Sw  10,PO,70,NONE,NONE,NONE,94437,False,2.877668381278419,False,True,70,True,usable,61–80,True,False,False,False
182804995-017250,FOR,2007,DIGITALP,1967,Pr  50Sw  50,Pr,40,NONE,NONE,NONE,94438,False,3.7257013999605157,False,True,40,True,usable,21–40,False,False,False,False
182804995-017229,FOR,2007,DIGITALP,1992,Sw  90Bw  10,Sw,15,NONE,NONE,NONE,94439,False,8.270601028112777,False,True,15,True,usable,1–20,False,False,False,False
182804995-013920,OMS,2007,DIGITALP,0,,,0,NONE,NONE,NONE,94440,False,0.6463059078137444,False,False,0,False,not_FOR,Excluded / non-forest,False,False,False,False
182804995-017270,FOR,2007,DIGITALP,1927,Bd  20Aw  20Mr  20PO  10Pr  10Mh  10Sw  10,Bd,80,NONE,NONE,NONE,94442,False,19.003011035744876,False,True,80,True,usable,61–80,True,True,False,False
182804995-017228,FOR,2007,DIGITALP,1977,PO  50Bw  20Bf  20Sw  10,PO,30,NONE,NONE,NONE,94443,False,14.12795056668289,False,True,30,True,usable,21–40,False,False,False,False
182804995-115741,WAT,2007,DIGITALA,0,,,0,NONE,NONE,NONE,94444,False,0.22441262006409557,False,False,0,False,not_FOR,Excluded / non-forest,False,False,False,False
182804995-017249,FOR,2007,DIGITALP,1957,Pr 100,Pr,50,NONE,NONE,NONE,94445,False,4.989200180332,False,True,50,True,usable,41–60,False,False,False,False
182804995-014939,FOR,2007,DIGITALP,2001,Pr  80Bw  20,Pr,6,NONE,NONE,NONE,94446,False,2.2939701806357005,False,True,6,True,usable,1–20,False,False,False,False
182804995-017236,FOR,2007,DIGITALP,1937,PO  50Bw  20Bf  10Mr  10Sw  10,PO,70,NONE,NONE,NONE,94447,False,24.528174630864225,False,True,70,True,usable,61–80,True,False,False,False
182804995-014812,OMS,2007,DIGITALP,0,,,0,NONE,NONE,NONE,94448,False,0.24747889187081978,False,False,0,False,not_FOR,Excluded / non-forest,False,False,False,False
182804995-115745,WAT,2007,DIGITALA,0,,,0,NONE,NONE,NONE,94449,False,5.409388089767724,False,False,0,False,not_FOR,Excluded / non-forest,False,False,False,False
182804995-015873,OMS,2007,DIGITALP,0,,,0,NONE,NONE,NONE,94452,False,4.531696390777672,False,False,0,False,not_FOR,Excluded / non-forest,False,False,False,False
182804995-014811,FOR,2007,DIGITALP,1937,Ab  70Bf  10Bw  10Cw  10,Ab,70,WETT,NONE,NONE,94453,False,3.6615326963331265,False,True,70,True,usable,61–80,True,False,False,False
182804995-115752,WAT,2007,DIGITALA,0,,,0,NONE,NONE,NONE,94454,False,0.32922058872272314,False,False,0,False,not_FOR,Excluded / non-forest,False,False,False,False
182804995-017261,FOR,2007,DIGITALP,1927,Mh  50Mr  20Sw  10PO  10Bd  10,Mh,80,NONE,NONE,NONE,94455,False,27.549647269022465,False,True,80,True,usable,61–80,True,True,False,False
182804995-017251,FOR,2007,DIGITALP,1967,Sw  20Bw  20PO  20He  20WI  10Cw  10,Sw,40,NONE,NONE,NONE,94456,False,4.749271490246576,False,True,40,True,usable,21–40,False,False,False,False
182804995-014810,BSH,2007,DIGITALP,0,,,0,NONE,NONE,NONE,94457,False,3.3303241214846175,False,False,0,False,not_FOR,Excluded / non-forest,False,False,False,False
182804995-115758,WAT,2007,DIGITALA,0,,,0,NONE,NONE,NONE,94458,False,0.8124998682217519,False,False,0,False,not_FOR,Excluded / non-forest,False,False,False,False
182854995-115764,WAT,2007,DIGITALA,0,,,0,NONE,NONE,NONE,94462,False,0.3215290193643211,False,False,0,False,not_FOR,Excluded / non-forest,False,False,False,False
182805000-014932,OMS,2007,DIGITALP,0,,,0,NONE,NONE,NONE,94473,False,0.7634266269641503,False,False,0,False,not_FOR,Excluded / non-forest,False,False,False,False
182805000-013921,OMS,2007,DIGITALP,0,,,0,NONE,NONE,NONE,94474,False,1.7694395383251686,False,False,0,False,not_FOR,Excluded / non-forest,False,False,False,False
182805000-115775,WAT,2007,DIGITALA,0,,,0,NONE,NONE,NONE,94475,False,0.3279203326299851,False,False,0,False,not_FOR,Excluded / non-forest,False,False,False,False
182805000-014941,OMS,2007,DIGITALP,0,,,0,NONE,NONE,NONE,94476,False,1.7110486413442494,False,False,0,False,not_FOR,Excluded / non-forest,False,False,False,False
182805000-017263,FOR,2007,DIGITALP,1982,Pr 100,Pr,25,NONE,NONE,NONE,94477,False,0.5895865188193891,False,True,25,True,usable,21–40,False,False,False,False
182805000-014809,GRS,2007,DIGITALP,0,,,0,NONE,NONE,NONE,94478,False,3.635455222844467,False,False,0,False,not_FOR,Excluded / non-forest,False,False,False,False
182805000-014361,OMS,2007,DIGITALP,0,,,0,NONE,NONE,NONE,94480,False,2.6709137049517047,False,False,0,False,not_FOR,Excluded / non-forest,False,False,False,False
182805000-014936,OMS,2007,DIGITALP,0,,,0,NONE,NONE,NONE,94481,False,0.8920446686256676,False,False,0,False,not_FOR,Excluded / non-forest,False,False,False,False
182805000-017231,FOR,2007,DIGITALP,1927,Mh  40Mr  20Aw  10Bd  10Bw  10PO  10,Mh,80,NONE,NONE,NONE,94483,False,19.10771792982885,False,True,80,True,usable,61–80,True,True,False,False
182855000-017275,FOR,2007,DIGITALP,1962,Pr 100,Pr,45,NONE,NONE,NONE,94484,False,3.2547142330052883,False,True,45,True,usable,41–60,False,False,False,False
182805000-115811,WAT,2007,DIGITALA,0,,,0,NONE,NONE,NONE,94485,False,0.7415737557481317,False,False,0,False,not_FOR,Excluded / non-forest,False,False,False,False
182805000-014934,FOR,2007,DIGITALP,1957,Ab  90Cw  10,Ab,50,WETT,NONE,NONE,94487,False,0.9828424808664377,False,True,50,True,usable,41–60,False,False,False,False
182805000-022169,FOR,2007,DIGITALP,1995,PO  40Bw  30Mr  20Pr  10,PO,12,NONE,NONE,NONE,94489,False,14.323450472064302,False,True,12,True,usable,1–20,False,False,False,False
182805000-017267,FOR,2007,DIGITALP,1937,Pr  20Bw  20Sw  20Mr  10He  10PO  10Pw  10,Pr,70,NONE,NONE,NONE,94490,False,16.610981034919135,False,True,70,True,usable,61–80,True,False,False,False
182805000-014834,OMS,2007,DIGITALP,0,,,0,NONE,NONE,NONE,94492,False,1.2852173410336298,False,False,0,False,not_FOR,Excluded / non-forest,False,False,False,False
182805000-115850,WAT,2007,DIGITALA,0,,,0,NONE,NONE,NONE,94494,False,0.9176518573935607,False,False,0,False,not_FOR,Excluded / non-forest,False,False,False,False
182805000-016662,FOR,2007,DIGITALP,1957,PO  40Bw  40Sw  10Bf  10,PO,50,NONE,NONE,NONE,94495,False,3.8953392625193417,False,True,50,True,usable,41–60,False,False,False,False
182805000-020221,FOR,2007,DIGITALP,1967,Bf  40Bw  20Sw  20PO  10Cw  10,Bf,40,NONE,NONE,NONE,94498,False,20.409230799690537,False,True,40,True,usable,21–40,False,False,False,False
182805000-016690,FOR,2007,DIGITALP,1937,PO  40Mr  20Ab  10Bw  10Bf  10Sw  10,PO,70,NONE,NONE,NONE,94500,False,0.38652981821400867,False,True,70,True,usable,61–80,True,False,False,False
182805000-016656,FOR,2007,DIGITALP,1917,Or  60Mh  20Mr  10Iw  10,Or,90,NONE,NONE,NONE,94503,False,8.548823510029836,False,True,90,True,usable,81–100,True,True,True,False
182805000-017233,FOR,2007,DIGITALP,1927,PO  50Bw  20Bf  10Sw  10Mr  10,PO,80,NONE,NONE,NONE,94506,False,22.62781537380067,False,True,80,True,usable,61–80,True,True,False,False
182805000-134426,UCL,2007,DIGITALP,0,,,0,NONE,NONE,NONE,94507,False,2.6790346962137006,False,False,0,False,not_FOR,Excluded / non-forest,False,False,False,False
182805000-017268,FOR,2007,DIGITALP,1957,Pr 100,Pr,50,NONE,NONE,NONE,94509,False,1.8698955373893187,False,True,50,True,usable,41–60,False,False,False,False
182805000-017246,FOR,2007,DIGITALP,1917,Or  30Mr  20Mh  20Aw  10PO  10Bd  10,Or,90,NONE,NONE,NONE,94510,False,9.12618537948422,False,True,90,True,usable,81–100,True,True,True,False
182805000-014935,GRS,2007,DIGITALP,0,,,0,NONE,NONE,NONE,94511,False,6.6611484218337225,False,False,0,False,not_FOR,Excluded / non-forest,False,False,False,False
182805000-014931,OMS,2007,DIGITALP,0,,,0,NONE,NONE,NONE,94513,False,1.4435914297252903,False,False,0,False,not_FOR,Excluded / non-forest,False,False,False,False
182805000-017235,FOR,2007,DIGITALP,1967,Bw  40PO  30Bf  10Mr  10Ab  10,Bw,40,NONE,NONE,NONE,94514,False,8.472460063914733,False,True,40,True,usable,21–40,False,False,False,False
182805000-017234,OMS,2007,DIGITALP,0,,,0,NONE,NONE,NONE,94515,False,1.115268690981122,False,False,0,False,not_FOR,Excluded / non-forest,False,False,False,False
182805000-115828,WAT,2007,DIGITALA,0,,,0,NONE,NONE,NONE,94516,False,0.29307253020202784,False,False,0,False,not_FOR,Excluded / non-forest,False,False,False,False
182805000-014937,OMS,2007,DIGITALP,0,,,0,NONE,NONE,NONE,94519,False,0.7665811175431111,False,False,0,False,not_FOR,Excluded / non-forest,False,False,False,False
182805000-014938,GRS,2007,DIGITALP,0,,,0,NONE,NONE,NONE,94520,False,0.6810216313515766,False,False,0,False,not_FOR,Excluded / non-forest,False,False,False,False
182805000-014396,BSH,2007,DIGITALP,0,,,0,NONE,NONE,NONE,94521,False,0.6836670143172362,False,False,0,False,not_FOR,Excluded / non-forest,False,False,False,False
182805000-017273,FOR,2007,DIGITALP,1917,Or  70Iw  10Mh  10Pw  10,Or,90,NONE,NONE,NONE,94526,False,26.818104665860584,False,True,90,True,usable,81–100,True,True,True,False
182805000-016695,FOR,2007,DIGITALP,1937,Bw  20Mh  20Mr  20Bd  10PO  10Sw  10Aw  10,Bw,70,NONE,NONE,NONE,94530,False,4.51493464958605,False,True,70,True,usable,61–80,True,False,False,False
182805000-022001,OMS,2007,DIGITALP,0,,,0,NONE,NONE,NONE,94534,False,1.5667002057760593,False,False,0,False,not_FOR,Excluded / non-forest,False,False,False,False
182805000-017247,FOR,2007,DIGITALP,1927,Mh  40PO  20Mr  20Aw  10Bd  10,Mh,80,NONE,NONE,NONE,94535,False,15.381697337559242,False,True,80,True,usable,61–80,True,True,False,False
182855000-016979,FOR,2007,DIGITALP,1927,PO  60Bw  20Bf  10Sw  10,PO,80,NONE,NONE,NONE,94536,False,26.69220192671145,False,True,80,True,usable,61–80,True,True,False,False
182805000-115858,WAT,2007,DIGITALA,0,,,0,NONE,NONE,NONE,94537,False,8.640672111921738,False,False,0,False,not_FOR,Excluded / non-forest,False,False,False,False
182855000-016622,FOR,2007,DIGITALP,1962,Pr 100,Pr,45,NONE,NONE,NONE,94539,False,1.0761313606119074,False,True,45,True,usable,41–60,False,False,False,False
182805000-134437,UCL,2007,DIGITALP,0,,,0,NONE,NONE,NONE,94542,False,3.3655422161991955,False,False,0,False,not_FOR,Excluded / non-forest,False,False,False,False
182805000-134438,UCL,2007,DIGITALP,0,,,0,NONE,NONE,NONE,94546,False,1.474367655660839,False,False,0,False,not_FOR,Excluded / non-forest,False,False,False,False
182805000-022535,OMS,2007,DIGITALP,0,,,0,NONE,NONE,NONE,94547,False,1.281803233062804,False,False,0,False,not_FOR,Excluded / non-forest,False,False,False,False
182805000-016644,FOR,2007,DIGITALP,1927,Or  30PO  20Mr  20Pr  10Sw  10Mh  10,Or,80,NONE,NONE,NONE,94548,False,11.787609059299145,False,True,80,True,usable,61–80,True,True,False,False
182805000-016661,FOR,2007,DIGITALP,1927,PO  30Mh  20Mr  20Bw  10Sw  10Bd  10,PO,80,NONE,NONE,NONE,94549,False,13.290401366966515,False,True,80,True,usable,61–80,True,True,False,False
182805000-016696,FOR,2007,DIGITALP,1997,PO  40Bw  30Mr  20Sw  10,PO,10,NONE,NONE,NONE,94551,False,2.4201674936228965,False,True,10,True,usable,1–20,False,False,False,False
182805000-014395,FOR,2007,DIGITALP,1992,Bw  50PO  40Bf  10,Bw,15,NONE,NONE,NONE,94552,False,2.251902015703072,False,True,15,True,usable,1–20,False,False,False,False
182805000-014835,OMS,2007,DIGITALP,0,,,0,NONE,NONE,NONE,94556,False,10.427856576062894,False,False,0,False,not_FOR,Excluded / non-forest,False,False,False,False
182805000-016697,FOR,2007,DIGITALP,1937,PO  50Bw  20Sw  20Bf  10,PO,70,NONE,NONE,NONE,94557,False,10.533579420145076,False,True,70,True,usable,61–80,True,False,False,False
182805000-134442,UCL,2007,DIGITALP,0,,,0,NONE,NONE,NONE,94558,False,6.011243785785338,False,False,0,False,not_FOR,Excluded / non-forest,False,False,False,False
182805000-134443,UCL,2007,DIGITALP,0,,,0,NONE,NONE,NONE,94559,False,25.66014077561877,False,False,0,False,not_FOR,Excluded / non-forest,False,False,False,False
182805000-013937,FOR,2007,DIGITALP,1947,PO  70Bw  20Sw  10,PO,60,NONE,NONE,NONE,94561,False,14.067979276857024,False,True,60,True,usable,41–60,True,False,False,False
182805000-016654,FOR,2007,DIGITALP,1927,Mr  30Mh  20PO  10Or  10Be  10Bw  10Bd  10,Mr,80,NONE,NONE,NONE,94563,False,34.558355640267,False,True,80,True,usable,61–80,True,True,False,False
182805000-014394,GRS,2007,DIGITALP,0,,,0,NONE,NONE,NONE,94564,False,4.009202412275278,False,False,0,False,not_FOR,Excluded / non-forest,False,False,False,False
182805000-016663,FOR,2007,DIGITALP,1937,Bw  30Mr  30PO  20Mh  10Sw  10,Bw,70,NONE,NONE,NONE,94565,False,7.943938658182551,False,True,70,True,usable,61–80,True,False,False,False
182805000-013698,DAL,2007,DIGITALP,0,,,0,NONE,NONE,NONE,94566,False,3.7566455703727355,False,False,0,False,not_FOR,Excluded / non-forest,False,False,False,False
182805000-134444,UCL,2007,DIGITALP,0,,,0,NONE,NONE,NONE,94567,False,2.862564515311397,False,False,0,False,not_FOR,Excluded / non-forest,False,False,False,False
182805000-016645,FOR,2007,DIGITALP,1927,PO  70Bw  10Bf  10Sw  10,PO,80,NONE,NONE,NONE,94569,False,22.943759524258112,False,True,80,True,usable,61–80,True,True,False,False
182805000-016668,FOR,2007,DIGITALP,1982,Pr 100,Pr,25,NONE,NONE,NONE,94571,False,0.712081073815425,False,True,25,True,usable,21–40,False,False,False,False
182805000-134446,UCL,2007,DIGITALP,0,,,0,NONE,NONE,NONE,94575,False,1.707769304734576,False,False,0,False,not_FOR,Excluded / non-forest,False,False,False,False
182805000-014839,DAL,2007,DIGITALP,0,,,0,NONE,NONE,NONE,94576,False,0.9600619006742392,False,False,0,False,not_FOR,Excluded / non-forest,False,False,False,False
182805000-014364,RCK,2007,DIGITALP,0,,,0,NONE,NONE,NONE,94581,False,2.4423702797636753,False,False,0,False,not_FOR,Excluded / non-forest,False,False,False,False
182805000-016653,FOR,2007,DIGITALP,1927,Mr  30Mh  20PO  10Or  10Be  10Bw  10Bd  10,Mr,80,NONE,NONE,NONE,94582,False,12.761628759379995,False,True,80,True,usable,61–80,True,True,False,False
182805000-016700,BSH,2007,DIGITALP,0,,,0,NONE,NONE,NONE,94583,False,3.0231128251287505,False,False,0,False,not_FOR,Excluded / non-forest,False,False,False,False
182855000-016624,FOR,2007,DIGITALP,1987,Pr 100,Pr,20,NONE,NONE,NONE,94584,False,1.5704528771572974,False,True,20,True,usable,1–20,False,False,False,False
182805000-134447,UCL,2007,DIGITALP,0,,,0,NONE,NONE,NONE,94585,False,6.83225605749238,False,False,0,False,not_FOR,Excluded / non-forest,False,False,False,False
182805000-016641,FOR,2007,DIGITALP,1927,Or  90Mr  10,Or,80,NONE,NONE,NONE,94588,False,4.661516870233072,False,True,80,True,usable,61–80,True,True,False,False
182805000-016670,FOR,2007,DIGITALP,1957,Ab  60Cw  20Sb  10Bf  10,Ab,50,NONE,NONE,NONE,94592,False,6.365751562333839,False,True,50,True,usable,41–60,False,False,False,False
182805000-016642,FOR,2007,DIGITALP,1927,PO  30Bw  20Mr  20Pr  10Sw  10Mh  10,PO,80,NONE,NONE,NONE,94593,False,33.53115798483855,False,True,80,True,usable,61–80,True,True,False,False
182805000-016698,FOR,2007,DIGITALP,1957,Bf  30Sw  30Bw  20PO  10Mr  10,Bf,50,NONE,NONE,NONE,94594,False,13.03583712463798,False,True,50,True,usable,41–60,False,False,False,False
182805000-016671,FOR,2007,DIGITALP,1957,Cw  60Bf  10Sb  10La  10Ab  10,Cw,50,NONE,NONE,NONE,94596,False,7.699538629348009,False,True,50,True,usable,41–60,False,False,False,False
182805000-014007,OMS,2007,DIGITALP,0,,,0,NONE,NONE,NONE,94597,False,1.1606634151563544,False,False,0,False,not_FOR,Excluded / non-forest,False,False,False,False
182855000-013890,FOR,2007,DIGITALP,1987,PO  30Sb  20Bw  20Bf  20Ab  10,PO,20,NONE,NONE,NONE,94599,False,4.6198588819528865,False,True,20,True,usable,1–20,False,False,False,False
182805000-016655,FOR,2007,DIGITALP,1947,PO  50Bw  20Mr  10Pr  10Bd  10,PO,60,NONE,NONE,NONE,94601,False,20.249815941857456,False,True,60,True,usable,41–60,True,False,False,False
182805000-115909,WAT,2007,DIGITALA,0,,,0,NONE,NONE,NONE,94602,False,18.690817194417278,False,False,0,False,not_FOR,Excluded / non-forest,False,False,False,False
182805000-016665,FOR,2007,DIGITALP,1917,Mh  30Mr  20Or  20Bd  10PO  10Iw  10,Mh,90,NONE,NONE,NONE,94603,False,15.54185206584808,False,True,90,True,usable,81–100,True,True,True,False
182805000-016640,FOR,2007,DIGITALP,1927,PO  60Bw  10Bf  10Pr  10Sw  10,PO,80,NONE,NONE,NONE,94604,False,9.304170096001352,False,True,80,True,usable,61–80,True,True,False,False
182805000-016666,FOR,2007,DIGITALP,1917,Or  70PO  10Mh  10Iw  10,Or,90,NONE,NONE,NONE,94605,False,7.06032411847676,False,True,90,True,usable,81–100,True,True,True,False
182805000-016652,FOR,2007,DIGITALP,1917,Mh  20Mr  20Bd  20Be  10Or  10PO  10By  10,Mh,90,NONE,NONE,NONE,94606,False,21.021358521539327,False,True,90,True,usable,81–100,True,True,True,False
182855000-022171,FOR,2007,DIGITALP,1937,PO  50Bw  10Bf  10Pw  10Sw  10Cw  10,PO,70,NONE,NONE,NONE,94608,False,25.51721823143809,False,True,70,True,usable,61–80,True,False,False,False
182805000-016694,FOR,2007,DIGITALP,1927,PO  50Sw  20Bw  10Mh  10Mr  10,PO,80,NONE,NONE,NONE,94609,False,10.864231165914733,False,True,80,True,usable,61–80,True,True,False,False
182805000-016669,FOR,2007,DIGITALP,1957,Ab  80Sb  10Cw  10,Ab,50,NONE,NONE,NONE,94610,False,8.411820788623082,False,True,50,True,usable,41–60,False,False,False,False
182805000-013826,GRS,2007,DIGITALP,0,,,0,NONE,NONE,NONE,94613,False,4.744274239417857,False,False,0,False,not_FOR,Excluded / non-forest,False,False,False,False
182805000-014006,GRS,2007,DIGITALP,0,,,0,NONE,NONE,NONE,94615,False,1.8663449208406622,False,False,0,False,not_FOR,Excluded / non-forest,False,False,False,False
182805000-022121,FOR,2007,DIGITALP,1987,Bw  60PO  30WI  10,Bw,20,NONE,NONE,NONE,94616,False,9.484330160426994,False,True,20,True,usable,1–20,False,False,False,False
182805000-115922,WAT,2007,DIGITALA,0,,,0,NONE,NONE,NONE,94617,False,0.8924789204219571,False,False,0,False,not_FOR,Excluded / non-forest,False,False,False,False
182805000-016693,FOR,2007,DIGITALP,1937,Mh  50Mr  20Bw  10PO  10Bd  10,Mh,70,NONE,NONE,NONE,94619,False,12.960899725696246,False,True,70,True,usable,61–80,True,False,False,False
828009049,FOR,2007,DIGITALP,1917,Pw  90Bf  10,Pw,90,NONE,NONE,NONE,94620,False,4.479973059284793,False,True,90,True,usable,81–100,True,True,True,False
182805000-016639,FOR,2007,DIGITALP,1937,Pj  80Pr  20,Pj,70,NONE,NONE,NONE,94621,False,10.865776830019657,False,True,70,True,usable,61–80,True,False,False,False
182805000-115933,WAT,2007,DIGITALA,0,,,0,NONE,NONE,NONE,94622,False,0.30353325325719005,False,False,0,False,not_FOR,Excluded / non-forest,False,False,False,False
182805000-016699,FOR,2007,DIGITALP,1932,Mr  30PO  20Bd  20Mh  10Bw  10Sw  10,Mr,75,NONE,NONE,NONE,94623,False,5.138532683103414,False,True,75,True,usable,61–80,True,False,False,False
182805000-022122,FOR,2007,DIGITALP,1962,Bw  60PO  30Sw  10,Bw,45,NONE,NONE,NONE,94624,False,6.50988555829311,False,True,45,True,usable,41–60,False,False,False,False
182805000-016637,FOR,2007,DIGITALP,1927,PO  60Bw  10Bf  10Pr  10Sw  10,PO,80,NONE,NONE,NONE,94625,False,19.99292170992623,False,True,80,True,usable,61–80,True,True,False,False
182805000-134458,UCL,2007,DIGITALP,0,,,0,NONE,NONE,NONE,94627,False,1.3237403033345345,False,False,0,False,not_FOR,Excluded / non-forest,False,False,False,False
182805000-016660,FOR,2007,DIGITALP,1917,Bd  20Mh  20Mr  20Or  10Be  10PO  10By  10,Bd,90,NONE,NONE,NONE,94629,False,14.67129541021903,False,True,90,True,usable,81–100,True,True,True,False
182805000-016643,FOR,2007,SUPINFO,1956,Pr 100,Pr,51,NONE,NONE,NONE,94630,False,22.25783110866264,False,True,51,True,usable,41–60,False,False,False,False
182805000-016651,FOR,2007,DIGITALP,1927,Mh  20Mr  20PO  20Be  10Or  10Bd  10By  10,Mh,80,NONE,NONE,NONE,94631,False,29.35753749889152,False,True,80,True,usable,61–80,True,True,False,False
182805000-013770,FOR,2007,DIGITALP,1917,Mh  30Mr  20Bd  10Or  10Be  10PO  10Iw  10,Mh,90,NONE,NONE,NONE,94634,False,17.204899566074335,False,True,90,True,usable,81–100,True,True,True,False
182855000-016621,FOR,2007,DIGITALP,1937,PO  50Bw  20Bf  20Sb  10,PO,70,NONE,NONE,NONE,94637,False,11.740439520781603,False,True,70,True,usable,61–80,True,False,False,False
828009006,OMS,2007,DIGITALP,0,,,0,NONE,NONE,NONE,94639,False,5.958048972538812,False,False,0,False,not_FOR,Excluded / non-forest,False,False,False,False
182805000-014005,GRS,2007,DIGITALP,0,,,0,NONE,NONE,NONE,94640,False,8.10144744033071,False,False,0,False,not_FOR,Excluded / non-forest,False,False,False,False
182805000-016632,FOR,2007,SUPINFO,1995,PO  40Pw  20Pr  20Bw  20,PO,12,NONE,NONE,NONE,94641,False,1.159325534848278,False,True,12,True,usable,1–20,False,False,False,False
182805000-016650,FOR,2007,DIGITALP,1917,Mh  20Mr  20PO  20Be  10Or  10Bd  10By  10,Mh,90,NONE,NONE,NONE,94643,False,9.435404780877395,False,True,90,True,usable,81–100,True,True,True,False
182855000-016626,FOR,2007,SUPINFO,1995,PO  30Pr  30Pw  20Bw  20,PO,12,NONE,NONE,NONE,94644,False,14.481908487394819,False,True,12,True,usable,1–20,False,False,False,False
182805000-115959,WAT,2007,DIGITALA,0,,,0,NONE,NONE,NONE,94647,False,0.27347348881726913,False,False,0,False,not_FOR,Excluded / non-forest,False,False,False,False
182805000-016692,FOR,2007,DIGITALP,1917,Mh  30Mr  20Bd  20PO  10Sw  10Aw  10,Mh,90,NONE,NONE,NONE,94649,False,7.903082702692915,False,True,90,True,usable,81–100,True,True,True,False
182805000-016672,FOR,2007,DIGITALP,1947,Bf  20Sw  20Bw  20PO  20Cw  10Mr  10,Bf,60,NONE,NONE,NONE,94650,False,26.503495546135515,False,True,60,True,usable,41–60,True,False,False,False
182805000-115962,WAT,2007,DIGITALA,0,,,0,NONE,NONE,NONE,94652,False,4.240180509815839,False,False,0,False,not_FOR,Excluded / non-forest,False,False,False,False
182805000-016691,FOR,2007,DIGITALP,1927,Mr  30PO  20Cb  10Bw  10Bf  10Sw  10Mh  10,Mr,80,NONE,NONE,NONE,94655,False,4.75569285613868,False,True,80,True,usable,61–80,True,True,False,False
182805000-015874,OMS,2007,DIGITALP,0,,,0,NONE,NONE,NONE,94656,False,4.481894377422404,False,False,0,False,not_FOR,Excluded / non-forest,False,False,False,False
182805000-115967,WAT,2007,DIGITALA,0,,,0,NONE,NONE,NONE,94658,False,0.0486625638467869,False,False,0,False,not_FOR,Excluded / non-forest,False,False,False,False
182855000-015679,FOR,2007,DIGITALP,1977,Sb  60Cw  20Bf  10Ab  10,Sb,30,NONE,NONE,NONE,94662,False,2.5984077866740805,False,True,30,True,usable,21–40,False,False,False,False
182805000-016675,FOR,2007,DIGITALP,1937,Mh  50Mr  20PO  10Bd  10Aw  10,Mh,70,NONE,NONE,NONE,94663,False,2.4231647978760833,False,True,70,True,usable,61–80,True,False,False,False
182805000-016667,FOR,2007,DIGITALP,1947,Bw  30PO  30Sw  20Bf  10Cw  10,Bw,60,NONE,NONE,NONE,94666,False,19.59932603085805,False,True,60,True,usable,41–60,True,False,False,False
182805000-014838,BSH,2007,DIGITALP,0,,,0,NONE,NONE,NONE,94667,False,1.875648999277522,False,False,0,False,not_FOR,Excluded / non-forest,False,False,False,False
182805000-014397,OMS,2007,DIGITALP,0,,,0,NONE,NONE,NONE,94668,False,3.4135869129568723,False,False,0,False,not_FOR,Excluded / non-forest,False,False,False,False
182805000-115973,WAT,2007,DIGITALA,0,,,0,NONE,NONE,NONE,94671,False,0.09933289071026077,False,False,0,False,not_FOR,Excluded / non-forest,False,False,False,False
182855000-016627,FOR,2007,SUPINFO,1995,Pr  60Pw  30Bw  10,Pr,12,NONE,NONE,NONE,94672,False,9.442542070039512,False,True,12,True,usable,1–20,False,False,False,False
182855000-014845,OMS,2007,DIGITALP,0,,,0,NONE,NONE,NONE,94673,False,1.1556168784016103,False,False,0,False,not_FOR,Excluded / non-forest,False,False,False,False
182805000-014984,OMS,2007,DIGITALP,0,,,0,NONE,NONE,NONE,94675,False,11.541731622115835,False,False,0,False,not_FOR,Excluded / non-forest,False,False,False,False
182805000-016638,FOR,2007,DIGITALP,1937,PO  60Bw  20Mr  10Pw  10,PO,70,NONE,NONE,NONE,94676,False,32.942853151844524,False,True,70,True,usable,61–80,True,False,False,False
182855000-016628,FOR,2007,DIGITALP,1927,PO  50Bw  20Bf  10Mr  10Sw  10,PO,80,NONE,NONE,NONE,94680,False,3.065662318624803,False,True,80,True,usable,61–80,True,True,False,False
182805000-016664,FOR,2007,DIGITALP,1917,Mh  20Mr  20Or  20Bd  10Be  10PO  10Iw  10,Mh,90,NONE,NONE,NONE,94684,False,15.874666092056977,False,True,90,True,usable,81–100,True,True,True,False
182805000-016674,FOR,2007,DIGITALP,1957,Ab  40Bw  20Cw  20Pb  10Sb  10,Ab,50,NONE,NONE,NONE,94686,False,0.5225294267617464,False,True,50,True,usable,41–60,False,False,False,False
182805000-016649,FOR,2007,DIGITALP,1927,Mh  30Mr  20PO  20Be  10Or  10Bd  10,Mh,80,NONE,NONE,NONE,94687,False,2.8740152157524217,False,True,80,True,usable,61–80,True,True,False,False
182805000-016685,FOR,2007,DIGITALP,1947,PO  60Bw  30Sw  10,PO,60,NONE,NONE,NONE,94688,False,1.1187132544050933,False,True,60,True,usable,41–60,True,False,False,False
182805000-016657,FOR,2007,DIGITALP,1967,PO  30Ab  20Bw  20Cw  10Mr  10Bf  10,PO,40,NONE,NONE,NONE,94692,False,1.1652078398405514,False,True,40,True,usable,21–40,False,False,False,False
182855000-016630,FOR,2007,DIGITALP,1927,Pr  70Pw  20PO  10,Pr,80,NONE,NONE,NONE,94707,False,2.154159453615488,False,True,80,True,usable,61–80,True,True,False,False
182805000-016631,FOR,2007,DIGITALP,1937,Sw  20Bw  20Bf  20Pw  10Sb  10PO  10Cw  10,Sw,70,NONE,NONE,NONE,94709,False,11.086856923679104,False,True,70,True,usable,61–80,True,False,False,False
182805000-014836,DAL,2007,DIGITALP,0,,,0,NONE,NONE,NONE,94718,False,1.0090386923525616,False,False,0,False,not_FOR,Excluded / non-forest,False,False,False,False
182805000-016648,FOR,2007,DIGITALP,1927,PO  30Mr  20Or  10Be  10Mh  10Pr  10Bw  10,PO,80,NONE,NONE,NONE,94727,False,0.38276253833897333,False,True,80,True,usable,61–80,True,True,False,False
182805000-020220,FOR,2007,DIGITALP,1917,Mh  50Mr  30Bd  10PO  10,Mh,90,NONE,NONE,NONE,94731,False,2.9085956637653556,False,True,90,True,usable,81–100,True,True,True,False
182805000-016673,FOR,2007,DIGITALP,1927,Mh  50Mr  20Bw  10PO  10Bd  10,Mh,80,NONE,NONE,NONE,94733,False,11.88229442889022,False,True,80,True,usable,61–80,True,True,False,False
182804995-014360,BSH,2007,DIGITALP,0,,,0,NONE,NONE,NONE,95360,False,5.672814630125172,False,False,0,False,not_FOR,Excluded / non-forest,False,False,False,False
182805000-017274,FOR,2007,DIGITALP,1917,Pr  30PO  20Mh  10Pw  10Or  10Sw  10Iw  10,Pr,90,NONE,NONE,NONE,95362,False,16.129207586624897,False,True,90,True,usable,81–100,True,True,True,False
182805000-017244,FOR,2007,DIGITALP,1927,Mh  30Aw  20Mr  20Bd  20PO  10,Mh,80,NONE,NONE,NONE,95363,False,39.042777933666,False,True,80,True,usable,61–80,True,True,False,False
182805000-017254,FOR,2007,DIGITALP,1927,Or  60Iw  10PO  10Mh  10Mr  10,Or,80,NONE,NONE,NONE,95364,False,6.075008012206652,False,True,80,True,usable,61–80,True,True,False,False
182804995-017271,FOR,2007,DIGITALP,1927,Or  70Iw  10Mh  10Pr  10,Or,80,NONE,NONE,NONE,95365,False,36.4932882363993,False,True,80,True,usable,61–80,True,True,False,False
182805000-017245,FOR,2007,DIGITALP,1927,Or  70Iw  10PO  10Mh  10,Or,80,NONE,NONE,NONE,95366,False,46.08508716476006,False,True,80,True,usable,61–80,True,True,False,False
182804995-017255,FOR,2007,DIGITALP,1927,Or  70Iw  10PO  10Mh  10,Or,80,NONE,NONE,NONE,95367,False,8.458815787576789,False,True,80,True,usable,61–80,True,True,False,False
182805000-017272,FOR,2007,DIGITALP,1927,Or  90Mh  10,Or,80,NONE,NONE,NONE,95368,False,15.685917360580333,False,True,80,True,usable,61–80,True,True,False,False
182804995-017256,FOR,2007,DIGITALP,1927,PO  20Bd  20Or  10Mh  10Mr  10Aw  10Iw  10Bw  10,PO,80,NONE,NONE,NONE,95369,False,9.871834507921099,False,True,80,True,usable,61–80,True,True,False,False
182805000-017264,FOR,2007,DIGITALP,1937,PO  20Bf  20Bw  20He  10Pw  10Mr  10Sw  10,PO,70,NONE,NONE,NONE,95370,False,14.460618648367337,False,True,70,True,usable,61–80,True,False,False,False
182804995-017243,FOR,2007,DIGITALP,1937,PO  20Bw  20Mh  20Mr  10Bf  10Or  10Bd  10,PO,70,NONE,NONE,NONE,95371,False,44.58436534579725,False,True,70,True,usable,61–80,True,False,False,False
182855000-020226,FOR,2007,DIGITALP,1937,PO  30Bw  20Bf  20Sw  20Cw  10,PO,70,NONE,NONE,NONE,95372,False,16.29182855119519,False,True,70,True,usable,61–80,True,False,False,False
182805000-017269,FOR,2007,DIGITALP,1937,PO  30Bw  20Pw  20Mr  10Pr  10Sw  10,PO,70,NONE,NONE,NONE,95373,False,17.28787654709396,False,True,70,True,usable,61–80,True,False,False,False
182805000-017262,FOR,2007,DIGITALP,1947,PO  40Bw  30Mr  10Pr  10Sw  10,PO,60,NONE,NONE,NONE,95375,False,19.994785803456804,False,True,60,True,usable,41–60,True,False,False,False
182805000-017266,FOR,2007,DIGITALP,1947,Pr  70PO  20Bw  10,Pr,60,NONE,NONE,NONE,95376,False,3.0765547707048944,False,True,60,True,usable,41–60,True,False,False,False
182854995-022172,FOR,2007,DIGITALP,1967,Sb  30Cw  30Bf  20Ab  10Bw  10,Sb,40,WETT,NONE,NONE,95377,False,20.515401953062195,False,True,40,True,usable,21–40,False,False,False,False
182805000-017265,FOR,2007,DIGITALP,1972,Pr 100,Pr,35,NONE,NONE,NONE,95379,False,4.3132184961241595,False,True,35,True,usable,21–40,False,False,False,False
182804995-017248,FOR,2007,DIGITALP,1977,Sw  20Bw  20PO  20Ab  10He  10Pw  10Cw  10,Sw,30,NONE,NONE,NONE,95380,False,3.2996589422814715,False,True,30,True,usable,21–40,False,False,False,False
182805000-022167,FOR,2007,DIGITALP,1992,PO  50Bw  30Bf  10Mr  10,PO,15,NONE,NONE,NONE,95381,False,46.38339601524404,False,True,15,True,usable,1–20,False,False,False,False
182804995-013816,OMS,2007,DIGITALP,0,,,0,NONE,NONE,NONE,95390,False,1.1170139796723653,False,False,0,False,not_FOR,Excluded / non-forest,False,False,False,False
182805000-115760,WAT,2007,DIGITALA,0,,,0,NONE,NONE,NONE,95395,False,0.8125551503532052,False,False,0,False,not_FOR,Excluded / non-forest,False,False,False,False
182705000-013919,OMS,2007,DIGITALP,0,,,0,NONE,NONE,NONE,105151,False,0.6550434192465102,False,False,0,False,not_FOR,Excluded / non-forest,False,False,False,False
182705000-115725,WAT,2007,DIGITALA,0,,,0,NONE,NONE,NONE,105152,False,0.24342048129729668,False,False,0,False,not_FOR,Excluded / non-forest,False,False,False,False
182755000-013907,OMS,2007,DIGITALP,0,,,0,NONE,NONE,NONE,105153,False,0.3641007045085655,False,False,0,False,not_FOR,Excluded / non-forest,False,False,False,False
182705000-115735,WAT,2007,DIGITALA,0,,,0,NONE,NONE,NONE,105154,False,0.16869263627900005,False,False,0,False,not_FOR,Excluded / non-forest,False,False,False,False
827009016,WAT,2007,DIGITALA,0,,,0,NONE,NONE,NONE,105155,False,0.022697742649236376,False,False,0,False,not_FOR,Excluded / non-forest,False,False,False,False
182705000-115743,WAT,2007,DIGITALA,0,,,0,NONE,NONE,NONE,105156,False,4.784962113431804,False,False,0,False,not_FOR,Excluded / non-forest,False,False,False,False
182705000-013820,OMS,2007,DIGITALP,0,,,0,NONE,NONE,NONE,105157,False,0.6580573379273715,False,False,0,False,not_FOR,Excluded / non-forest,False,False,False,False
182755000-013819,OMS,2007,DIGITALP,0,,,0,NONE,NONE,NONE,105158,False,1.3216106599760253,False,False,0,False,not_FOR,Excluded / non-forest,False,False,False,False
827009014,WAT,2007,DIGITALA,0,,,0,NONE,NONE,NONE,105159,False,0.1852659110408019,False,False,0,False,not_FOR,Excluded / non-forest,False,False,False,False
182705000-115746,WAT,2007,DIGITALA,0,,,0,NONE,NONE,NONE,105160,False,2.443084200234403,False,False,0,False,not_FOR,Excluded / non-forest,False,False,False,False
182755000-017205,FOR,2007,DIGITALP,1937,Ab  80Pb  10Cw  10,Ab,70,NONE,NONE,NONE,105161,False,3.2438289362811226,False,True,70,True,usable,61–80,True,False,False,False
182755000-017204,FOR,2007,DIGITALP,1927,Or  70PO  10Iw  10Mh  10,Or,80,NONE,NONE,NONE,105162,False,2.683180793862289,False,True,80,True,usable,61–80,True,True,False,False
182755000-014930,OMS,2007,DIGITALP,0,,,0,NONE,NONE,NONE,105163,False,0.8713046041859736,False,False,0,False,not_FOR,Excluded / non-forest,False,False,False,False
182705000-013915,OMS,2007,DIGITALP,0,,,0,NONE,NONE,NONE,105164,False,2.679390702766186,False,False,0,False,not_FOR,Excluded / non-forest,False,False,False,False
182705000-017180,FOR,2007,DIGITALP,1917,Mh  50Mr  20Bd  10PO  10Aw  10,Mh,90,NONE,NONE,NONE,105165,False,26.69511046316846,False,True,90,True,usable,81–100,True,True,True,False
182755000-134390,UCL,2007,DIGITALP,0,,,0,NONE,NONE,NONE,105166,False,0.356263163296923,False,False,0,False,not_FOR,Excluded / non-forest,False,False,False,False
182705000-115751,WAT,2007,DIGITALA,0,,,0,NONE,NONE,NONE,105167,False,3.394345988054606,False,False,0,False,not_FOR,Excluded / non-forest,False,False,False,False
182705000-014900,OMS,2007,DIGITALP,0,,,0,NONE,NONE,NONE,105168,False,2.3710421617907,False,False,0,False,not_FOR,Excluded / non-forest,False,False,False,False
182755000-134392,UCL,2007,DIGITALP,0,,,0,NONE,NONE,NONE,105169,False,0.7286248617131028,False,False,0,False,not_FOR,Excluded / non-forest,False,False,False,False
182755000-115753,WAT,2007,DIGITALA,0,,,0,NONE,NONE,NONE,105170,False,0.535337552656453,False,False,0,False,not_FOR,Excluded / non-forest,False,False,False,False
827009015,OMS,2007,DIGITALP,0,,,0,NONE,NONE,NONE,105171,False,0.5036519498638954,False,False,0,False,not_FOR,Excluded / non-forest,False,False,False,False
182755000-134395,UCL,2007,DIGITALP,0,,,0,NONE,NONE,NONE,105172,False,1.0174583244405235,False,False,0,False,not_FOR,Excluded / non-forest,False,False,False,False
182705000-115757,WAT,2007,DIGITALA,0,,,0,NONE,NONE,NONE,105173,False,5.732368359015949,False,False,0,False,not_FOR,Excluded / non-forest,False,False,False,False
182755000-022161,FOR,2007,DIGITALP,1937,Bf  30Sw  30Bw  20PO  10Mr  10,Bf,70,NONE,NONE,NONE,105174,False,15.667299213182696,False,True,70,True,usable,61–80,True,False,False,False
182705000-015878,OMS,2007,DIGITALP,0,,,0,NONE,NONE,NONE,105175,False,1.8479256496364538,False,False,0,False,not_FOR,Excluded / non-forest,False,False,False,False
827009052,WAT,2007,DIGITALA,0,,,0,NONE,NONE,NONE,105176,False,0.4251273525912001,False,False,0,False,not_FOR,Excluded / non-forest,False,False,False,False
182755000-134399,UCL,2007,DIGITALP,0,,,0,NONE,NONE,NONE,105177,False,0.7064546480322811,False,False,0,False,not_FOR,Excluded / non-forest,False,False,False,False
182705000-014914,FOR,2007,DIGITALP,1937,PO  70Bw  10Mr  10Sw  10,PO,70,NONE,NONE,NONE,105178,False,17.145949786766153,False,True,70,True,usable,61–80,True,False,False,False
182755000-134400,UCL,2007,DIGITALP,0,,,0,NONE,NONE,NONE,105179,False,2.3149322080902848,False,False,0,False,not_FOR,Excluded / non-forest,False,False,False,False
182755000-115762,WAT,2007,DIGITALA,0,,,0,NONE,NONE,NONE,105180,False,0.06491026672145334,False,False,0,False,not_FOR,Excluded / non-forest,False,False,False,False
182705000-115765,WAT,2007,DIGITALA,0,,,0,NONE,NONE,NONE,105181,False,0.7876021034219677,False,False,0,False,not_FOR,Excluded / non-forest,False,False,False,False
182705000-022160,FOR,2007,SUPINFO,1917,Mr  30Mh  20Bd  20PO  10Bw  10Aw  10,Mr,90,NONE,NONE,NONE,105182,False,43.262598331955445,False,True,90,True,usable,81–100,True,True,True,False
182755000-115767,WAT,2007,DIGITALA,0,,,0,NONE,NONE,NONE,105183,False,0.059459507699059416,False,False,0,False,not_FOR,Excluded / non-forest,False,False,False,False
182755000-115768,WAT,2007,DIGITALA,0,,,0,NONE,NONE,NONE,105184,False,0.22506877342383355,False,False,0,False,not_FOR,Excluded / non-forest,False,False,False,False
182755000-013719,OMS,2007,DIGITALP,0,,,0,NONE,NONE,NONE,105185,False,4.152401337926737,False,False,0,False,not_FOR,Excluded / non-forest,False,False,False,False
182755000-017207,FOR,2007,DIGITALP,1937,Ab  80Sw  10Cw  10,Ab,70,NONE,NONE,NONE,105186,False,1.8688751595943511,False,True,70,True,usable,61–80,True,False,False,False
182755000-022015,BSH,2007,DIGITALP,0,,,0,NONE,NONE,NONE,105187,False,1.3412413660098748,False,False,0,False,not_FOR,Excluded / non-forest,False,False,False,False
182705000-014906,DAL,2007,DIGITALP,0,,,0,NONE,NONE,NONE,105188,False,3.484954887143905,False,False,0,False,not_FOR,Excluded / non-forest,False,False,False,False
182755000-017203,FOR,2007,DIGITALP,1927,Mr  20Mh  10Bd  10PO  10Aw  10Bw  10By  10Sw  10Or  10,Mr,80,NONE,NONE,NONE,105189,False,23.09320586458597,False,True,80,True,usable,61–80,True,True,False,False
182705000-017161,FOR,2007,DIGITALP,1927,Mr  20PO  20Bd  20Mh  10Aw  10By  10Bw  10,Mr,80,NONE,NONE,NONE,105190,False,15.783721996259121,False,True,80,True,usable,61–80,True,True,False,False
182755000-017192,FOR,2007,DIGITALP,1927,Or  50PO  20Mr  10Mh  10Iw  10,Or,80,NONE,NONE,NONE,105191,False,17.35116349687841,False,True,80,True,usable,61–80,True,True,False,False
827009001,OMS,2007,DIGITALP,0,,,0,NONE,NONE,NONE,105192,True,5.378669889845505,False,False,0,False,not_FOR,Excluded / non-forest,False,False,False,False
182705000-022157,FOR,2007,DIGITALP,1927,Or  60PO  20Mr  10Mh  10,Or,80,NONE,NONE,NONE,105193,False,41.40833412949445,False,True,80,True,usable,61–80,True,True,False,False
182755000-017206,FOR,2007,DIGITALP,1927,Mr  40Mh  20PO  20Bd  10Be  10,Mr,80,NONE,NONE,NONE,105194,False,5.426530726103979,False,True,80,True,usable,61–80,True,True,False,False
182755000-014743,DAL,2007,DIGITALP,0,,,0,NONE,NONE,NONE,105195,False,3.4443915686233266,False,False,0,False,not_FOR,Excluded / non-forest,False,False,False,False
182755000-134405,UCL,2007,DIGITALP,0,,,0,NONE,NONE,NONE,105196,False,4.778834247996351,False,False,0,False,not_FOR,Excluded / non-forest,False,False,False,False
182755000-017211,FOR,2007,DIGITALP,1982,PO  40Bw  30Sw  10Pw  10Bf  10,PO,25,NONE,NONE,NONE,105197,False,4.162163460628686,False,True,25,True,usable,21–40,False,False,False,False
182755000-134406,UCL,2007,DIGITALP,0,,,0,NONE,NONE,NONE,105198,False,5.210624117483453,False,False,0,False,not_FOR,Excluded / non-forest,False,False,False,False
182705000-014907,FOR,2007,DIGITALP,1947,Bf  30Sw  30Bw  20PO  20,Bf,60,NONE,NONE,NONE,105199,False,3.169206507894975,False,True,60,True,usable,41–60,True,False,False,False
182705000-115779,WAT,2007,DIGITALA,0,,,0,NONE,NONE,NONE,105200,False,0.14702288077558312,False,False,0,False,not_FOR,Excluded / non-forest,False,False,False,False
182755000-013933,BSH,2007,DIGITALP,0,,,0,NONE,NONE,NONE,105201,False,0.9779841077320102,False,False,0,False,not_FOR,Excluded / non-forest,False,False,False,False
827009013,WAT,2007,DIGITALA,0,,,0,NONE,NONE,NONE,105202,False,2.759752414722101,False,False,0,False,not_FOR,Excluded / non-forest,False,False,False,False
182705000-134409,UCL,2007,DIGITALP,0,,,0,NONE,NONE,NONE,105203,False,0.6360813949475843,False,False,0,False,not_FOR,Excluded / non-forest,False,False,False,False
182755000-017195,FOR,2007,DIGITALP,1917,Mr  20Mh  20Bd  10PO  10Aw  10Ab  10By  10Sw  10,Mr,90,NONE,NONE,NONE,105204,False,15.510222785258936,False,True,90,True,usable,81–100,True,True,True,False
827009019,WAT,2007,DIGITALA,0,,,0,NONE,NONE,NONE,105205,False,0.140093515385325,False,False,0,False,not_FOR,Excluded / non-forest,False,False,False,False
182705000-134411,UCL,2007,DIGITALP,0,,,0,NONE,NONE,NONE,105206,False,4.084325575631607,False,False,0,False,not_FOR,Excluded / non-forest,False,False,False,False
182705000-115787,WAT,2007,DIGITALA,0,,,0,NONE,NONE,NONE,105207,False,0.13303873740708214,False,False,0,False,not_FOR,Excluded / non-forest,False,False,False,False
182755000-015711,FOR,2007,DIGITALP,1977,Sw  90Bw  10,Sw,30,NONE,NONE,NONE,105208,False,1.7808711868468985,False,True,30,True,usable,21–40,False,False,False,False
182755000-115776,WAT,2007,DIGITALA,0,,,0,NONE,NONE,NONE,105209,False,3.1431470624274,False,False,0,False,not_FOR,Excluded / non-forest,False,False,False,False
182755000-014905,FOR,2007,DIGITALP,1987,Sw  80Bw  20,Sw,20,NONE,NONE,NONE,105210,False,1.461852518195737,False,True,20,True,usable,1–20,False,False,False,False
182705000-017177,FOR,2007,DIGITALP,1927,PO  30Mr  20Pr  20Mh  10Bw  10Sw  10,PO,80,NONE,NONE,NONE,105211,False,15.67452162033015,False,True,80,True,usable,61–80,True,True,False,False
182755000-014917,OMS,2007,DIGITALP,0,,,0,NONE,NONE,NONE,105212,False,3.9998254581371255,False,False,0,False,not_FOR,Excluded / non-forest,False,False,False,False
182705000-115788,WAT,2007,DIGITALA,0,,,0,NONE,NONE,NONE,105213,False,1.1566236355240402,False,False,0,False,not_FOR,Excluded / non-forest,False,False,False,False
827009017,WAT,2007,DIGITALA,0,,,0,NONE,NONE,NONE,105214,False,0.3214392965849864,False,False,0,False,not_FOR,Excluded / non-forest,False,False,False,False
182755000-134412,UCL,2007,DIGITALP,0,,,0,NONE,NONE,NONE,105215,False,2.815312815178865,False,False,0,False,not_FOR,Excluded / non-forest,False,False,False,False
182705000-021097,OMS,2007,DIGITALP,0,,,0,NONE,NONE,NONE,105216,False,2.89093075597399,False,False,0,False,not_FOR,Excluded / non-forest,False,False,False,False
182705000-017178,FOR,2007,DIGITALP,1927,Mh  50Aw  10Bd  10Mr  10PO  10Cb  10,Mh,80,NONE,NONE,NONE,105217,False,13.567144203268676,False,True,80,True,usable,61–80,True,True,False,False
182755000-115795,WAT,2007,DIGITALA,0,,,0,NONE,NONE,NONE,105218,False,0.13972143899763836,False,False,0,False,not_FOR,Excluded / non-forest,False,False,False,False
182705000-134414,UCL,2007,DIGITALP,0,,,0,NONE,NONE,NONE,105219,False,4.336985091012854,False,False,0,False,not_FOR,Excluded / non-forest,False,False,False,False
182705000-115796,WAT,2007,DIGITALA,0,,,0,NONE,NONE,NONE,105220,False,11.132336639228518,False,False,0,False,not_FOR,Excluded / non-forest,False,False,False,False
182755000-013617,OMS,2007,DIGITALP,0,,,0,NONE,NONE,NONE,105221,False,2.138561930676685,False,False,0,False,not_FOR,Excluded / non-forest,False,False,False,False
182755000-138945,UCL,2007,DIGITALP,0,,,0,NONE,NONE,NONE,105222,False,0.7456068097743969,False,False,0,False,not_FOR,Excluded / non-forest,False,False,False,False
182755000-017212,FOR,2007,DIGITALP,1927,Sw  40He  20Bf  20Cw  10PO  10,Sw,80,NONE,NONE,NONE,105223,False,4.698948539154702,False,True,80,True,usable,61–80,True,True,False,False
182755000-015714,FOR,2007,DIGITALP,1937,PO  40Bw  20Bf  20Sb  10Sw  10,PO,70,NONE,NONE,NONE,105224,False,14.526960388268007,False,True,70,True,usable,61–80,True,False,False,False
182755000-014921,DAL,2007,DIGITALP,0,,,0,NONE,NONE,NONE,105225,False,1.8692069811704282,False,False,0,False,not_FOR,Excluded / non-forest,False,False,False,False
182755000-015712,FOR,2007,DIGITALP,1947,Ab  80Cw  10Sw  10,Ab,60,WETT,NONE,NONE,105226,False,6.159443877318086,False,True,60,True,usable,41–60,True,False,False,False
182705000-017179,FOR,2007,DIGITALP,1927,PO  30Mr  20Bd  10Mh  10Aw  10Bw  10Sw  10,PO,80,NONE,NONE,NONE,105227,False,34.3543766641624,False,True,80,True,usable,61–80,True,True,False,False
182755000-134417,UCL,2007,DIGITALP,0,,,0,NONE,NONE,NONE,105228,False,7.694069440567199,False,False,0,False,not_FOR,Excluded / non-forest,False,False,False,False
182755000-015710,FOR,2007,DIGITALP,1917,PO  50Sw  20Bf  10Bw  10Mh  10,PO,90,NONE,NONE,NONE,105229,False,4.915342485051099,False,True,90,True,usable,81–100,True,True,True,False
182755000-014913,BSH,2007,DIGITALP,0,,,0,NONE,NONE,NONE,105230,False,4.567820298080964,False,False,0,False,not_FOR,Excluded / non-forest,False,False,False,False
182755000-134420,UCL,2007,DIGITALP,0,,,0,NONE,NONE,NONE,105231,False,0.9450373509186327,False,False,0,False,not_FOR,Excluded / non-forest,False,False,False,False
182705000-013755,DAL,2007,DIGITALP,0,,,0,NONE,NONE,NONE,105232,False,0.9907808087539611,False,False,0,False,not_FOR,Excluded / non-forest,False,False,False,False
182755000-017209,FOR,2007,DIGITALP,1917,Sb  90Bf  10,Sb,90,NONE,NONE,NONE,105233,False,8.108829453958167,False,True,90,True,usable,81–100,True,True,True,False
182755000-017191,FOR,2007,DIGITALP,1927,PO  20Mr  20Mh  20Bd  20Bw  10Cb  10,PO,80,NONE,NONE,NONE,105234,False,15.685720821127612,False,True,80,True,usable,61–80,True,True,False,False
182755000-014912,DAL,2007,DIGITALP,0,,,0,NONE,NONE,NONE,105235,False,2.069042378074072,False,False,0,False,not_FOR,Excluded / non-forest,False,False,False,False
182705000-017160,FOR,2007,DIGITALP,1947,Ab  60Cw  20Bf  10Bw  10,Ab,60,NONE,NONE,NONE,105236,False,2.6002600895601535,False,True,60,True,usable,41–60,True,False,False,False
182755000-015713,FOR,2007,DIGITALP,1937,Bf  40PO  30Sw  20Bw  10,Bf,70,NONE,NONE,NONE,105237,False,3.9869730899701112,False,True,70,True,usable,61–80,True,False,False,False
182755000-017193,FOR,2007,DIGITALP,1917,Mh  30Bd  20Mr  20PO  10Aw  10Or  10,Mh,90,NONE,NONE,NONE,105238,False,24.072107894975964,False,True,90,True,usable,81–100,True,True,True,False
182755000-022164,FOR,2007,DIGITALP,1917,Mr  20Mh  20Sw  20Aw  10Ab  10By  10PO  10,Mr,90,NONE,NONE,NONE,105239,False,26.06447249342674,False,True,90,True,usable,81–100,True,True,True,False
182705000-017168,FOR,2007,DIGITALP,1917,Mr  20Mh  20Bd  20Or  10Aw  10PO  10Iw  10,Mr,90,NONE,NONE,NONE,105240,False,22.455200122365422,False,True,90,True,usable,81–100,True,True,True,False
182705000-014903,FOR,2007,DIGITALP,1982,Sw 100,Sw,25,NONE,NONE,NONE,105241,False,19.49273081892999,False,True,25,True,usable,21–40,False,False,False,False
182755000-022165,FOR,2007,DIGITALP,1927,Sb  70Bf  20Sw  10,Sb,80,NONE,NONE,NONE,105242,False,9.873960736201878,False,True,80,True,usable,61–80,True,True,False,False
182755000-014831,GRS,2007,DIGITALP,0,,,0,NONE,NONE,NONE,105243,False,5.143873540580879,False,False,0,False,not_FOR,Excluded / non-forest,False,False,False,False
182755000-138946,UCL,2007,DIGITALP,0,,,0,NONE,NONE,NONE,105244,False,5.194010946245318,False,False,0,False,not_FOR,Excluded / non-forest,False,False,False,False
182705000-017158,FOR,2007,DIGITALP,1927,Mh  40Mr  20Pt  20Bd  10Bf  10,Mh,80,NONE,NONE,NONE,105245,False,26.01170375219725,False,True,80,True,usable,61–80,True,True,False,False
182755000-115818,WAT,2007,DIGITALA,0,,,0,NONE,NONE,NONE,105246,False,5.253024260026172,False,False,0,False,not_FOR,Excluded / non-forest,False,False,False,False
182705000-115820,WAT,2007,DIGITALA,0,,,0,NONE,NONE,NONE,105247,False,1.206045373381735,False,False,0,False,not_FOR,Excluded / non-forest,False,False,False,False
182705000-134427,UCL,2007,DIGITALP,0,,,0,NONE,NONE,NONE,105248,False,1.4959067604869063,False,False,0,False,not_FOR,Excluded / non-forest,False,False,False,False
182705000-013988,OMS,2007,DIGITALP,0,,,0,NONE,NONE,NONE,105249,False,1.0338378861667532,False,False,0,False,not_FOR,Excluded / non-forest,False,False,False,False
182755000-017194,FOR,2007,DIGITALP,1927,Mr  40PO  20By  10Mh  10Bd  10Sw  10,Mr,80,NONE,NONE,NONE,105250,False,7.474656435257822,False,True,80,True,usable,61–80,True,True,False,False
182705000-015799,OMS,2007,DIGITALP,0,,,0,NONE,NONE,NONE,105251,False,2.057444102525889,False,False,0,False,not_FOR,Excluded / non-forest,False,False,False,False
182705000-016769,FOR,2007,DIGITALP,1917,Mr  30Sw  10PO  10Pw  10By  10Mh  10Bf  10Aw  10,Mr,90,NONE,NONE,NONE,105252,False,14.352844862183488,False,True,90,True,usable,81–100,True,True,True,False
182705000-115823,WAT,2007,DIGITALA,0,,,0,NONE,NONE,NONE,105253,False,1.2392751746559967,False,False,0,False,not_FOR,Excluded / non-forest,False,False,False,False
182705000-016768,FOR,2007,DIGITALP,1937,Bf  50Sw  40PO  10,Bf,70,NONE,NONE,NONE,105254,False,4.0771132644370205,False,True,70,True,usable,61–80,True,False,False,False
182705000-115833,WAT,2007,DIGITALA,0,,,0,NONE,NONE,NONE,105255,False,3.902683683897542,False,False,0,False,not_FOR,Excluded / non-forest,False,False,False,False
182755000-017190,FOR,2007,DIGITALP,1917,PO  50Mr  10Bf  10Mh  10Bw  10Sw  10,PO,90,NONE,NONE,NONE,105256,False,14.285938113555478,False,True,90,True,usable,81–100,True,True,True,False
827009050,WAT,2007,DIGITALA,0,,,0,NONE,NONE,NONE,105257,False,1.2651833311483287,False,False,0,False,not_FOR,Excluded / non-forest,False,False,False,False
182755000-016741,FOR,2007,DIGITALP,1927,Mr  30Mh  20By  20PO  10Bd  10Sw  10,Mr,80,NONE,NONE,NONE,105258,False,10.413187093568705,False,True,80,True,usable,61–80,True,True,False,False
182705000-013849,OMS,2007,DIGITALP,0,,,0,NONE,NONE,NONE,105259,False,0.7809321165136397,False,False,0,False,not_FOR,Excluded / non-forest,False,False,False,False
182705000-013987,OMS,2007,DIGITALP,0,,,0,NONE,NONE,NONE,105260,False,1.1521898628743683,False,False,0,False,not_FOR,Excluded / non-forest,False,False,False,False
182755000-014919,OMS,2007,DIGITALP,0,,,0,NONE,NONE,NONE,105261,False,29.27299003154029,False,False,0,False,not_FOR,Excluded / non-forest,False,False,False,False
182755000-134433,UCL,2007,DIGITALP,0,,,0,NONE,NONE,NONE,105262,False,2.9808277645234798,False,False,0,False,not_FOR,Excluded / non-forest,False,False,False,False
182705000-017167,FOR,2007,DIGITALP,1927,Mr  20PO  20Mh  10Bd  10Aw  10By  10Ab  10Sw  10,Mr,80,NONE,NONE,NONE,105263,False,28.760597800811013,False,True,80,True,usable,61–80,True,True,False,False
182755000-115835,WAT,2007,DIGITALA,0,,,0,NONE,NONE,NONE,105264,False,1.0831901899598864,False,False,0,False,not_FOR,Excluded / non-forest,False,False,False,False
182755000-016740,FOR,2007,DIGITALP,1927,Mh  60Mr  20Bd  10PO  10,Mh,80,NONE,NONE,NONE,105265,False,12.774659464782497,False,True,80,True,usable,61–80,True,True,False,False
182755000-013854,DAL,2007,DIGITALP,0,,,0,NONE,NONE,NONE,105266,False,4.63803809098103,False,False,0,False,not_FOR,Excluded / non-forest,False,False,False,False
182755000-014920,BSH,2007,DIGITALP,0,,,0,NONE,NONE,NONE,105267,False,2.2182455600754367,False,False,0,False,not_FOR,Excluded / non-forest,False,False,False,False
182755000-115839,WAT,2007,DIGITALA,0,,,0,NONE,NONE,NONE,105268,False,0.6221686144089357,False,False,0,False,not_FOR,Excluded / non-forest,False,False,False,False
182705000-115843,WAT,2007,DIGITALA,0,,,0,NONE,NONE,NONE,105269,False,13.938613350212277,False,False,0,False,not_FOR,Excluded / non-forest,False,False,False,False
182705000-016770,FOR,2007,DIGITALP,1907,Mr  20Or  20Mh  20Bd  10Aw  10PO  10Iw  10,Mr,100,NONE,NONE,NONE,105270,False,32.08750984950308,False,True,100,True,usable,81–100,True,True,True,True
182755000-016713,FOR,2007,DIGITALP,1917,PO  30Mr  30Bd  10Mh  10Bw  10Aw  10,PO,90,NONE,NONE,NONE,105271,False,9.494031771177195,False,True,90,True,usable,81–100,True,True,True,False
182755000-016729,FOR,2007,DIGITALP,2002,PO  50Bw  30Bf  10Mr  10,PO,5,NONE,NONE,NONE,105272,False,4.243396347596025,False,True,5,True,usable,1–20,False,False,False,False
827009051,WAT,2007,DIGITALA,0,,,0,NONE,NONE,NONE,105273,False,0.37868597629805134,False,False,0,False,not_FOR,Excluded / non-forest,False,False,False,False
182755000-016739,FOR,2007,DIGITALP,1927,Mh  70Mr  20Bd  10,Mh,80,NONE,NONE,NONE,105274,False,14.433211205704003,False,True,80,True,usable,61–80,True,True,False,False
182755000-013760,BSH,2007,DIGITALP,0,,,0,NONE,NONE,NONE,105275,False,1.3120696973006403,False,False,0,False,not_FOR,Excluded / non-forest,False,False,False,False
182755000-013825,OMS,2007,DIGITALP,0,,,0,NONE,NONE,NONE,105276,False,1.843358983271409,False,False,0,False,not_FOR,Excluded / non-forest,False,False,False,False
182705000-115851,WAT,2007,DIGITALA,0,,,0,NONE,NONE,NONE,105277,False,0.2829491687386503,False,False,0,False,not_FOR,Excluded / non-forest,False,False,False,False
182755000-138948,UCL,2007,DIGITALP,0,,,0,NONE,NONE,NONE,105278,False,0.3438038733313617,False,False,0,False,not_FOR,Excluded / non-forest,False,False,False,False
182755000-014832,OMS,2007,DIGITALP,0,,,0,NONE,NONE,NONE,105279,False,2.2583967982156326,False,False,0,False,not_FOR,Excluded / non-forest,False,False,False,False
182705000-016766,FOR,2007,DIGITALP,1962,Pr 100,Pr,45,NONE,NONE,NONE,105280,False,3.6096065280813434,False,True,45,True,usable,41–60,False,False,False,False
182755000-016767,FOR,2007,DIGITALP,1937,Bf  40Sw  40Bw  10PO  10,Bf,70,NONE,NONE,NONE,105281,False,19.04131603573334,False,True,70,True,usable,61–80,True,False,False,False
182755000-016712,FOR,2007,DIGITALP,1947,Sw  40Bf  30PO  10Bw  10Mr  10,Sw,60,NONE,NONE,NONE,105282,False,27.112537660012052,False,True,60,True,usable,41–60,True,False,False,False
182755000-016728,FOR,2007,DIGITALP,1987,Bw  60PO  20Bf  10Mr  10,Bw,20,NONE,NONE,NONE,105283,False,2.4135850579155136,False,True,20,True,usable,1–20,False,False,False,False
182705000-014830,FOR,2007,DIGITALP,1982,Sw  80Pr  20,Sw,25,NONE,NONE,NONE,105284,False,6.809363624617258,False,True,25,True,usable,21–40,False,False,False,False
182755000-016716,FOR,2007,DIGITALP,1917,Mr  20Or  20Mh  20Bd  10Be  10Iw  10PO  10,Mr,90,NONE,NONE,NONE,105285,False,4.3918319143974385,False,True,90,True,usable,81–100,True,True,True,False
182755000-013949,OMS,2007,DIGITALP,0,,,0,NONE,NONE,NONE,105286,False,1.714602533776407,False,False,0,False,not_FOR,Excluded / non-forest,False,False,False,False
182755000-014828,OMS,2007,DIGITALP,0,,,0,NONE,NONE,NONE,105287,False,0.8502394305596188,False,False,0,False,not_FOR,Excluded / non-forest,False,False,False,False
182705000-016802,FOR,2007,DIGITALP,1927,Mr  20PO  20Bd  10Aw  10Mh  10Bw  10Sw  10Bf  10,Mr,80,NONE,NONE,NONE,105288,False,21.131968937104293,False,True,80,True,usable,61–80,True,True,False,False
182755000-115868,WAT,2007,DIGITALA,0,,,0,NONE,NONE,NONE,105289,False,0.7256429525149137,False,False,0,False,not_FOR,Excluded / non-forest,False,False,False,False
182705000-016771,FOR,2007,DIGITALP,1927,Or  30Mr  20Mh  10Bd  10Aw  10PO  10Iw  10,Or,80,NONE,NONE,NONE,105290,False,9.982321386916777,False,True,80,True,usable,61–80,True,True,False,False
182705000-022548,FOR,2007,DIGITALP,1927,Ab  60Bw  10Sw  10Pb  10Cw  10,Ab,80,WETT,NONE,NONE,105291,False,2.275014162913647,False,True,80,True,usable,61–80,True,True,False,False
182755000-015788,OMS,2007,DIGITALP,0,,,0,NONE,NONE,NONE,105292,False,0.9664711104015676,False,False,0,False,not_FOR,Excluded / non-forest,False,False,False,False
182705000-016801,FOR,2007,DIGITALP,1927,PO  20Bd  20Mr  10Aw  10Mh  10Bf  10Sw  10Bw  10,PO,80,NONE,NONE,NONE,105293,False,21.913036916455443,False,True,80,True,usable,61–80,True,True,False,False
182705000-115874,WAT,2007,DIGITALA,0,,,0,NONE,NONE,NONE,105294,False,0.21787464177851448,False,False,0,False,not_FOR,Excluded / non-forest,False,False,False,False
182705000-016772,FOR,2007,DIGITALP,1907,Or  30Mr  20Mh  10Bd  10Aw  10PO  10Iw  10,Or,100,NONE,NONE,NONE,105295,False,36.251137908218716,False,True,100,True,usable,81–100,True,True,True,True
182705000-115877,WAT,2007,DIGITALA,0,,,0,NONE,NONE,NONE,105296,False,0.21441188668911382,False,False,0,False,not_FOR,Excluded / non-forest,False,False,False,False
182755000-016752,FOR,2007,DIGITALP,1927,PO  30Mr  20Bd  20Mh  10Bw  10Or  10,PO,80,NONE,NONE,NONE,105297,False,16.659568405889562,False,True,80,True,usable,61–80,True,True,False,False
182705000-022013,DAL,2007,DIGITALP,0,,,0,NONE,NONE,NONE,105298,False,7.064117875802301,False,False,0,False,not_FOR,Excluded / non-forest,False,False,False,False
182755000-016730,FOR,2007,DIGITALP,1937,PO  40Bw  20Bf  20Sw  10Mr  10,PO,70,NONE,NONE,NONE,105299,False,9.051064193760922,False,True,70,True,usable,61–80,True,False,False,False
182705000-115888,WAT,2007,DIGITALA,0,,,0,NONE,NONE,NONE,105300,False,1.9461797070764966,False,False,0,False,not_FOR,Excluded / non-forest,False,False,False,False
182705000-015812,OMS,2007,DIGITALP,0,,,0,NONE,NONE,NONE,105301,False,1.157101359064653,False,False,0,False,not_FOR,Excluded / non-forest,False,False,False,False
182755000-016715,FOR,2007,DIGITALP,1917,Or  20Bd  20Mh  20Aw  10Iw  10Mr  10PO  10,Or,90,NONE,NONE,NONE,105302,False,16.1380545935528,False,True,90,True,usable,81–100,True,True,True,False
182755000-016738,FOR,2007,DIGITALP,1927,Mh  50Mr  20PO  10By  10Sw  10,Mh,80,NONE,NONE,NONE,105303,False,46.72571192551448,False,True,80,True,usable,61–80,True,True,False,False
182755000-013974,GRS,2007,DIGITALP,0,,,0,NONE,NONE,NONE,105304,False,2.0415593256588567,False,False,0,False,not_FOR,Excluded / non-forest,False,False,False,False
182755000-016747,FOR,2007,DIGITALP,1917,Mh  50Mr  10Aw  10Bd  10Iw  10PO  10,Mh,90,NONE,NONE,NONE,105305,False,19.720220411105142,False,True,90,True,usable,81–100,True,True,True,False
182705000-013960,OMS,2007,DIGITALP,0,,,0,NONE,NONE,NONE,105306,False,4.113288195753877,False,False,0,False,not_FOR,Excluded / non-forest,False,False,False,False
182705000-021977,OMS,2007,DIGITALP,0,,,0,NONE,NONE,NONE,105307,False,4.9542796599188454,False,False,0,False,not_FOR,Excluded / non-forest,False,False,False,False
182755000-016714,FOR,2007,DIGITALP,1917,PO  60Sw  20Bw  10Bf  10,PO,90,NONE,NONE,NONE,105308,False,19.818916270365186,False,True,90,True,usable,81–100,True,True,True,False
182755000-013851,OMS,2007,DIGITALP,0,,,0,NONE,NONE,NONE,105309,False,1.7967137596644047,False,False,0,False,not_FOR,Excluded / non-forest,False,False,False,False
182755000-115892,WAT,2007,DIGITALA,0,,,0,NONE,NONE,NONE,105310,False,1.8949169768613487,False,False,0,False,not_FOR,Excluded / non-forest,False,False,False,False
182705000-016800,FOR,2007,DIGITALP,1917,Mh  40Mr  20Bd  10Aw  10PO  10Or  10,Mh,90,NONE,NONE,NONE,105311,False,27.74695339532639,False,True,90,True,usable,81–100,True,True,True,False
182755000-016726,FOR,2007,DIGITALP,1927,PO  50Bd  10Mr  10Mh  10Aw  10Cb  10,PO,80,NONE,NONE,NONE,105312,False,9.916319629037586,False,True,80,True,usable,61–80,True,True,False,False
182755000-016727,FOR,2007,DIGITALP,1927,PO  70Sw  10Bw  10Bf  10,PO,80,NONE,NONE,NONE,105313,False,18.789794084446306,False,True,80,True,usable,61–80,True,True,False,False
182705000-016773,FOR,2007,DIGITALP,1907,Mh  20Mr  20Pw  20Bd  10Aw  10Cb  10Iw  10,Mh,100,NONE,NONE,NONE,105314,False,17.29863573509676,False,True,100,True,usable,81–100,True,True,True,True
182755000-016710,FOR,2007,DIGITALP,1917,PO  30Mr  30Mh  10Or  10By  10Bw  10,PO,90,NONE,NONE,NONE,105315,False,8.187199741892913,False,True,90,True,usable,81–100,True,True,True,False
182705000-022550,FOR,2007,DIGITALP,1937,Bw  40Ab  20Sw  10PO  10Pb  10Cw  10,Bw,70,WETT,NONE,NONE,105316,False,8.310943555360168,False,True,70,True,usable,61–80,True,False,False,False
182755000-115899,WAT,2007,DIGITALA,0,,,0,NONE,NONE,NONE,105317,False,0.8114646436191769,False,False,0,False,not_FOR,Excluded / non-forest,False,False,False,False
182755000-016737,FOR,2007,DIGITALP,1927,Mh  30Mr  20PO  20Bw  10By  10Sw  10,Mh,80,NONE,NONE,NONE,105318,False,13.416219225296485,False,True,80,True,usable,61–80,True,True,False,False
182755000-115900,WAT,2007,DIGITALA,0,,,0,NONE,NONE,NONE,105319,False,1.0140022357526763,False,False,0,False,not_FOR,Excluded / non-forest,False,False,False,False
182755000-016748,FOR,2007,DIGITALP,1977,Cw  50Sb  20Ab  10Bf  10Pb  10,Cw,30,NONE,NONE,NONE,105320,False,11.84169113319216,False,True,30,True,usable,21–40,False,False,False,False
182705000-015948,FOR,2007,DIGITALP,1967,Bf  30Sw  30Pr  20Bw  10Sb  10,Bf,40,NONE,NONE,NONE,105321,False,7.962707969720075,False,True,40,True,usable,21–40,False,False,False,False
182705000-016793,FOR,2007,DIGITALP,1927,Or  60Mh  10Bd  10Mr  10Iw  10,Or,80,NONE,NONE,NONE,105322,False,28.367362575695907,False,True,80,True,usable,61–80,True,True,False,False
182705000-134450,UCL,2007,DIGITALP,0,,,0,NONE,NONE,NONE,105323,False,1.7258971211589702,False,False,0,False,not_FOR,Excluded / non-forest,False,False,False,False
182705000-016795,FOR,2007,DIGITALP,1907,Mh  50Mr  20Bd  10Aw  10PO  10,Mh,100,NONE,NONE,NONE,105324,False,93.59642242739186,False,True,100,True,usable,81–100,True,True,True,True
182755000-016763,FOR,2007,DIGITALP,1927,Mh  50Bw  10PO  10Bd  10Mr  10Sw  10,Mh,80,NONE,NONE,NONE,105325,False,7.654064993229143,False,True,80,True,usable,61–80,True,True,False,False
182705000-016794,FOR,2007,DIGITALP,1927,Or  60Mh  10Bd  10Mr  10Iw  10,Or,80,NONE,NONE,NONE,105326,False,7.5235854915550675,False,True,80,True,usable,61–80,True,True,False,False
182705000-013977,OMS,2007,DIGITALP,0,,,0,NONE,NONE,NONE,105327,False,1.274811204493739,False,False,0,False,not_FOR,Excluded / non-forest,False,False,False,False
182705000-016806,FOR,2007,DIGITALP,1937,PO  30Bw  30Sw  20Bf  20,PO,70,NONE,NONE,NONE,105328,False,26.560496426600505,False,True,70,True,usable,61–80,True,False,False,False
182705000-016775,FOR,2007,DIGITALP,1927,Mr  20Mh  20PO  20Bd  10Aw  10Or  10Iw  10,Mr,80,NONE,NONE,NONE,105329,False,23.880409057973218,False,True,80,True,usable,61–80,True,True,False,False
182755000-016750,FOR,2007,DIGITALP,1927,PO  60Bw  10Bf  10Sw  10Mr  10,PO,80,NONE,NONE,NONE,105330,False,19.078624775143965,False,True,80,True,usable,61–80,True,True,False,False
182705000-016799,FOR,2007,DIGITALP,1917,Mr  40Mh  20PO  10Bd  10Aw  10He  10,Mr,90,NONE,NONE,NONE,105331,False,16.787386765928026,False,True,90,True,usable,81–100,True,True,True,False
182755000-016708,FOR,2007,DIGITALP,1917,Or  60PO  20Mh  10Mr  10,Or,90,NONE,NONE,NONE,105332,False,38.597722289862574,False,True,90,True,usable,81–100,True,True,True,False
182755000-014456,OMS,2007,DIGITALP,0,,,0,NONE,NONE,NONE,105333,False,2.232749470643748,False,False,0,False,not_FOR,Excluded / non-forest,False,False,False,False
182755000-016764,FOR,2007,DIGITALP,1927,PO  70Bw  10Sw  10Mr  10,PO,80,NONE,NONE,NONE,105334,False,5.926272922009897,False,True,80,True,usable,61–80,True,True,False,False
182755000-115914,WAT,2007,DIGITALA,0,,,0,NONE,NONE,NONE,105335,False,0.12335840470409684,False,False,0,False,not_FOR,Excluded / non-forest,False,False,False,False
182705000-016797,FOR,2007,DIGITALP,1917,Mh  30Mr  20PO  10Bd  10Bw  10By  10Aw  10,Mh,90,NONE,NONE,NONE,105336,False,8.56952204814667,False,True,90,True,usable,81–100,True,True,True,False
182705000-016805,FOR,2007,DIGITALP,1917,Mh  30Mr  20Bd  20Cb  10PO  10Aw  10,Mh,90,NONE,NONE,NONE,105337,False,15.83056817649517,False,True,90,True,usable,81–100,True,True,True,False
182755000-022127,FOR,2007,DIGITALP,1937,Bf  30Sw  30Bw  20PO  20,Bf,70,NONE,NONE,NONE,105338,False,24.11144210422644,False,True,70,True,usable,61–80,True,False,False,False
182755000-115917,WAT,2007,DIGITALA,0,,,0,NONE,NONE,NONE,105339,False,0.3005777896770409,False,False,0,False,not_FOR,Excluded / non-forest,False,False,False,False
182705000-016765,FOR,2007,DIGITALP,1967,Pr 100,Pr,40,NONE,NONE,NONE,105340,False,13.158071342431548,False,True,40,True,usable,21–40,False,False,False,False
182755000-016736,FOR,2007,DIGITALP,1927,Mh  80Mr  10Bd  10,Mh,80,NONE,NONE,NONE,105341,False,11.520274445737353,False,True,80,True,usable,61–80,True,True,False,False
182705000-013888,BSH,2007,DIGITALP,0,,,0,NONE,NONE,NONE,105342,False,23.66548526485792,False,False,0,False,not_FOR,Excluded / non-forest,False,False,False,False
182755000-016735,FOR,2007,DIGITALP,1927,Mh  40Mr  20PO  20Bw  10Bd  10,Mh,80,NONE,NONE,NONE,105343,False,11.757564653562905,False,True,80,True,usable,61–80,True,True,False,False
182705000-016804,FOR,2007,DIGITALP,1937,PO  50Bw  30Sw  10Mr  10,PO,70,NONE,NONE,NONE,105344,False,20.070606175081814,False,True,70,True,usable,61–80,True,False,False,False
182755000-014823,GRS,2007,DIGITALP,0,,,0,NONE,NONE,NONE,105345,False,8.012294939595494,False,False,0,False,not_FOR,Excluded / non-forest,False,False,False,False
182705000-016808,FOR,2007,DIGITALP,1967,Bw  30PO  20Sw  20Bf  20Cw  10,Bw,40,NONE,NONE,NONE,105346,False,16.811369248623794,False,True,40,True,usable,21–40,False,False,False,False
182755000-014457,OMS,2007,DIGITALP,0,,,0,NONE,NONE,NONE,105347,False,0.8363077260226499,False,False,0,False,not_FOR,Excluded / non-forest,False,False,False,False
182755000-115923,WAT,2007,DIGITALA,0,,,0,NONE,NONE,NONE,105348,False,0.48877377587147147,False,False,0,False,not_FOR,Excluded / non-forest,False,False,False,False
182705000-115925,WAT,2007,DIGITALA,0,,,0,NONE,NONE,NONE,105349,False,0.44480914623797774,False,False,0,False,not_FOR,Excluded / non-forest,False,False,False,False
182755000-115926,WAT,2007,DIGITALA,0,,,0,NONE,NONE,NONE,105350,False,0.5125227932572648,False,False,0,False,not_FOR,Excluded / non-forest,False,False,False,False
182705000-016776,FOR,2007,DIGITALP,1927,PO  60Mh  10Mr  10Bd  10Or  10,PO,80,NONE,NONE,NONE,105351,False,16.864742925018586,False,True,80,True,usable,61–80,True,True,False,False
182755000-115927,WAT,2007,DIGITALA,0,,,0,NONE,NONE,NONE,105352,False,0.4694828289835535,False,False,0,False,not_FOR,Excluded / non-forest,False,False,False,False
182755000-115929,WAT,2007,DIGITALA,0,,,0,NONE,NONE,NONE,105353,False,1.7847365138146076,False,False,0,False,not_FOR,Excluded / non-forest,False,False,False,False
182705000-115930,WAT,2007,DIGITALA,0,,,0,NONE,NONE,NONE,105354,False,7.056064360987986,False,False,0,False,not_FOR,Excluded / non-forest,False,False,False,False
182705000-134452,UCL,2007,DIGITALP,0,,,0,NONE,NONE,NONE,105355,False,1.4516760102242736,False,False,0,False,not_FOR,Excluded / non-forest,False,False,False,False
182705000-134454,UCL,2007,DIGITALP,0,,,0,NONE,NONE,NONE,105356,False,2.121606063352359,False,False,0,False,not_FOR,Excluded / non-forest,False,False,False,False
182755000-115945,WAT,2007,DIGITALA,0,,,0,NONE,NONE,NONE,105357,False,0.8998017489273809,False,False,0,False,not_FOR,Excluded / non-forest,False,False,False,False
182755000-138951,UCL,2007,DIGITALP,0,,,0,NONE,NONE,NONE,105358,False,0.8558685486213781,False,False,0,False,not_FOR,Excluded / non-forest,False,False,False,False
827009061,FOR,2007,DIGITALP,1927,Pw  20Sb  20Pt  20Bf  20Pr  10Bw  10,Pw,80,NONE,NONE,NONE,105359,False,17.727607104531142,False,True,80,True,usable,61–80,True,True,False,False
182755000-015672,FOR,2007,DIGITALP,1927,PO  60Bw  10Bf  10Sw  10Ab  10,PO,80,NONE,NONE,NONE,105360,False,39.46968778607787,False,True,80,True,usable,61–80,True,True,False,False
182755000-138952,UCL,2007,DIGITALP,0,,,0,NONE,NONE,NONE,105361,False,5.28642881815931,False,False,0,False,not_FOR,Excluded / non-forest,False,False,False,False
182755000-016751,FOR,2007,DIGITALP,1947,Bf  30Sw  30PO  20Bw  20,Bf,60,NONE,NONE,NONE,105362,False,13.046028978946042,False,True,60,True,usable,41–60,True,False,False,False
182705000-013850,BSH,2007,DIGITALP,0,,,0,NONE,NONE,NONE,105363,False,1.1255769504251572,False,False,0,False,not_FOR,Excluded / non-forest,False,False,False,False
182705000-016792,FOR,2007,DIGITALP,1917,Mh  60Mr  20PO  10Bd  10,Mh,90,NONE,NONE,NONE,105364,False,13.72092128479812,False,True,90,True,usable,81–100,True,True,True,False
182755000-016709,FOR,2007,DIGITALP,1917,Mh  20PO  20Bd  20Or  20Aw  10Mr  10,Mh,90,NONE,NONE,NONE,105365,False,18.987176737272463,False,True,90,True,usable,81–100,True,True,True,False
182755000-016749,FOR,2007,DIGITALP,1937,PO  50Bf  20Sw  20Bw  10,PO,70,NONE,NONE,NONE,105366,False,18.81197233913326,False,True,70,True,usable,61–80,True,False,False,False
182705000-016780,FOR,2007,DIGITALP,1917,Mh  60Mr  20PO  10Bd  10,Mh,90,NONE,NONE,NONE,105367,False,14.89966628637122,False,True,90,True,usable,81–100,True,True,True,False
182755000-115944,WAT,2007,DIGITALA,0,,,0,NONE,NONE,NONE,105368,False,0.30055550399838976,False,False,0,False,not_FOR,Excluded / non-forest,False,False,False,False
182755000-014829,OMS,2007,DIGITALP,0,,,0,NONE,NONE,NONE,105369,False,8.66926513994985,False,False,0,False,not_FOR,Excluded / non-forest,False,False,False,False
182755000-016717,FOR,2007,DIGITALP,1917,PO  40Mr  20Bd  10Or  10Aw  10Mh  10,PO,90,NONE,NONE,NONE,105370,False,13.332183701027045,False,True,90,True,usable,81–100,True,True,True,False
182755000-016746,FOR,2007,DIGITALP,1957,Mr  30PO  20Bw  20Sw  20Mh  10,Mr,50,NONE,NONE,NONE,105371,False,9.096336206586116,False,True,50,True,usable,41–60,False,False,False,False
182705000-016778,FOR,2007,DIGITALP,1927,Or  60Mh  10Mr  10Bd  10Iw  10,Or,80,NONE,NONE,NONE,105372,False,9.585875802645829,False,True,80,True,usable,61–80,True,True,False,False
182755000-014833,OMS,2007,DIGITALP,0,,,0,NONE,NONE,NONE,105392,False,1.737191746956143,False,False,0,False,not_FOR,Excluded / non-forest,False,False,False,False
182705000-115953,WAT,2007,DIGITALA,0,,,0,NONE,NONE,NONE,105393,False,0.3566758076751594,False,False,0,False,not_FOR,Excluded / non-forest,False,False,False,False
182755000-134462,UCL,2007,DIGITALP,0,,,0,NONE,NONE,NONE,105394,False,0.8976852138566961,False,False,0,False,not_FOR,Excluded / non-forest,False,False,False,False
182755000-134463,UCL,2007,DIGITALP,0,,,0,NONE,NONE,NONE,105395,False,0.9213262848306375,False,False,0,False,not_FOR,Excluded / non-forest,False,False,False,False
182755000-014826,GRS,2007,DIGITALP,0,,,0,NONE,NONE,NONE,105396,False,3.2477048911294495,False,False,0,False,not_FOR,Excluded / non-forest,False,False,False,False
182705000-016781,FOR,2007,DIGITALP,1917,Mh  40Mr  20PO  10Bd  10Bw  10By  10,Mh,90,NONE,NONE,NONE,105397,False,12.779440851560585,False,True,90,True,usable,81–100,True,True,True,False
182705000-016796,FOR,2007,DIGITALP,1917,Mh  60Mr  20PO  10Bd  10,Mh,90,NONE,NONE,NONE,105398,False,16.615051500104283,False,True,90,True,usable,81–100,True,True,True,False
182705000-016798,FOR,2007,DIGITALP,1917,Mh  60Mr  20Aw  10Bd  10,Mh,90,NONE,NONE,NONE,105399,False,16.051434911385208,False,True,90,True,usable,81–100,True,True,True,False
182705000-016779,FOR,2007,DIGITALP,1927,Mh  20Mr  20PO  20Bd  10Bw  10Aw  10Ab  10,Mh,80,NONE,NONE,NONE,105400,False,12.592043768632536,False,True,80,True,usable,61–80,True,True,False,False
182705000-013991,OMS,2007,DIGITALP,0,,,0,NONE,NONE,NONE,105401,False,0.8351837654687828,False,False,0,False,not_FOR,Excluded / non-forest,False,False,False,False
182755000-016707,FOR,2007,DIGITALP,1917,Mh  50Mr  20PO  10Bd  10Aw  10,Mh,90,NONE,NONE,NONE,105402,False,22.168566399501543,False,True,90,True,usable,81–100,True,True,True,False
182705000-016787,FOR,2007,DIGITALP,1917,Mh  40Mr  20PO  20Bd  10Bw  10,Mh,90,NONE,NONE,NONE,105403,False,13.337220431953016,False,True,90,True,usable,81–100,True,True,True,False
182755000-016725,FOR,2007,DIGITALP,1927,PO  70Bw  10Bf  10Mr  10,PO,80,NONE,NONE,NONE,105404,False,24.342879764619635,False,True,80,True,usable,61–80,True,True,False,False
182755000-013748,OMS,2007,DIGITALP,0,,,0,NONE,NONE,NONE,105405,False,1.11358935694681,False,False,0,False,not_FOR,Excluded / non-forest,False,False,False,False
182755000-016755,FOR,2007,DIGITALP,1927,Mr  30PO  30Mh  20Bw  10Aw  10,Mr,80,NONE,NONE,NONE,105406,False,12.597596778684688,False,True,80,True,usable,61–80,True,True,False,False
182705000-134465,UCL,2007,DIGITALP,0,,,0,NONE,NONE,NONE,105407,False,4.044848889528366,False,False,0,False,not_FOR,Excluded / non-forest,False,False,False,False
182705000-115966,WAT,2007,DIGITALA,0,,,0,NONE,NONE,NONE,105408,False,0.4843500576184156,False,False,0,False,not_FOR,Excluded / non-forest,False,False,False,False
182755000-014003,OMS,2007,DIGITALP,0,,,0,NONE,NONE,NONE,105409,False,2.6787628342605023,False,False,0,False,not_FOR,Excluded / non-forest,False,False,False,False
182705000-016777,FOR,2007,DIGITALP,1917,Mh  50Mr  20PO  10Bd  10Bw  10,Mh,90,NONE,NONE,NONE,105410,False,24.774459058924645,False,True,90,True,usable,81–100,True,True,True,False
182755000-016754,FOR,2007,DIGITALP,1927,Mr  30PO  30Mh  20Bw  10Aw  10,Mr,80,NONE,NONE,NONE,105412,False,5.758584445679534,False,True,80,True,usable,61–80,True,True,False,False
182705000-016774,FOR,2007,DIGITALP,1927,PO  60Mr  10Mh  10Sw  10Bw  10,PO,80,NONE,NONE,NONE,105413,False,17.42772776226989,False,True,80,True,usable,61–80,True,True,False,False
182755000-022124,FOR,2007,DIGITALP,1937,PO  30Sw  30Bf  20Bw  20,PO,70,NONE,NONE,NONE,105415,False,18.321913195484562,False,True,70,True,usable,61–80,True,False,False,False
182705000-016762,FOR,2007,DIGITALP,1937,Cw  40Sw  30PO  10Bw  10Bf  10,Cw,70,NONE,NONE,NONE,105416,False,0.20269963755547252,False,True,70,True,usable,61–80,True,False,False,False
182705000-016784,FOR,2007,DIGITALP,1917,Mh  40Mr  20Bd  20PO  10Bw  10,Mh,90,NONE,NONE,NONE,105417,False,8.806007121163352,False,True,90,True,usable,81–100,True,True,True,False
182755000-016753,FOR,2007,DIGITALP,1927,Mr  30Mh  20Bw  20PO  10Aw  10Iw  10,Mr,80,NONE,NONE,NONE,105419,False,7.787658929882068,False,True,80,True,usable,61–80,True,True,False,False
182705000-013885,DAL,2007,DIGITALP,0,,,0,NONE,NONE,NONE,105420,False,2.264194974012625,False,False,0,False,not_FOR,Excluded / non-forest,False,False,False,False
182755000-016745,FOR,2007,DIGITALP,1927,Mh  50Mr  20Aw  10PO  10Bd  10,Mh,80,NONE,NONE,NONE,105421,False,4.382630294504445,False,True,80,True,usable,61–80,True,True,False,False
182705000-016791,FOR,2007,DIGITALP,1927,PO  30Mh  20Bw  20Mr  20Sw  10,PO,80,NONE,NONE,NONE,105423,False,7.6832703932065884,False,True,80,True,usable,61–80,True,True,False,False
182705000-015671,FOR,2007,DIGITALP,1937,PO  50Bf  20Sw  20Bw  10,PO,70,NONE,NONE,NONE,105424,False,2.1708090564234026,False,True,70,True,usable,61–80,True,False,False,False
182755000-134468,UCL,2007,DIGITALP,0,,,0,NONE,NONE,NONE,105426,False,0.13110648191644594,False,False,0,False,not_FOR,Excluded / non-forest,False,False,False,False
182705000-014827,GRS,2007,DIGITALP,0,,,0,NONE,NONE,NONE,105428,False,1.4176492735241093,False,False,0,False,not_FOR,Excluded / non-forest,False,False,False,False
182705000-016812,FOR,2007,DIGITALP,1917,Mr  60Mh  20Aw  10Bd  10,Mr,90,NONE,NONE,NONE,105429,False,3.1638807540833054,False,True,90,True,usable,81–100,True,True,True,False
182705000-016785,FOR,2007,DIGITALP,1917,Mh  60Mr  20Bd  10PO  10,Mh,90,NONE,NONE,NONE,105430,False,1.1776811167343466,False,True,90,True,usable,81–100,True,True,True,False
182705000-022128,FOR,2007,DIGITALP,1907,Mh  60Mr  10Aw  10Bd  10PO  10,Mh,100,NONE,NONE,NONE,105431,False,23.809579042496757,False,True,100,True,usable,81–100,True,True,True,True
182755000-115982,WAT,2007,DIGITALA,0,,,0,NONE,NONE,NONE,105432,False,0.09136530017052402,False,False,0,False,not_FOR,Excluded / non-forest,False,False,False,False
182755000-016706,FOR,2007,DIGITALP,1917,Or  30Bd  20PO  20Mh  10Aw  10Mr  10,Or,90,NONE,NONE,NONE,105434,False,16.349818884899683,False,True,90,True,usable,81–100,True,True,True,False
182755000-022123,FOR,2007,DIGITALP,1927,Mh  40Bd  20Mr  10PO  10Aw  10Cb  10,Mh,80,NONE,NONE,NONE,105435,False,63.66854204817479,False,True,80,True,usable,61–80,True,True,False,False
182755000-014459,OMS,2007,DIGITALP,0,,,0,NONE,NONE,NONE,105436,False,1.2924756464886944,False,False,0,False,not_FOR,Excluded / non-forest,False,False,False,False
182705000-014002,BSH,2007,DIGITALP,0,,,0,NONE,NONE,NONE,105438,False,6.922863482923605,False,False,0,False,not_FOR,Excluded / non-forest,False,False,False,False
182755000-115976,WAT,2007,DIGITALA,0,,,0,NONE,NONE,NONE,105439,False,1.0583772172488073,False,False,0,False,not_FOR,Excluded / non-forest,False,False,False,False
182755000-016744,FOR,2007,DIGITALP,1927,Mh  20Mr  20PO  20Bw  20Sw  10Bf  10,Mh,80,NONE,NONE,NONE,105441,False,20.963823436156957,False,True,80,True,usable,61–80,True,True,False,False
182755000-016759,FOR,2007,DIGITALP,1927,Mr  20PO  20Bd  10By  10Mh  10Bw  10Sw  10Bf  10,Mr,80,NONE,NONE,NONE,105442,False,3.541787950864945,False,True,80,True,usable,61–80,True,True,False,False
182705000-016803,FOR,2007,DIGITALP,1927,Mh  50Mr  30Bd  10Bw  10,Mh,80,NONE,NONE,NONE,105446,False,1.381738323703574,False,True,80,True,usable,61–80,True,True,False,False
182755000-016733,FOR,2007,DIGITALP,1927,Mr  50Mh  20PO  10Bd  10Iw  10,Mr,80,NONE,NONE,NONE,105447,False,0.384541621135635,False,True,80,True,usable,61–80,True,True,False,False
182705000-016789,FOR,2007,DIGITALP,1927,Mr  20Sw  20PO  20Bf  10Mh  10Bw  10By  10,Mr,80,NONE,NONE,NONE,105449,False,21.642370604091887,False,True,80,True,usable,61–80,True,True,False,False
182755000-016719,FOR,2007,DIGITALP,1927,PO  50Bf  20Mh  10Sw  10Mr  10,PO,80,NONE,NONE,NONE,105451,False,9.421503881156362,False,True,80,True,usable,61–80,True,True,False,False
182705000-022126,FOR,2007,DIGITALP,1937,Bf  40Sw  20PO  10Mr  10Bw  10Sb  10,Bf,70,NONE,NONE,NONE,105454,False,6.553422006177801,False,True,70,True,usable,61–80,True,False,False,False
182755000-016724,FOR,2007,DIGITALP,1927,Mh  40Bd  20Mr  20PO  10Aw  10,Mh,80,NONE,NONE,NONE,105455,False,9.217470443784782,False,True,80,True,usable,61–80,True,True,False,False
182755000-016718,FOR,2007,DIGITALP,1917,PO  30Mr  20Mh  20Or  10Aw  10Bd  10,PO,90,NONE,NONE,NONE,105465,False,28.351680784668496,False,True,90,True,usable,81–100,True,True,True,False
182755000-016720,FOR,2007,DIGITALP,1927,PO  60Bw  20Mh  10Mr  10,PO,80,NONE,NONE,NONE,105476,False,8.200729963769652,False,True,80,True,usable,61–80,True,True,False,False
182755000-016757,FOR,2007,DIGITALP,1927,Mh  30Mr  20Bd  20Aw  20PO  10,Mh,80,NONE,NONE,NONE,105494,False,0.005721604621213349,False,True,80,True,usable,61–80,True,True,False,False
182705000-015668,FOR,2007,DIGITALP,1947,PO  70Bw  30,PO,60,NONE,NONE,NONE,105496,False,0.16774517738065473,False,True,60,True,usable,41–60,True,False,False,False
182705000-015670,FOR,2007,DIGITALP,1937,Bf  40PO  20Bw  20Sw  20,Bf,70,NONE,NONE,NONE,105497,False,5.867089059163658,False,True,70,True,usable,61–80,True,False,False,False
182755000-016743,FOR,2007,DIGITALP,1937,PO  50Sw  20Bw  20Bf  10,PO,70,NONE,NONE,NONE,105504,False,0.00047847351755871993,False,True,70,True,usable,61–80,True,False,False,False
182705000-022125,FOR,2007,DIGITALP,1937,PO  50Mr  20Mh  10Pw  10Bw  10,PO,70,NONE,NONE,NONE,105506,False,2.1262349535075966,False,True,70,True,usable,61–80,True,False,False,False
182705000-016811,FOR,2007,DIGITALP,1907,Mr  60Mh  20Aw  10Bd  10,Mr,100,NONE,NONE,NONE,106124,False,6.031993594222636,False,True,100,True,usable,81–100,True,True,True,True
182755000-016703,FOR,2007,DIGITALP,1917,Mh  20Mr  20PO  20Bd  20Aw  20,Mh,90,NONE,NONE,NONE,106125,False,29.380027976416546,False,True,90,True,usable,81–100,True,True,True,False
182805000-016702,FOR,2007,DIGITALP,1917,Mh  30Mr  20PO  20Bd  20Aw  10,Mh,90,NONE,NONE,NONE,106127,False,3.828764196116058,False,True,90,True,usable,81–100,True,True,True,False
182705000-016809,FOR,2007,DIGITALP,1917,Mh  50Bd  20Mr  10Or  10Be  10,Mh,90,NONE,NONE,NONE,106131,False,39.193568113930546,False,True,90,True,usable,81–100,True,True,True,False
182805000-016705,FOR,2007,DIGITALP,1917,Mh  80Mr  10Bw  10,Mh,90,NONE,NONE,NONE,106143,False,5.34989832524606,False,True,90,True,usable,81–100,True,True,True,False
182655000-016810,FOR,2007,DIGITALP,1917,Mr  30Mh  20Aw  10Bd  10PO  10By  10Sw  10,Mr,90,NONE,NONE,NONE,106144,False,8.914110177092336,False,True,90,True,usable,81–100,True,True,True,False
182705000-016815,FOR,2007,DIGITALP,1917,Mr  30Mh  20Aw  20Bd  10PO  10By  10,Mr,90,NONE,NONE,NONE,106145,False,8.582807567070924,False,True,90,True,usable,81–100,True,True,True,False
182805000-017232,FOR,2007,DIGITALP,1927,Mh  20Mr  20Aw  10Bd  10Bw  10PO  10Bf  10Sw  10,Mh,80,NONE,NONE,NONE,106148,False,32.40644552962599,False,True,80,True,usable,61–80,True,True,False,False
182705000-017157,FOR,2007,DIGITALP,1927,Mh  30Mr  20Aw  20Bd  10PO  10By  10,Mh,80,NONE,NONE,NONE,106149,False,8.705032520496989,False,True,80,True,usable,61–80,True,True,False,False
182655000-022129,FOR,2007,DIGITALP,1927,Mr  20Aw  20Mh  10Bd  10PO  10Pw  10Sw  10He  10,Mr,80,NONE,NONE,NONE,106152,False,39.690572494404904,False,True,80,True,usable,61–80,True,True,False,False
182705000-016807,FOR,2007,DIGITALP,1927,PO  30Bw  30Mr  20Bf  10He  10,PO,80,NONE,NONE,NONE,106155,False,21.689489053262953,False,True,80,True,usable,61–80,True,True,False,False
182655000-016817,FOR,2007,DIGITALP,1927,PO  60Bf  10Sw  10Bw  10Mr  10,PO,80,NONE,NONE,NONE,106159,False,39.22167744234438,False,True,80,True,usable,61–80,True,True,False,False
182705000-022156,FOR,2007,DIGITALP,1927,Pt  40Mr  20Mh  20Pw  10Bf  10,Pt,80,NONE,NONE,NONE,106160,False,19.97258837603519,False,True,80,True,usable,61–80,True,True,False,False
182805000-013856,FOR,2007,DIGITALP,1937,Bf  30PO  20Sb  20Bw  10Mr  10Sw  10,Bf,70,NONE,NONE,NONE,106161,False,17.72882726967,False,True,70,True,usable,61–80,True,False,False,False
182755000-016711,FOR,2007,DIGITALP,1967,Bw  30Sw  20PO  20Bf  10Pr  10Mr  10,Bw,40,NONE,NONE,NONE,106191,False,31.308249041726988,False,True,40,True,usable,21–40,False,False,False,False
182655000-015667,FOR,2007,SUPINFO,1907,Mh  50Bd  20Mr  10Or  10Be  10,Mh,100,NONE,NONE,NONE,106202,False,28.390860028624203,False,True,100,True,usable,81–100,True,True,True,True
182755000-013925,OMS,2007,DIGITALP,0,,,0,NONE,NONE,NONE,106206,False,0.8192355319944656,False,False,0,False,not_FOR,Excluded / non-forest,False,False,False,False
182655000-013968,OMS,2007,DIGITALP,0,,,0,NONE,NONE,NONE,106207,False,0.6759377222525066,False,False,0,False,not_FOR,Excluded / non-forest,False,False,False,False
182655000-134386,UCL,2007,DIGITALP,0,,,0,NONE,NONE,NONE,106219,False,7.339507760067559,False,False,0,False,not_FOR,Excluded / non-forest,False,False,False,False
182805000-115853,WAT,2007,DIGITALA,0,,,0,NONE,NONE,NONE,106223,False,1.3592500031524284,False,False,0,False,not_FOR,Excluded / non-forest,False,False,False,False
827999072,ISL,2007,DIGITALA,0,,,0,ISLD,NONE,NONE,106234,False,0.3351564502856358,False,False,0,False,not_FOR,Excluded / non-forest,False,False,False,False
182754995-014925,BSH,2007,DIGITALP,0,,,0,NONE,NONE,NONE,106235,False,0.16880166410585298,False,False,0,False,not_FOR,Excluded / non-forest,False,False,False,False
182754995-115696,WAT,2007,DIGITALA,0,,,0,NONE,NONE,NONE,106236,False,0.26922211858086786,False,False,0,False,not_FOR,Excluded / non-forest,False,False,False,False
827999018,OMS,2007,DIGITALP,0,,,0,NONE,NONE,NONE,106237,False,0.5085704930307035,False,False,0,False,not_FOR,Excluded / non-forest,False,False,False,False
827999019,OMS,2007,DIGITALP,0,,,0,NONE,NONE,NONE,106238,False,1.360788260334314,False,False,0,False,not_FOR,Excluded / non-forest,False,False,False,False
182754995-134372,UCL,2007,DIGITALP,0,,,0,NONE,NONE,NONE,106239,False,1.396985023970851,False,False,0,False,not_FOR,Excluded / non-forest,False,False,False,False
182754995-014926,BSH,2007,DIGITALP,0,,,0,NONE,NONE,NONE,106240,False,1.4426507379956899,False,False,0,False,not_FOR,Excluded / non-forest,False,False,False,False
182754995-017224,FOR,2007,DIGITALP,1962,Pr 100,Pr,45,NONE,NONE,NONE,106241,False,0.5449027911992355,False,True,45,True,usable,41–60,False,False,False,False
182755000-017213,FOR,2007,DIGITALP,1907,Mh  50Sw  10Bw  10PO  10Mr  10Bd  10,Mh,100,NONE,NONE,NONE,106242,False,6.352297069039016,False,True,100,True,usable,81–100,True,True,True,True
182754995-017215,FOR,2007,DIGITALP,1917,Mh  30Mr  20PO  20Bw  20Sw  10,Mh,90,NONE,NONE,NONE,106243,False,13.59926764130136,False,True,90,True,usable,81–100,True,True,True,False
182755000-014933,FOR,2007,DIGITALP,1917,Mh  50Mr  20PO  20Bd  10,Mh,90,NONE,NONE,NONE,106244,False,6.2850888247307495,False,True,90,True,usable,81–100,True,True,True,False
182705000-022158,FOR,2007,DIGITALP,1917,Mr  30PO  20Bw  20Mh  20Bd  10,Mr,90,NONE,NONE,NONE,106245,False,39.57103112883378,False,True,90,True,usable,81–100,True,True,True,False
182755000-017196,FOR,2007,DIGITALP,1927,Or  70PO  10Iw  10Mh  10,Or,80,NONE,NONE,NONE,106246,False,21.19581960723064,False,True,80,True,usable,61–80,True,True,False,False
182754995-017210,FOR,2007,DIGITALP,1927,PO  30Sw  20Bw  20Bf  20He  10,PO,80,NONE,NONE,NONE,106247,False,7.545105824942206,False,True,80,True,usable,61–80,True,True,False,False
182805000-015709,FOR,2007,DIGITALP,1927,PO  40Sw  20Bw  10Bf  10Mr  10Cb  10,PO,80,NONE,NONE,NONE,106248,False,41.86989589956736,False,True,80,True,usable,61–80,True,True,False,False
182754995-017208,FOR,2007,DIGITALP,1937,Bw  20PO  20Mr  20Sw  10He  10Mh  10Bf  10,Bw,70,NONE,NONE,NONE,106249,False,15.07831041748235,False,True,70,True,usable,61–80,True,False,False,False
182754995-017202,FOR,2007,DIGITALP,1937,PO  20Sw  20Bf  20Bw  20Ab  10Mr  10,PO,70,NONE,NONE,NONE,106250,False,11.187276423055852,False,True,70,True,usable,61–80,True,False,False,False
182754995-017201,FOR,2007,DIGITALP,1947,PO  30Bw  30Mr  10Sw  10He  10Bf  10,PO,60,NONE,NONE,NONE,106251,False,10.434859431712866,False,True,60,True,usable,41–60,True,False,False,False
182754995-014916,FOR,2007,DIGITALP,1967,Ab  70Bf  10Cw  10Bw  10,Ab,40,WETT,NONE,NONE,106252,False,2.711413163201528,False,True,40,True,usable,21–40,False,False,False,False
182755000-015715,FOR,2007,DIGITALP,1967,Bw  20He  20Bf  20Sw  20PO  10Cw  10,Bw,40,NONE,NONE,NONE,106253,False,18.50909618271348,False,True,40,True,usable,21–40,False,False,False,False
182705000-017169,FOR,2007,DIGITALP,1967,Mh  40Mr  30Bw  10PO  10Bd  10,Mh,40,NONE,NONE,NONE,106254,False,7.7162423944776934,False,True,40,True,usable,21–40,False,False,False,False
182755000-014463,FOR,2007,DIGITALP,1992,Bw  20PO  20Mr  20Sw  20Cw  10Bf  10,Bw,15,NONE,NONE,NONE,106255,False,2.3658325302882304,False,True,15,True,usable,1–20,False,False,False,False
182754995-017214,FOR,2007,DIGITALP,1999,PO  50Bw  20Mh  10Bf  10Mr  10,PO,8,NONE,NONE,NONE,106256,False,3.4368813682075285,False,True,8,True,usable,1–20,False,False,False,False
827009054,ISL,2007,DIGITALA,0,,,0,ISLD,NONE,NONE,106257,False,0.5392559248716027,False,False,0,False,not_FOR,Excluded / non-forest,False,False,False,False
827009056,OMS,2007,DIGITALP,0,,,0,NONE,NONE,NONE,106258,False,0.022076015953588993,False,False,0,False,not_FOR,Excluded / non-forest,False,False,False,False
827009055,OMS,2007,DIGITALP,0,,,0,NONE,NONE,NONE,106259,False,1.8431517073178387,False,False,0,False,not_FOR,Excluded / non-forest,False,False,False,False
182755000-017223,OMS,2007,DIGITALP,0,,,0,NONE,NONE,NONE,106260,False,0.4157488676547786,False,False,0,False,not_FOR,Excluded / non-forest,False,False,False,False
182755000-013695,OMS,2007,DIGITALP,0,,,0,NONE,NONE,NONE,106261,False,2.745973364441911,False,False,0,False,not_FOR,Excluded / non-forest,False,False,False,False
182755000-014929,OMS,2007,DIGITALP,0,,,0,NONE,NONE,NONE,106262,False,5.247699995372911,False,False,0,False,not_FOR,Excluded / non-forest,False,False,False,False
182755000-134376,UCL,2007,DIGITALP,0,,,0,NONE,NONE,NONE,106263,False,2.4884116737647477,False,False,0,False,not_FOR,Excluded / non-forest,False,False,False,False
182755000-134377,UCL,2007,DIGITALP,0,,,0,NONE,NONE,NONE,106264,False,0.8413668276989256,False,False,0,False,not_FOR,Excluded / non-forest,False,False,False,False
182755000-134378,UCL,2007,DIGITALP,0,,,0,NONE,NONE,NONE,106265,False,13.508637389318645,False,False,0,False,not_FOR,Excluded / non-forest,False,False,False,False
182754995-134380,UCL,2007,DIGITALP,0,,,0,NONE,NONE,NONE,106266,False,10.079951218732258,False,False,0,False,not_FOR,Excluded / non-forest,False,False,False,False
182755000-134383,UCL,2007,DIGITALP,0,,,0,NONE,NONE,NONE,106267,False,0.5446204247241406,False,False,0,False,not_FOR,Excluded / non-forest,False,False,False,False
182755000-134384,UCL,2007,DIGITALP,0,,,0,NONE,NONE,NONE,106268,False,3.4288398521867633,False,False,0,False,not_FOR,Excluded / non-forest,False,False,False,False
182755000-134398,UCL,2007,DIGITALP,0,,,0,NONE,NONE,NONE,106269,False,2.9875101935978265,False,False,0,False,not_FOR,Excluded / non-forest,False,False,False,False
827009057,WAT,2007,DIGITALA,0,,,0,NONE,NONE,NONE,106270,False,3.488293600703502,False,False,0,False,not_FOR,Excluded / non-forest,False,False,False,False
182755000-115728,WAT,2007,DIGITALA,0,,,0,NONE,NONE,NONE,106271,False,0.04918004313368332,False,False,0,False,not_FOR,Excluded / non-forest,False,False,False,False
182754995-120549,WAT,2007,DIGITALA,0,,,0,NONE,NONE,NONE,106272,False,2.8358689015459606,False,False,0,False,not_FOR,Excluded / non-forest,False,False,False,False
182754995-115766,WAT,2007,DIGITALA,0,,,0,NONE,NONE,NONE,106273,False,3.181311533818297,False,False,0,False,not_FOR,Excluded / non-forest,False,False,False,False
177204975-038531,UCL,2007,DIGITALP,0,,,0,NONE,NONE,NONE,108723,False,99.5416160787385,False,False,0,False,not_FOR,Excluded / non-forest,False,False,False,False
182604965-126958,WAT,2007,DIGITALA,0,,,0,NONE,NONE,NONE,109543,False,71.9063693928667,False,False,0,False,not_FOR,Excluded / non-forest,False,False,False,False
182754990-024717,FOR,2007,DIGITALP,1937,Mr  20Bw  20Bf  10Sw  10PO  10Mh  10Bd  10Pw  10,Mr,70,NONE,NONE,NONE,109580,False,16.144001910907345,False,True,70,True,usable,61–80,True,False,False,False
182754990-024380,FOR,2007,DIGITALP,1947,Sw  30Bw  20PO  20Bf  20Ab  10,Sw,60,NONE,NONE,NONE,109581,False,9.08398511975259,False,True,60,True,usable,41–60,True,False,False,False
182754990-134161,UCL,2007,DIGITALP,0,,,0,NONE,NONE,NONE,109582,False,5.751144979311878,False,False,0,False,not_FOR,Excluded / non-forest,False,False,False,False
182754990-024343,FOR,2007,DIGITALP,1967,Bw  30PO  20Bf  20Sw  20Mr  10,Bw,40,NONE,NONE,NONE,109583,False,10.166835965315245,False,True,40,True,usable,21–40,False,False,False,False
182754990-022594,OMS,2007,DIGITALP,0,,,0,NONE,NONE,NONE,109584,False,15.817394343285807,False,False,0,False,not_FOR,Excluded / non-forest,False,False,False,False
182754990-024011,FOR,2007,DIGITALP,1927,Bw  20Mr  20Ms  20Sw  10PO  10By  10Cw  10,Bw,80,NONE,NONE,NONE,109585,False,12.025999550683336,False,True,80,True,usable,61–80,True,True,False,False
182754990-022598,FOR,2007,DIGITALP,1937,PO  90Bw  10,PO,70,NONE,NONE,NONE,109586,False,35.790129405404166,False,True,70,True,usable,61–80,True,False,False,False
182754990-023441,FOR,2007,DIGITALP,1917,Mr  20Mh  20Bd  20PO  10Aw  10Bw  10Bf  10,Mr,90,NONE,NONE,NONE,109587,False,35.37350023220065,False,True,90,True,usable,81–100,True,True,True,False
182754990-023440,FOR,2007,DIGITALP,1917,Or  50Mr  10Bd  10Mh  10Be  10Aw  10,Or,90,NONE,NONE,NONE,109588,False,40.26605019868163,False,True,90,True,usable,81–100,True,True,True,False
182754990-025274,FOR,2007,DIGITALP,1937,Bw  30PO  20Mr  20Cb  10Bd  10By  10,Bw,70,NONE,NONE,NONE,109589,False,11.514826393020694,False,True,70,True,usable,61–80,True,False,False,False
182754990-025272,FOR,2007,DIGITALP,1927,Mr  30PO  20Aw  10Mh  10Bd  10Bw  10Ab  10,Mr,80,NONE,NONE,NONE,109590,False,9.089360018935409,False,True,80,True,usable,61–80,True,True,False,False
182754995-140603,ISL,2007,DIGITALA,0,,,0,ISLD,NONE,NONE,109591,False,0.5829035862636308,False,False,0,False,not_FOR,Excluded / non-forest,False,False,False,False
182754995-023719,OMS,2007,DIGITALP,0,,,0,NONE,NONE,NONE,109592,False,0.5513947776826279,False,False,0,False,not_FOR,Excluded / non-forest,False,False,False,False
182754995-025283,FOR,2007,DIGITALP,1937,Bf  40Cw  30Sw  20Bw  10,Bf,70,NONE,NONE,NONE,109593,False,4.497251230409482,False,True,70,True,usable,61–80,True,False,False,False
182754995-025265,FOR,2007,DIGITALP,1937,Bf  30Ab  20Cw  10He  10Bw  10Sw  10Pb  10,Bf,70,NONE,NONE,NONE,109594,False,3.5756446004060765,False,True,70,True,usable,61–80,True,False,False,False
182754995-025282,FOR,2007,DIGITALP,1927,Aw  20Mr  20Sw  10Bw  10PO  10Mh  10Pw  10Bd  10,Aw,80,NONE,NONE,NONE,109595,False,37.23254615716778,False,True,80,True,usable,61–80,True,True,False,False
182754995-025772,FOR,2007,DIGITALP,1927,Mh  50Mr  20Bd  20Aw  10,Mh,80,NONE,NONE,NONE,109596,False,22.221636100359827,False,True,80,True,usable,61–80,True,True,False,False
182754995-120426,WAT,2007,DIGITALA,0,,,0,NONE,NONE,NONE,109597,False,6.967223033602214,False,False,0,False,not_FOR,Excluded / non-forest,False,False,False,False
182754995-014380,FOR,2007,DIGITALP,1977,Ab  70Bf  10Bw  10Pb  10,Ab,30,WETT,NONE,NONE,109598,False,13.297471171452926,False,True,30,True,usable,21–40,False,False,False,False
182754995-014688,OMS,2007,DIGITALP,0,,,0,NONE,NONE,NONE,109599,False,35.23995655798062,False,False,0,False,not_FOR,Excluded / non-forest,False,False,False,False
182754995-134316,UCL,2007,DIGITALP,0,,,0,NONE,NONE,NONE,109600,False,4.679681549640916,False,False,0,False,not_FOR,Excluded / non-forest,False,False,False,False
182754995-014744,FOR,2007,DIGITALP,1887,Ab  70Sw  10Pb  10Mr  10,Ab,120,NONE,NONE,NONE,109601,False,9.025575262524942,False,True,120,True,usable,101–150,True,True,True,True
182754995-014381,GRS,2007,DIGITALP,0,,,0,NONE,NONE,NONE,109602,False,20.85570751091206,False,False,0,False,not_FOR,Excluded / non-forest,False,False,False,False
182754995-015739,FOR,2007,DIGITALP,1997,Pr  60Bw  20PO  10Bf  10,Pr,10,NONE,NONE,NONE,109603,False,13.839701863058938,False,True,10,True,usable,1–20,False,False,False,False
182754995-120503,WAT,2007,DIGITALA,0,,,0,NONE,NONE,NONE,109604,False,4.033634614793528,False,False,0,False,not_FOR,Excluded / non-forest,False,False,False,False
182754995-134341,UCL,2007,DIGITALP,0,,,0,NONE,NONE,NONE,109605,False,15.39086893698952,False,False,0,False,not_FOR,Excluded / non-forest,False,False,False,False
827999026,OMS,2007,DIGITALP,0,,,0,NONE,NONE,NONE,109606,False,0.5982680210578458,False,False,0,False,not_FOR,Excluded / non-forest,False,False,False,False
182754980-031327,FOR,2007,DIGITALP,1927,Mr  20Bd  20Mh  20Cb  10PO  10Aw  10Bw  10,Mr,80,NONE,NONE,NONE,109616,False,2.119790799575255,False,True,80,True,usable,61–80,True,True,False,False
182754980-031331,FOR,2007,DIGITALP,1927,Mr  20Bd  20PO  20Bw  20Mh  10Or  10,Mr,80,NONE,NONE,NONE,109617,False,3.121235581960243,False,True,80,True,usable,61–80,True,True,False,False
827989056,ISL,2007,DIGITALA,0,,,0,ISLD,NONE,NONE,109618,False,0.08741920423296938,False,False,0,False,not_FOR,Excluded / non-forest,False,False,False,False
182754980-031326,FOR,2007,DIGITALP,1927,PO  50Bd  10Mh  10Bw  10Sw  10Ab  10,PO,80,NONE,NONE,NONE,109619,False,25.238349028366166,False,True,80,True,usable,61–80,True,True,False,False
827989002,WAT,2007,DIGITALA,0,,,0,NONE,NONE,NONE,109620,False,0.3693492097861311,False,False,0,False,not_FOR,Excluded / non-forest,False,False,False,False
182754980-119800,WAT,2007,DIGITALA,0,,,0,NONE,NONE,NONE,109621,False,4.918497630798439,False,False,0,False,not_FOR,Excluded / non-forest,False,False,False,False
182754980-029060,FOR,2007,DIGITALP,1987,Bw  40PO  30Bf  10Sw  10Pr  10,Bw,20,NONE,NONE,NONE,109622,False,3.0232876947341243,False,True,20,True,usable,1–20,False,False,False,False
182754980-030186,FOR,2007,DIGITALP,1972,Bf  50Sw  30PO  10Sb  10,Bf,35,NONE,NONE,NONE,109623,False,7.132906387892628,False,True,35,True,usable,21–40,False,False,False,False
182754980-029061,FOR,2007,DIGITALP,1897,Mh  50Mr  20PO  10Bd  10Aw  10,Mh,110,NONE,NONE,NONE,109624,False,22.518182948416555,False,True,110,True,usable,101–150,True,True,True,True
182754980-029182,FOR,2007,DIGITALP,1917,PO  80Bw  10Sw  10,PO,90,NONE,NONE,NONE,109625,False,15.007369250187933,False,True,90,True,usable,81–100,True,True,True,False
182754980-029186,FOR,2007,DIGITALP,1967,Ab  30Bw  20PO  20Bf  10Sw  10Pr  10,Ab,40,NONE,NONE,NONE,109626,False,14.644568964322202,False,True,40,True,usable,21–40,False,False,False,False
182754980-027055,OMS,2007,DIGITALP,0,,,0,NONE,NONE,NONE,109627,False,4.181692489454863,False,False,0,False,not_FOR,Excluded / non-forest,False,False,False,False
182754980-029185,FOR,2007,DIGITALP,1917,PO  70Bw  10Sw  10Ab  10,PO,90,NONE,NONE,NONE,109628,False,15.305170754756737,False,True,90,True,usable,81–100,True,True,True,False
827989093,FOR,2007,DIGITALP,1957,Pw  80Sw  10Pt  10,Pw,50,NONE,NONE,NONE,109629,False,13.734627044980751,False,True,50,True,usable,41–60,False,False,False,False
182754985-119898,WAT,2007,DIGITALA,0,,,0,NONE,NONE,NONE,109630,False,12.039900273337265,False,False,0,False,not_FOR,Excluded / non-forest,False,False,False,False
182754985-027604,OMS,2007,DIGITALP,0,,,0,NONE,NONE,NONE,109631,False,11.91864864199968,False,False,0,False,not_FOR,Excluded / non-forest,False,False,False,False
182754985-030110,FOR,2007,DIGITALP,1937,PO  30Bw  30Pr  10Pw  10He  10Sw  10,PO,70,NONE,NONE,NONE,109632,False,22.62459170369483,False,True,70,True,usable,61–80,True,False,False,False
182754985-028360,FOR,2007,DIGITALP,1932,PO  40Bw  20Mr  10He  10Mh  10Bd  10,PO,75,NONE,NONE,NONE,109633,False,11.550215077628827,False,True,75,True,usable,61–80,True,False,False,False
182754985-028361,FOR,2007,DIGITALP,1972,Pr 100,Pr,35,NONE,NONE,NONE,109634,False,5.213000173436779,False,True,35,True,usable,21–40,False,False,False,False
182754985-119952,WAT,2007,DIGITALA,0,,,0,NONE,NONE,NONE,109635,False,11.144249714086472,False,False,0,False,not_FOR,Excluded / non-forest,False,False,False,False
182754985-028356,FOR,2007,DIGITALP,1917,Mh  20Mr  20Bd  20Aw  20PO  10Pw  10,Mh,90,NONE,NONE,NONE,109636,False,19.23753854029255,False,True,90,True,usable,81–100,True,True,True,False
827989096,FOR,2007,DIGITALP,1907,Pw  30Bw  20Pl  20Mr  20Cw  10,Pw,100,NONE,NONE,NONE,109637,False,14.039417541566833,False,True,100,True,usable,81–100,True,True,True,True
182754985-027730,OMS,2007,DIGITALP,0,,,0,NONE,NONE,NONE,109638,False,0.8462120115156889,False,False,0,False,not_FOR,Excluded / non-forest,False,False,False,False
182754985-027326,FOR,2007,DIGITALP,1927,Mh  20Mr  20Pw  10He  10PO  10Bw  10Sw  10Bd  10,Mh,80,NONE,NONE,NONE,109639,False,13.303122178746104,False,True,80,True,usable,61–80,True,True,False,False
827989012,WAT,2007,DIGITALA,0,,,0,NONE,NONE,NONE,109640,False,0.4314232212569842,False,False,0,False,not_FOR,Excluded / non-forest,False,False,False,False
182754985-030119,FOR,2007,DIGITALP,1907,Mh  30Mr  20Bd  20Aw  20PO  10,Mh,100,NONE,NONE,NONE,109641,False,48.20527709283596,False,True,100,True,usable,81–100,True,True,True,True
182754985-134112,UCL,2007,DIGITALP,0,,,0,NONE,NONE,NONE,109642,False,10.74792238581359,False,False,0,False,not_FOR,Excluded / non-forest,False,False,False,False
182754985-028215,FOR,2007,DIGITALP,1917,Mr  20Aw  20PO  20Mh  10Bd  10Pw  10Bw  10,Mr,90,NONE,NONE,NONE,109643,False,10.13318663850143,False,True,90,True,usable,81–100,True,True,True,False
182754985-028214,FOR,2007,DIGITALP,1907,Mh  30Mr  20Bd  20Aw  20PO  10,Mh,100,NONE,NONE,NONE,109644,False,18.962599452786502,False,True,100,True,usable,81–100,True,True,True,True
182754985-120069,WAT,2007,DIGITALA,0,,,0,NONE,NONE,NONE,109645,False,173.75902529181894,False,False,0,False,not_FOR,Excluded / non-forest,False,False,False,False
182754990-026033,FOR,2007,DIGITALP,1977,Bw  60PO  20Bf  10Sw  10,Bw,30,NONE,NONE,NONE,109646,False,6.768818788040918,False,True,30,True,usable,21–40,False,False,False,False
827999079,FOR,2007,DIGITALP,1957,Pw  30Pt  20Bw  20Mh  10Bf  10Sw  10,Pw,50,NONE,NONE,NONE,109688,False,15.126847270038049,False,True,50,True,usable,41–60,False,False,False,False
182754990-023132,FOR,2007,DIGITALP,1937,Mr  20PO  20Mh  10Sw  10Bw  10By  10Cw  10Pw  10,Mr,70,NONE,NONE,NONE,109689,False,21.96495513541383,False,True,70,True,usable,61–80,True,False,False,False
182754990-022578,FOR,2007,DIGITALP,1917,PO  20Mr  20Bd  20Mh  20Bw  10Aw  10,PO,90,NONE,NONE,NONE,109690,False,31.486327931333363,False,True,90,True,usable,81–100,True,True,True,False
182754990-023445,FOR,2007,DIGITALP,1937,Bw  30PO  30Mr  20Sw  10Mh  10,Bw,70,NONE,NONE,NONE,109691,False,25.027091007342868,False,True,70,True,usable,61–80,True,False,False,False
182754990-134207,UCL,2007,DIGITALP,0,,,0,NONE,NONE,NONE,109692,False,8.18294874303606,False,False,0,False,not_FOR,Excluded / non-forest,False,False,False,False
182754990-025278,FOR,2007,DIGITALP,1927,Mr  30He  20Bd  10Bw  10Mh  10Bf  10Sw  10,Mr,80,NONE,NONE,NONE,109693,False,11.529500014685356,False,True,80,True,usable,61–80,True,True,False,False
182754990-025276,FOR,2007,DIGITALP,1927,Or  30Mr  20Bd  20Be  10Mh  10Iw  10,Or,80,NONE,NONE,NONE,109694,False,22.776960431751267,False,True,80,True,usable,61–80,True,True,False,False
182754995-120326,WAT,2007,DIGITALA,0,,,0,NONE,NONE,NONE,109695,False,41.94820804855945,False,False,0,False,not_FOR,Excluded / non-forest,False,False,False,False
182754995-025264,FOR,2007,DIGITALP,1927,Mr  20Bd  20PO  20Mh  10Aw  10Bw  10Sw  10,Mr,80,NONE,NONE,NONE,109696,False,19.136378541090718,False,True,80,True,usable,61–80,True,True,False,False
182754995-022162,FOR,2007,DIGITALP,1957,PO  60Bw  20Mr  10Sw  10,PO,50,NONE,NONE,NONE,109697,False,38.71043964556856,False,True,50,True,usable,41–60,False,False,False,False
182754980-031523,FOR,2007,DIGITALP,1927,Mr  30Bd  20Mh  20Bw  10PO  10Aw  10,Mr,80,NONE,NONE,NONE,109699,False,18.22144285874358,False,True,80,True,usable,61–80,True,True,False,False
182754985-134094,UCL,2007,DIGITALP,0,,,0,NONE,NONE,NONE,109700,False,49.397247852601296,False,False,0,False,not_FOR,Excluded / non-forest,False,False,False,False
182754985-028357,FOR,2007,DIGITALP,1927,Mr  20Pw  20Mh  10He  10PO  10Bw  10Sw  10Bd  10,Mr,80,NONE,NONE,NONE,109701,False,14.132037203638223,False,True,80,True,usable,61–80,True,True,False,False
182754985-024725,FOR,2007,DIGITALP,1927,Or  40Bd  20Aw  10Iw  10PO  10Mh  10,Or,80,NONE,NONE,NONE,109702,False,30.77431292400996,False,True,80,True,usable,61–80,True,True,False,False
182754985-023061,FOR,2007,DIGITALP,1917,Mh  40Mr  20Bd  20PO  10Aw  10,Mh,90,NONE,NONE,NONE,109703,False,32.255809861490214,False,True,90,True,usable,81–100,True,True,True,False
182754985-024716,FOR,2007,DIGITALP,1917,Mh  60Mr  20Bd  10Aw  10,Mh,90,NONE,NONE,NONE,109704,False,43.621478890986474,False,True,90,True,usable,81–100,True,True,True,False
182754985-024722,FOR,2007,DIGITALP,1927,PO  40He  20Mh  10Mr  10Pw  10Sw  10,PO,80,NONE,NONE,NONE,109705,False,24.755901698451726,False,True,80,True,usable,61–80,True,True,False,False
182754985-134168,UCL,2007,DIGITALP,0,,,0,NONE,NONE,NONE,109706,False,121.49014306301747,False,False,0,False,not_FOR,Excluded / non-forest,False,False,False,False
182655000-017128,FOR,2007,SUPINFO,1927,PO  30Bw  20Mh  20Mr  20Bf  10,PO,80,NONE,NONE,NONE,109788,False,0.9705990113018533,False,True,80,True,usable,61–80,True,True,False,False
182655000-017150,FOR,2007,DIGITALP,1917,PO  20Mr  20Mh  20Bf  10Or  10Sw  10Pw  10,PO,90,NONE,NONE,NONE,109789,False,11.427570750151908,False,True,90,True,usable,81–100,True,True,True,False
182655000-115716,WAT,2007,DIGITALA,0,,,0,NONE,NONE,NONE,109790,False,5.561396771928474,False,False,0,False,not_FOR,Excluded / non-forest,False,False,False,False
182655000-017138,FOR,2007,DIGITALP,1917,Mh  40Mr  20Bd  10Aw  10PO  10Bw  10,Mh,90,NONE,NONE,NONE,109791,False,28.743795904697787,False,True,90,True,usable,81–100,True,True,True,False
182655000-017154,FOR,2007,DIGITALP,1927,Mh  30Mr  20Bd  20PO  10Aw  10He  10,Mh,80,NONE,NONE,NONE,109792,False,15.237869576769947,False,True,80,True,usable,61–80,True,True,False,False
182655000-017127,FOR,2007,DIGITALP,1927,PO  50Bw  10Bf  10Sw  10Mr  10Pw  10,PO,80,NONE,NONE,NONE,109795,False,1.910786874006597,False,True,80,True,usable,61–80,True,True,False,False
182654995-017149,FOR,2007,DIGITALP,1917,PO  30Mr  20Mh  10Bf  10Bw  10Sw  10Pw  10,PO,90,NONE,NONE,NONE,109797,False,58.078971178209336,False,True,90,True,usable,81–100,True,True,True,False
182654995-017137,FOR,2007,DIGITALP,1917,Mh  20Mr  20Bd  10Aw  10PO  10He  10Bw  10Sw  10,Mh,90,DAMG,NONE,NONE,109799,False,49.35035643780594,False,True,90,True,usable,81–100,True,True,True,False
182655000-017139,FOR,2007,DIGITALP,1917,Mh  40Mr  20Bd  10Aw  10Bw  10Sw  10,Mh,90,DAMG,NONE,NONE,109800,False,31.459056910015008,False,True,90,True,usable,81–100,True,True,True,False
182654995-017142,FOR,2007,SUPINFO,1917,Mh  40Mr  20Pw  10Sw  10He  10Bd  10,Mh,90,NONE,NONE,NONE,109801,False,53.19866591650726,False,True,90,True,usable,81–100,True,True,True,False
826009028,FOR,2007,SUPINFO,1927,Mr  30Pw  20Mh  20Sb  10Or  10He  10,Mr,80,NONE,NONE,NONE,109802,False,46.23191464480453,False,True,80,True,usable,61–80,True,True,False,False
182654995-134403,UCL,2007,DIGITALP,0,,,0,NONE,NONE,NONE,109803,False,49.05953698930497,False,False,0,False,not_FOR,Excluded / non-forest,False,False,False,False
177305000-120550,WAT,2007,DIGITALA,0,,,0,NONE,NONE,NONE,109804,False,672.5782590157737,False,False,0,False,not_FOR,Excluded / non-forest,False,False,False,False
182704995-120539,WAT,2007,DIGITALA,0,,,0,NONE,NONE,NONE,109805,False,0.9310574043061295,False,False,0,False,not_FOR,Excluded / non-forest,False,False,False,False
182754995-014908,OMS,2007,DIGITALP,0,,,0,NONE,NONE,NONE,109806,False,1.0413541334511758,False,False,0,False,not_FOR,Excluded / non-forest,False,False,False,False
182754995-017186,FOR,2007,DIGITALP,1927,Mh  20Mr  20Bw  20PO  20Bd  10Sw  10,Mh,80,NONE,NONE,NONE,109807,False,34.33881567890002,False,True,80,True,usable,61–80,True,True,False,False
182754995-115687,WAT,2007,DIGITALA,0,,,0,NONE,NONE,NONE,109808,False,0.9692188440398959,False,False,0,False,not_FOR,Excluded / non-forest,False,False,False,False
182704995-022046,FOR,2007,DIGITALP,1957,Bw  20Bf  20Sb  20Sw  20Cw  10PO  10,Bw,50,NONE,NONE,NONE,109809,False,36.30088554696941,False,True,50,True,usable,41–60,False,False,False,False
182754995-022014,OMS,2007,DIGITALP,0,,,0,NONE,NONE,NONE,109810,False,5.980779415809481,False,False,0,False,not_FOR,Excluded / non-forest,False,False,False,False
182754995-134363,UCL,2007,DIGITALP,0,,,0,NONE,NONE,NONE,109811,False,9.012077192117111,False,False,0,False,not_FOR,Excluded / non-forest,False,False,False,False
182754995-017197,FOR,2007,DIGITALP,1927,Mh  30PO  20Mr  20Bd  10Aw  10Cb  10,Mh,80,NONE,NONE,NONE,109812,False,37.012937876112844,False,True,80,True,usable,61–80,True,True,False,False
182754995-015716,FOR,2007,DIGITALP,1957,Sb  30Cw  20Bf  20Ab  10Bw  10La  10,Sb,50,WETT,NONE,NONE,109813,False,22.294395587920185,False,True,50,True,usable,41–60,False,False,False,False
182754995-014909,BSH,2007,DIGITALP,0,,,0,NONE,NONE,NONE,109814,False,4.608596646143092,False,False,0,False,not_FOR,Excluded / non-forest,False,False,False,False
182754995-014911,OMS,2007,DIGITALP,0,,,0,NONE,NONE,NONE,109815,False,6.423819752355527,False,False,0,False,not_FOR,Excluded / non-forest,False,False,False,False
182754995-017185,FOR,2007,DIGITALP,1917,PO  70Sw  10Bw  10Bf  10,PO,90,NONE,NONE,NONE,109816,False,42.055310767055445,False,True,90,True,usable,81–100,True,True,True,False
182704995-013924,BSH,2007,DIGITALP,0,,,0,NONE,NONE,NONE,109817,False,25.136227865402176,False,False,0,False,not_FOR,Excluded / non-forest,False,False,False,False
827009059,FOR,2007,DIGITALP,1907,Sw  40Pw  20Pt  20Bw  10Bf  10,Sw,100,SHRB,NONE,NONE,109818,False,7.250782875048348,False,True,100,True,usable,81–100,True,True,True,True
182704995-022159,FOR,2007,DIGITALP,1917,Mh  30Mr  20PO  20Bd  20Aw  10,Mh,90,NONE,NONE,NONE,109819,False,28.32342118100819,False,True,90,True,usable,81–100,True,True,True,False
182654995-017153,FOR,2007,DIGITALP,1917,Mh  60Mr  10Bd  10PO  10Aw  10,Mh,90,NONE,NONE,NONE,109820,False,66.54852783981164,False,True,90,True,usable,81–100,True,True,True,False
182704995-017170,FOR,2007,DIGITALP,1917,PO  30Mh  20Bd  20Or  20Mr  10,PO,90,NONE,NONE,NONE,109821,False,10.564930507420957,False,True,90,True,usable,81–100,True,True,True,False
182704995-017162,FOR,2007,DIGITALP,1927,Mh  30Bd  20Aw  20PO  10Mr  10Bw  10,Mh,80,NONE,NONE,NONE,109822,False,21.406217991351713,False,True,80,True,usable,61–80,True,True,False,False
182705000-017159,FOR,2007,DIGITALP,1927,Mr  30PO  20Mh  20Bd  20Aw  10,Mr,80,NONE,NONE,NONE,109823,False,96.15486638932109,False,True,80,True,usable,61–80,True,True,False,False
182704995-017166,FOR,2007,DIGITALP,1927,PO  20Mr  20Mh  20Bd  20Aw  10Cb  10,PO,80,NONE,NONE,NONE,109824,False,39.240293290387186,False,True,80,True,usable,61–80,True,True,False,False
182704995-017181,FOR,2007,DIGITALP,1927,PO  60Mr  10Bd  10Mh  10Bw  10,PO,80,NONE,NONE,NONE,109825,False,20.529643216831396,False,True,80,True,usable,61–80,True,True,False,False
182705000-017164,FOR,2007,DIGITALP,1927,PO  80Mr  10Pr  10,PO,80,NONE,NONE,NONE,109826,False,16.173046775334353,False,True,80,True,usable,61–80,True,True,False,False
182705000-020225,FOR,2007,DIGITALP,1927,PO  80Mr  10Pr  10,PO,80,NONE,NONE,NONE,109827,False,29.067255038943554,False,True,80,True,usable,61–80,True,True,False,False
182755000-022045,FOR,2007,DIGITALP,1937,Bf  40Sb  40Sw  20,Bf,70,NONE,NONE,NONE,109828,False,45.675034511544496,False,True,70,True,usable,61–80,True,False,False,False
182704995-017182,FOR,2007,DIGITALP,1937,PO  50Mr  10Bd  10Mh  10Or  10Iw  10,PO,70,NONE,NONE,NONE,109829,False,13.07023570956483,False,True,70,True,usable,61–80,True,False,False,False
182704995-017172,FOR,2007,DIGITALP,1937,PO  80Bw  10Pw  10,PO,70,NONE,NONE,NONE,109830,False,35.31996781848598,False,True,70,True,usable,61–80,True,False,False,False
182654995-017155,FOR,2007,DIGITALP,1947,PO  40Bw  20Mh  20Mr  10Pr  10,PO,60,NONE,NONE,NONE,109831,False,25.29607457730933,False,True,60,True,usable,41–60,True,False,False,False
182704995-015781,OMS,2007,DIGITALP,0,,,0,NONE,NONE,NONE,109832,False,7.759209199666606,False,False,0,False,not_FOR,Excluded / non-forest,False,False,False,False
182704995-134371,UCL,2007,DIGITALP,0,,,0,NONE,NONE,NONE,109833,False,31.357325773772626,False,False,0,False,not_FOR,Excluded / non-forest,False,False,False,False
182704995-134382,UCL,2007,DIGITALP,0,,,0,NONE,NONE,NONE,109834,False,11.306556740316632,False,False,0,False,not_FOR,Excluded / non-forest,False,False,False,False
182704995-120538,WAT,2007,DIGITALA,0,,,0,NONE,NONE,NONE,109835,False,14.055653726499408,False,False,0,False,not_FOR,Excluded / non-forest,False,False,False,False
182705000-120546,WAT,2007,DIGITALA,0,,,0,NONE,NONE,NONE,109836,False,12.936905670993122,False,False,0,False,not_FOR,Excluded / non-forest,False,False,False,False
182754980-119746,WAT,2007,DIGITALA,0,,,0,NONE,NONE,NONE,109837,False,0.2777008892488586,False,False,0,False,not_FOR,Excluded / non-forest,False,False,False,False
182754985-028218,FOR,2007,DIGITALP,1917,Mr  20Aw  20PO  20Mh  10Bd  10Pw  10He  10,Mr,90,NONE,NONE,NONE,109838,False,17.050554330130932,False,True,90,True,usable,81–100,True,True,True,False
182804990-120543,WAT,2007,DIGITALA,0,,,0,NONE,NONE,NONE,109839,False,148.5212197911766,False,False,0,False,not_FOR,Excluded / non-forest,False,False,False,False
182804990-138560,UCL,2007,DIGITALP,0,,,0,NONE,NONE,NONE,109844,True,180.49130679282447,False,False,0,False,not_FOR,Excluded / non-forest,False,False,False,False
182754995-022163,FOR,2007,DIGITALP,1947,PO  30Bw  30Mr  20He  10Mh  10,PO,60,NONE,NONE,NONE,109845,False,29.43343201943896,False,True,60,True,usable,41–60,True,False,False,False
182754995-017199,FOR,2007,DIGITALP,1927,Mr  40Mh  20Be  10PO  10Bd  10Bw  10,Mr,80,NONE,NONE,NONE,109846,False,51.25355563079264,False,True,80,True,usable,61–80,True,True,False,False
182804995-017260,FOR,2007,DIGITALP,1927,Mh  40Bd  20Mr  20PO  10Aw  10,Mh,80,NONE,NONE,NONE,109853,False,16.063714135282616,False,True,80,True,usable,61–80,True,True,False,False
182804995-017227,FOR,2007,DIGITALP,1947,PO  40Bw  30Mr  20Mh  10,PO,60,NONE,NONE,NONE,109857,False,15.996072714610552,False,True,60,True,usable,41–60,True,False,False,False
182804995-017252,FOR,2007,DIGITALP,1947,Bf  30Bw  20Sw  20PO  10Mr  10He  10,Bf,60,NONE,NONE,NONE,109858,False,24.77046908026629,False,True,60,True,usable,41–60,True,False,False,False
182804995-017257,FOR,2007,DIGITALP,1937,PO  30Bw  20Bf  20Sw  20Mr  10,PO,70,NONE,NONE,NONE,109859,False,32.50189522385119,False,True,70,True,usable,61–80,True,False,False,False
182804995-017276,FOR,2007,DIGITALP,1937,Bw  30Sw  20PO  20Bf  10Pw  10Mr  10,Bw,70,NONE,NONE,NONE,109862,False,37.1710061903351,False,True,70,True,usable,61–80,True,False,False,False
182804995-022170,FOR,2007,DIGITALP,1937,Bf  30Bw  30Sw  20PO  10He  10,Bf,70,NONE,NONE,NONE,109863,False,40.976929151582425,False,True,70,True,usable,61–80,True,False,False,False
182854995-013810,BSH,2007,DIGITALP,0,,,0,NONE,NONE,NONE,109898,False,6.203107231427963,False,False,0,False,not_FOR,Excluded / non-forest,False,False,False,False
182804995-017225,FOR,2007,DIGITALP,1927,Mh  60Mr  20Aw  10Bd  10,Mh,80,NONE,NONE,NONE,109901,False,45.9189304642268,False,True,80,True,usable,61–80,True,True,False,False
182854995-015753,FOR,2007,DIGITALP,1937,Bw  30PO  30Bf  20Ms  10Sw  10,Bw,70,NONE,NONE,NONE,109902,False,1.5166617814597296,False,True,70,True,usable,61–80,True,False,False,False
182804995-017278,FOR,2007,DIGITALP,1937,Bw  30Sw  20PO  20Bf  10Pr  10Mr  10,Bw,70,NONE,NONE,NONE,109903,False,31.83843283370324,False,True,70,True,usable,61–80,True,False,False,False
182804995-017238,FOR,2007,DIGITALP,1937,PO  30Sw  30Bf  20Bw  10He  10,PO,70,NONE,NONE,NONE,109905,False,36.83961468874455,False,True,70,True,usable,61–80,True,False,False,False
182804995-014813,OMS,2007,DIGITALP,0,,,0,NONE,NONE,NONE,109907,False,16.878359486872966,False,False,0,False,not_FOR,Excluded / non-forest,False,False,False,False
182804995-022168,FOR,2007,DIGITALP,1937,Sw  30Bf  20Bw  20PO  20Mr  10,Sw,70,NONE,NONE,NONE,109908,False,63.028922828872176,False,True,70,True,usable,61–80,True,False,False,False
182804995-017237,FOR,2007,DIGITALP,1927,PO  50Mr  20Bw  10Mh  10Bf  10,PO,80,NONE,NONE,NONE,109909,False,14.531973993210343,False,True,80,True,usable,61–80,True,True,False,False
182804995-017241,FOR,2007,DIGITALP,1937,PO  20Mh  20Bw  20Mr  20Sw  10Pr  10,PO,70,NONE,NONE,NONE,109911,False,21.438644024985848,False,True,70,True,usable,61–80,True,False,False,False
182804995-017242,FOR,2007,DIGITALP,1937,PO  30Bw  30Mr  20Mh  10Sw  10,PO,70,NONE,NONE,NONE,109912,False,16.573280197362802,False,True,70,True,usable,61–80,True,False,False,False
182854995-022173,FOR,2007,DIGITALP,1927,PO  50Sw  20Bf  10Bw  10Ms  10,PO,80,NONE,NONE,NONE,109915,False,15.979214467874021,False,True,80,True,usable,61–80,True,True,False,False
182854995-138522,UCL,2007,DIGITALP,0,,,0,NONE,NONE,NONE,109929,False,1.129009956320829,False,False,0,False,not_FOR,Excluded / non-forest,False,False,False,False
827999021,WAT,2007,DIGITALA,0,,,0,NONE,NONE,NONE,109931,False,0.1837354362773835,False,False,0,False,not_FOR,Excluded / non-forest,False,False,False,False
182754995-014924,BSH,2007,DIGITALP,0,,,0,NONE,NONE,NONE,109932,False,3.340775679482183,False,False,0,False,not_FOR,Excluded / non-forest,False,False,False,False
182754995-017200,FOR,2007,DIGITALP,1917,Mr  30Mh  30Aw  10PO  10Bd  10Bw  10,Mr,90,NONE,NONE,NONE,109933,False,9.372015074397089,False,True,90,True,usable,81–100,True,True,True,False
182754995-017216,FOR,2007,DIGITALP,1937,PO  60Bw  20Mr  10Sw  10,PO,70,NONE,NONE,NONE,109934,False,7.464857013490259,False,True,70,True,usable,61–80,True,False,False,False
827999022,OMS,2007,DIGITALP,0,,,0,NONE,NONE,NONE,109935,False,2.802707355396928,False,False,0,False,not_FOR,Excluded / non-forest,False,False,False,False
182754995-017221,FOR,2007,DIGITALP,1927,Sw  20Mr  20Bw  20PO  10Bf  10Mh  10Cb  10,Sw,80,NONE,NONE,NONE,109936,False,20.526015546054403,False,True,80,True,usable,61–80,True,True,False,False
182754995-017222,FOR,2007,DIGITALP,1937,PO  30Sw  20Bw  20Mr  10He  10Bf  10,PO,70,NONE,NONE,NONE,109937,False,14.4893018198103,False,True,70,True,usable,61–80,True,False,False,False
182804995-015708,FOR,2007,DIGITALP,1947,Sw  20Bw  20PO  20Mr  10Ab  10Bf  10Mh  10,Sw,60,NONE,NONE,NONE,109938,False,18.88315459951131,False,True,60,True,usable,41–60,True,False,False,False
182754995-022166,FOR,2007,DIGITALP,1967,Bf  40Sw  30Sb  20Bw  10,Bf,40,NONE,NONE,NONE,109939,False,51.49397862589914,False,True,40,True,usable,21–40,False,False,False,False
